-- MySQL dump 10.17  Distrib 10.3.17-MariaDB, for debian-linux-gnu (x86_64)
--
-- Host: db    Database: SS_html
-- ------------------------------------------------------
-- Server version	5.7.27

/*!40101 SET @OLD_CHARACTER_SET_CLIENT=@@CHARACTER_SET_CLIENT */;
/*!40101 SET @OLD_CHARACTER_SET_RESULTS=@@CHARACTER_SET_RESULTS */;
/*!40101 SET @OLD_COLLATION_CONNECTION=@@COLLATION_CONNECTION */;
/*!40101 SET NAMES utf8mb4 */;
/*!40103 SET @OLD_TIME_ZONE=@@TIME_ZONE */;
/*!40103 SET TIME_ZONE='+00:00' */;
/*!40014 SET @OLD_UNIQUE_CHECKS=@@UNIQUE_CHECKS, UNIQUE_CHECKS=0 */;
/*!40014 SET @OLD_FOREIGN_KEY_CHECKS=@@FOREIGN_KEY_CHECKS, FOREIGN_KEY_CHECKS=0 */;
/*!40101 SET @OLD_SQL_MODE=@@SQL_MODE, SQL_MODE='NO_AUTO_VALUE_ON_ZERO' */;
/*!40111 SET @OLD_SQL_NOTES=@@SQL_NOTES, SQL_NOTES=0 */;

--
-- Current Database: `SS_html`
--

CREATE DATABASE /*!32312 IF NOT EXISTS*/ `SS_html` /*!40100 DEFAULT CHARACTER SET utf8 */;

USE `SS_html`;

--
-- Table structure for table `ChangeSet`
--

DROP TABLE IF EXISTS `ChangeSet`;
/*!40101 SET @saved_cs_client     = @@character_set_client */;
/*!40101 SET character_set_client = utf8 */;
CREATE TABLE `ChangeSet` (
  `ID` int(11) NOT NULL AUTO_INCREMENT,
  `ClassName` enum('SilverStripe\\Versioned\\ChangeSet') DEFAULT 'SilverStripe\\Versioned\\ChangeSet',
  `LastEdited` datetime DEFAULT NULL,
  `Created` datetime DEFAULT NULL,
  `Name` varchar(255) DEFAULT NULL,
  `State` enum('open','published','reverted') DEFAULT 'open',
  `IsInferred` tinyint(1) unsigned NOT NULL DEFAULT '0',
  `Description` mediumtext,
  `PublishDate` datetime DEFAULT NULL,
  `LastSynced` datetime DEFAULT NULL,
  `OwnerID` int(11) NOT NULL DEFAULT '0',
  `PublisherID` int(11) NOT NULL DEFAULT '0',
  PRIMARY KEY (`ID`),
  KEY `State` (`State`),
  KEY `ID` (`ID`),
  KEY `ClassName` (`ClassName`),
  KEY `OwnerID` (`OwnerID`),
  KEY `PublisherID` (`PublisherID`)
) ENGINE=InnoDB AUTO_INCREMENT=35 DEFAULT CHARSET=utf8;
/*!40101 SET character_set_client = @saved_cs_client */;

--
-- Dumping data for table `ChangeSet`
--

LOCK TABLES `ChangeSet` WRITE;
/*!40000 ALTER TABLE `ChangeSet` DISABLE KEYS */;
INSERT INTO `ChangeSet` VALUES (1,'SilverStripe\\Versioned\\ChangeSet','2019-10-15 05:52:23','2019-10-15 05:52:23','Generated by publish of \'Find a Rental\' at Oct 15, 2019, 5:52 AM','published',1,NULL,'2019-10-15 05:52:23','2019-10-15 05:52:23',0,1),(2,'SilverStripe\\Versioned\\ChangeSet','2019-10-15 05:54:16','2019-10-15 05:54:15','Generated by publish of \'List Your Rental\' at Oct 15, 2019, 5:54 AM','published',1,NULL,'2019-10-15 05:54:16','2019-10-15 05:54:15',0,1),(3,'SilverStripe\\Versioned\\ChangeSet','2019-10-15 05:56:18','2019-10-15 05:56:18','Generated by publish of \'Regions\' at Oct 15, 2019, 5:56 AM','published',1,NULL,'2019-10-15 05:56:18','2019-10-15 05:56:18',0,1),(4,'SilverStripe\\Versioned\\ChangeSet','2019-10-15 05:58:41','2019-10-15 05:58:40','Generated by publish of \'Find a Rental\' at Oct 15, 2019, 5:58 AM','published',1,NULL,'2019-10-15 05:58:41','2019-10-15 05:58:41',0,1),(5,'SilverStripe\\Versioned\\ChangeSet','2019-10-15 05:59:28','2019-10-15 05:59:27','Generated by publish of \'List Your Rental\' at Oct 15, 2019, 5:59 AM','published',1,NULL,'2019-10-15 05:59:28','2019-10-15 05:59:27',0,1),(6,'SilverStripe\\Versioned\\ChangeSet','2019-10-15 06:01:20','2019-10-15 06:01:20','Generated by publish of \'Travel Guides\' at Oct 15, 2019, 6:01 AM','published',1,NULL,'2019-10-15 06:01:20','2019-10-15 06:01:20',0,1),(7,'SilverStripe\\Versioned\\ChangeSet','2019-10-15 09:49:10','2019-10-15 09:49:10','Generated by publish of \'Regions\' at Oct 15, 2019, 9:49 AM','published',1,NULL,'2019-10-15 09:49:10','2019-10-15 09:49:10',0,1),(8,'SilverStripe\\Versioned\\ChangeSet','2019-10-15 09:50:17','2019-10-15 09:50:17','Generated by publish of \'Travel Guides\' at Oct 15, 2019, 9:50 AM','published',1,NULL,'2019-10-15 09:50:17','2019-10-15 09:50:17',0,1),(9,'SilverStripe\\Versioned\\ChangeSet','2019-10-15 09:51:18','2019-10-15 09:51:18','Generated by publish of \'About Us\' at Oct 15, 2019, 9:51 AM','published',1,NULL,'2019-10-15 09:51:18','2019-10-15 09:51:18',0,1),(10,'SilverStripe\\Versioned\\ChangeSet','2019-10-15 09:52:33','2019-10-15 09:52:32','Generated by publish of \'Contact Us\' at Oct 15, 2019, 9:52 AM','published',1,NULL,'2019-10-15 09:52:33','2019-10-15 09:52:33',0,1),(11,'SilverStripe\\Versioned\\ChangeSet','2019-10-15 10:00:17','2019-10-15 10:00:17','Generated by publish of \'Sample Article 1\' at Oct 15, 2019, 10:00 AM','published',1,NULL,'2019-10-15 10:00:17','2019-10-15 10:00:17',0,1),(12,'SilverStripe\\Versioned\\ChangeSet','2019-10-15 10:03:36','2019-10-15 10:03:36','Generated by publish of \'Sample Article 2\' at Oct 15, 2019, 10:03 AM','published',1,NULL,'2019-10-15 10:03:36','2019-10-15 10:03:36',0,1),(13,'SilverStripe\\Versioned\\ChangeSet','2019-10-15 10:06:26','2019-10-15 10:06:26','Generated by publish of \'Sample Article 3\' at Oct 15, 2019, 10:06 AM','published',1,NULL,'2019-10-15 10:06:26','2019-10-15 10:06:26',0,1),(14,'SilverStripe\\Versioned\\ChangeSet','2019-10-15 10:28:48','2019-10-15 10:28:48','Generated by publish of \'Travel Guides\' at Oct 15, 2019, 10:28 AM','published',1,NULL,'2019-10-15 10:28:48','2019-10-15 10:28:48',0,1),(15,'SilverStripe\\Versioned\\ChangeSet','2019-10-15 10:31:40','2019-10-15 10:31:40','Generated by publish of \'Sample Article 1\' at Oct 15, 2019, 10:31 AM','published',1,NULL,'2019-10-15 10:31:40','2019-10-15 10:31:40',0,1),(16,'SilverStripe\\Versioned\\ChangeSet','2019-10-15 10:36:02','2019-10-15 10:36:02','Generated by publish of \'Sample Article 2\' at Oct 15, 2019, 10:36 AM','published',1,NULL,'2019-10-15 10:36:02','2019-10-15 10:36:02',0,1),(17,'SilverStripe\\Versioned\\ChangeSet','2019-10-15 10:37:26','2019-10-15 10:37:26','Generated by publish of \'Sample Article 3\' at Oct 15, 2019, 10:37 AM','published',1,NULL,'2019-10-15 10:37:26','2019-10-15 10:37:26',0,1),(18,'SilverStripe\\Versioned\\ChangeSet','2019-10-16 10:04:20','2019-10-16 10:04:19','Generated by publish of \'Ireland\' at Oct 16, 2019, 10:04 AM','published',1,NULL,'2019-10-16 10:04:20','2019-10-16 10:04:20',0,1),(19,'SilverStripe\\Versioned\\ChangeSet','2019-10-16 10:14:27','2019-10-16 10:14:27','Generated by publish of \'Sample Article 1\' at Oct 16, 2019, 10:14 AM','published',1,NULL,'2019-10-16 10:14:27','2019-10-16 10:14:27',0,1),(20,'SilverStripe\\Versioned\\ChangeSet','2019-10-16 10:15:16','2019-10-16 10:15:16','Generated by publish of \'Sample Article 1\' at Oct 16, 2019, 10:15 AM','published',1,NULL,'2019-10-16 10:15:16','2019-10-16 10:15:16',0,1),(21,'SilverStripe\\Versioned\\ChangeSet','2019-10-16 10:27:21','2019-10-16 10:27:21','Generated by publish of \'Sample Article 2\' at Oct 16, 2019, 10:27 AM','published',1,NULL,'2019-10-16 10:27:21','2019-10-16 10:27:21',0,1),(22,'SilverStripe\\Versioned\\ChangeSet','2019-10-16 10:28:26','2019-10-16 10:28:26','Generated by publish of \'Sample Article 3\' at Oct 16, 2019, 10:28 AM','published',1,NULL,'2019-10-16 10:28:26','2019-10-16 10:28:26',0,1),(23,'SilverStripe\\Versioned\\ChangeSet','2019-10-17 02:37:17','2019-10-17 02:37:16','Generated by publish of \'Regions\' at Oct 17, 2019, 2:37 AM','published',1,NULL,'2019-10-17 02:37:17','2019-10-17 02:37:16',0,1),(24,'SilverStripe\\Versioned\\ChangeSet','2019-10-17 02:37:17','2019-10-17 02:37:16','Generated by publish of \'Regions\' at Oct 17, 2019, 2:37 AM','published',1,NULL,'2019-10-17 02:37:17','2019-10-17 02:37:16',0,1),(25,'SilverStripe\\Versioned\\ChangeSet','2019-10-17 03:08:27','2019-10-17 03:08:27','Generated by publish of \'Business\' at Oct 17, 2019, 3:08 AM','published',1,NULL,'2019-10-17 03:08:27','2019-10-17 03:08:27',0,1),(26,'SilverStripe\\Versioned\\ChangeSet','2019-10-17 03:08:48','2019-10-17 03:08:48','Generated by publish of \'Commercial\' at Oct 17, 2019, 3:08 AM','published',1,NULL,'2019-10-17 03:08:48','2019-10-17 03:08:48',0,1),(27,'SilverStripe\\Versioned\\ChangeSet','2019-10-17 03:09:12','2019-10-17 03:09:12','Generated by publish of \'Land\' at Oct 17, 2019, 3:09 AM','published',1,NULL,'2019-10-17 03:09:12','2019-10-17 03:09:12',0,1),(28,'SilverStripe\\Versioned\\ChangeSet','2019-10-17 03:09:30','2019-10-17 03:09:30','Generated by publish of \'Loans\' at Oct 17, 2019, 3:09 AM','published',1,NULL,'2019-10-17 03:09:30','2019-10-17 03:09:30',0,1),(29,'SilverStripe\\Versioned\\ChangeSet','2019-10-17 03:09:50','2019-10-17 03:09:50','Generated by publish of \'News and Updates\' at Oct 17, 2019, 3:09 AM','published',1,NULL,'2019-10-17 03:09:50','2019-10-17 03:09:50',0,1),(30,'SilverStripe\\Versioned\\ChangeSet','2019-10-17 03:10:11','2019-10-17 03:10:11','Generated by publish of \'Properties for Sale\' at Oct 17, 2019, 3:10 AM','published',1,NULL,'2019-10-17 03:10:11','2019-10-17 03:10:11',0,1),(31,'SilverStripe\\Versioned\\ChangeSet','2019-10-17 03:10:29','2019-10-17 03:10:29','Generated by publish of \'Real Estate\' at Oct 17, 2019, 3:10 AM','published',1,NULL,'2019-10-17 03:10:29','2019-10-17 03:10:29',0,1),(32,'SilverStripe\\Versioned\\ChangeSet','2019-10-17 03:21:47','2019-10-17 03:21:47','Generated by publish of \'Sample Article 1\' at Oct 17, 2019, 3:21 AM','published',1,NULL,'2019-10-17 03:21:47','2019-10-17 03:21:47',0,1),(33,'SilverStripe\\Versioned\\ChangeSet','2019-10-17 03:22:53','2019-10-17 03:22:53','Generated by publish of \'Sample Article 2\' at Oct 17, 2019, 3:22 AM','published',1,NULL,'2019-10-17 03:22:53','2019-10-17 03:22:53',0,1),(34,'SilverStripe\\Versioned\\ChangeSet','2019-10-17 03:24:24','2019-10-17 03:24:24','Generated by publish of \'Sample Article 3\' at Oct 17, 2019, 3:24 AM','published',1,NULL,'2019-10-17 03:24:24','2019-10-17 03:24:24',0,1);
/*!40000 ALTER TABLE `ChangeSet` ENABLE KEYS */;
UNLOCK TABLES;

--
-- Table structure for table `ChangeSetItem`
--

DROP TABLE IF EXISTS `ChangeSetItem`;
/*!40101 SET @saved_cs_client     = @@character_set_client */;
/*!40101 SET character_set_client = utf8 */;
CREATE TABLE `ChangeSetItem` (
  `ID` int(11) NOT NULL AUTO_INCREMENT,
  `ClassName` enum('SilverStripe\\Versioned\\ChangeSetItem') DEFAULT 'SilverStripe\\Versioned\\ChangeSetItem',
  `LastEdited` datetime DEFAULT NULL,
  `Created` datetime DEFAULT NULL,
  `VersionBefore` int(11) NOT NULL DEFAULT '0',
  `VersionAfter` int(11) NOT NULL DEFAULT '0',
  `Added` enum('explicitly','implicitly') DEFAULT 'implicitly',
  `ChangeSetID` int(11) NOT NULL DEFAULT '0',
  `ObjectID` int(11) NOT NULL DEFAULT '0',
  `ObjectClass` enum('SilverStripe\\Example\\ArticleCategory','SilverStripe\\Example\\ArticleComment','SilverStripe\\Example\\Region','SilverStripe\\Assets\\File','SilverStripe\\SiteConfig\\SiteConfig','SilverStripe\\Versioned\\ChangeSet','SilverStripe\\Versioned\\ChangeSetItem','SilverStripe\\Assets\\Shortcodes\\FileLink','SilverStripe\\CMS\\Model\\SiteTree','SilverStripe\\CMS\\Model\\SiteTreeLink','SilverStripe\\Security\\Group','SilverStripe\\Security\\LoginAttempt','SilverStripe\\Security\\Member','SilverStripe\\Security\\MemberPassword','SilverStripe\\Security\\Permission','SilverStripe\\Security\\PermissionRole','SilverStripe\\Security\\PermissionRoleCode','SilverStripe\\Security\\RememberLoginHash','SilverStripe\\Assets\\Folder','SilverStripe\\Assets\\Image','Page','SilverStripe\\Example\\ArticleHolder','SilverStripe\\Example\\ArticlePage','SilverStripe\\Example\\HomePage','SilverStripe\\Example\\RegionsPage','SilverStripe\\ErrorPage\\ErrorPage','SilverStripe\\CMS\\Model\\RedirectorPage','SilverStripe\\CMS\\Model\\VirtualPage') DEFAULT 'SilverStripe\\Example\\ArticleCategory',
  PRIMARY KEY (`ID`),
  UNIQUE KEY `ObjectUniquePerChangeSet` (`ObjectID`,`ObjectClass`,`ChangeSetID`),
  KEY `ClassName` (`ClassName`),
  KEY `ChangeSetID` (`ChangeSetID`),
  KEY `Object` (`ObjectID`,`ObjectClass`)
) ENGINE=InnoDB AUTO_INCREMENT=57 DEFAULT CHARSET=utf8;
/*!40101 SET character_set_client = @saved_cs_client */;

--
-- Dumping data for table `ChangeSetItem`
--

LOCK TABLES `ChangeSetItem` WRITE;
/*!40000 ALTER TABLE `ChangeSetItem` DISABLE KEYS */;
INSERT INTO `ChangeSetItem` VALUES (1,'SilverStripe\\Versioned\\ChangeSetItem','2019-10-15 05:52:23','2019-10-15 05:52:23',0,3,'explicitly',1,6,'SilverStripe\\CMS\\Model\\SiteTree'),(2,'SilverStripe\\Versioned\\ChangeSetItem','2019-10-15 05:54:16','2019-10-15 05:54:15',0,3,'explicitly',2,7,'SilverStripe\\CMS\\Model\\SiteTree'),(3,'SilverStripe\\Versioned\\ChangeSetItem','2019-10-15 05:56:18','2019-10-15 05:56:18',0,3,'explicitly',3,8,'SilverStripe\\CMS\\Model\\SiteTree'),(4,'SilverStripe\\Versioned\\ChangeSetItem','2019-10-15 05:58:41','2019-10-15 05:58:40',3,5,'explicitly',4,6,'SilverStripe\\CMS\\Model\\SiteTree'),(5,'SilverStripe\\Versioned\\ChangeSetItem','2019-10-15 05:59:28','2019-10-15 05:59:27',3,5,'explicitly',5,7,'SilverStripe\\CMS\\Model\\SiteTree'),(6,'SilverStripe\\Versioned\\ChangeSetItem','2019-10-15 06:01:20','2019-10-15 06:01:20',0,3,'explicitly',6,9,'SilverStripe\\CMS\\Model\\SiteTree'),(7,'SilverStripe\\Versioned\\ChangeSetItem','2019-10-15 09:49:10','2019-10-15 09:49:10',3,5,'explicitly',7,8,'SilverStripe\\CMS\\Model\\SiteTree'),(8,'SilverStripe\\Versioned\\ChangeSetItem','2019-10-15 09:50:17','2019-10-15 09:50:17',3,5,'explicitly',8,9,'SilverStripe\\CMS\\Model\\SiteTree'),(9,'SilverStripe\\Versioned\\ChangeSetItem','2019-10-15 09:51:18','2019-10-15 09:51:18',2,4,'explicitly',9,2,'SilverStripe\\CMS\\Model\\SiteTree'),(10,'SilverStripe\\Versioned\\ChangeSetItem','2019-10-15 09:52:33','2019-10-15 09:52:32',0,6,'explicitly',10,3,'SilverStripe\\CMS\\Model\\SiteTree'),(11,'SilverStripe\\Versioned\\ChangeSetItem','2019-10-15 10:00:17','2019-10-15 10:00:17',0,3,'explicitly',11,10,'SilverStripe\\CMS\\Model\\SiteTree'),(12,'SilverStripe\\Versioned\\ChangeSetItem','2019-10-15 10:03:36','2019-10-15 10:03:36',0,3,'explicitly',12,11,'SilverStripe\\CMS\\Model\\SiteTree'),(13,'SilverStripe\\Versioned\\ChangeSetItem','2019-10-15 10:06:26','2019-10-15 10:06:26',0,3,'explicitly',13,12,'SilverStripe\\CMS\\Model\\SiteTree'),(14,'SilverStripe\\Versioned\\ChangeSetItem','2019-10-15 10:28:48','2019-10-15 10:28:48',5,7,'explicitly',14,9,'SilverStripe\\CMS\\Model\\SiteTree'),(15,'SilverStripe\\Versioned\\ChangeSetItem','2019-10-15 10:31:40','2019-10-15 10:31:40',3,5,'explicitly',15,10,'SilverStripe\\CMS\\Model\\SiteTree'),(16,'SilverStripe\\Versioned\\ChangeSetItem','2019-10-15 10:36:02','2019-10-15 10:36:02',3,5,'explicitly',16,11,'SilverStripe\\CMS\\Model\\SiteTree'),(17,'SilverStripe\\Versioned\\ChangeSetItem','2019-10-15 10:37:26','2019-10-15 10:37:26',3,5,'explicitly',17,12,'SilverStripe\\CMS\\Model\\SiteTree'),(18,'SilverStripe\\Versioned\\ChangeSetItem','2019-10-16 10:04:20','2019-10-16 10:04:19',0,3,'explicitly',1,3,'SilverStripe\\Assets\\File'),(19,'SilverStripe\\Versioned\\ChangeSetItem','2019-10-16 10:14:27','2019-10-16 10:14:27',0,3,'explicitly',2,4,'SilverStripe\\Assets\\File'),(20,'SilverStripe\\Versioned\\ChangeSetItem','2019-10-16 10:15:16','2019-10-16 10:15:16',7,9,'explicitly',3,10,'SilverStripe\\CMS\\Model\\SiteTree'),(21,'SilverStripe\\Versioned\\ChangeSetItem','2019-10-16 10:27:21','2019-10-16 10:27:21',7,9,'explicitly',21,11,'SilverStripe\\CMS\\Model\\SiteTree'),(22,'SilverStripe\\Versioned\\ChangeSetItem','2019-10-16 10:27:21','2019-10-16 10:27:21',0,2,'implicitly',21,5,'SilverStripe\\Assets\\File'),(23,'SilverStripe\\Versioned\\ChangeSetItem','2019-10-16 10:27:21','2019-10-16 10:27:21',0,2,'implicitly',21,6,'SilverStripe\\Assets\\File'),(24,'SilverStripe\\Versioned\\ChangeSetItem','2019-10-16 10:28:26','2019-10-16 10:28:26',7,9,'explicitly',22,12,'SilverStripe\\CMS\\Model\\SiteTree'),(25,'SilverStripe\\Versioned\\ChangeSetItem','2019-10-16 10:28:26','2019-10-16 10:28:26',0,2,'implicitly',22,7,'SilverStripe\\Assets\\File'),(26,'SilverStripe\\Versioned\\ChangeSetItem','2019-10-16 10:28:26','2019-10-16 10:28:26',0,2,'implicitly',22,8,'SilverStripe\\Assets\\File'),(27,'SilverStripe\\Versioned\\ChangeSetItem','2019-10-17 02:37:16','2019-10-17 02:37:16',5,7,'explicitly',23,8,'SilverStripe\\CMS\\Model\\SiteTree'),(28,'SilverStripe\\Versioned\\ChangeSetItem','2019-10-17 02:37:16','2019-10-17 02:37:16',0,2,'implicitly',23,1,'SilverStripe\\Example\\Region'),(29,'SilverStripe\\Versioned\\ChangeSetItem','2019-10-17 02:37:16','2019-10-17 02:37:16',0,2,'implicitly',23,2,'SilverStripe\\Example\\Region'),(30,'SilverStripe\\Versioned\\ChangeSetItem','2019-10-17 02:37:16','2019-10-17 02:37:16',0,2,'implicitly',23,3,'SilverStripe\\Example\\Region'),(31,'SilverStripe\\Versioned\\ChangeSetItem','2019-10-17 02:37:16','2019-10-17 02:37:16',0,2,'implicitly',23,4,'SilverStripe\\Example\\Region'),(32,'SilverStripe\\Versioned\\ChangeSetItem','2019-10-17 02:37:17','2019-10-17 02:37:16',0,2,'implicitly',23,6,'SilverStripe\\Assets\\File'),(33,'SilverStripe\\Versioned\\ChangeSetItem','2019-10-17 02:37:17','2019-10-17 02:37:16',0,2,'implicitly',23,7,'SilverStripe\\Assets\\File'),(34,'SilverStripe\\Versioned\\ChangeSetItem','2019-10-17 02:37:17','2019-10-17 02:37:16',0,2,'implicitly',23,8,'SilverStripe\\Assets\\File'),(35,'SilverStripe\\Versioned\\ChangeSetItem','2019-10-17 02:37:17','2019-10-17 02:37:16',0,2,'implicitly',23,9,'SilverStripe\\Assets\\File'),(36,'SilverStripe\\Versioned\\ChangeSetItem','2019-10-17 02:37:16','2019-10-17 02:37:16',5,7,'explicitly',24,8,'SilverStripe\\CMS\\Model\\SiteTree'),(37,'SilverStripe\\Versioned\\ChangeSetItem','2019-10-17 02:37:16','2019-10-17 02:37:16',0,2,'implicitly',24,1,'SilverStripe\\Example\\Region'),(38,'SilverStripe\\Versioned\\ChangeSetItem','2019-10-17 02:37:16','2019-10-17 02:37:16',0,2,'implicitly',24,2,'SilverStripe\\Example\\Region'),(39,'SilverStripe\\Versioned\\ChangeSetItem','2019-10-17 02:37:16','2019-10-17 02:37:16',0,2,'implicitly',24,3,'SilverStripe\\Example\\Region'),(40,'SilverStripe\\Versioned\\ChangeSetItem','2019-10-17 02:37:16','2019-10-17 02:37:16',0,2,'implicitly',24,4,'SilverStripe\\Example\\Region'),(41,'SilverStripe\\Versioned\\ChangeSetItem','2019-10-17 02:37:17','2019-10-17 02:37:16',0,2,'implicitly',24,10,'SilverStripe\\Assets\\File'),(42,'SilverStripe\\Versioned\\ChangeSetItem','2019-10-17 02:37:17','2019-10-17 02:37:16',0,2,'implicitly',24,11,'SilverStripe\\Assets\\File'),(43,'SilverStripe\\Versioned\\ChangeSetItem','2019-10-17 02:37:17','2019-10-17 02:37:16',0,2,'implicitly',24,12,'SilverStripe\\Assets\\File'),(44,'SilverStripe\\Versioned\\ChangeSetItem','2019-10-17 02:37:17','2019-10-17 02:37:16',0,2,'implicitly',24,13,'SilverStripe\\Assets\\File'),(45,'SilverStripe\\Versioned\\ChangeSetItem','2019-10-17 03:08:27','2019-10-17 03:08:27',0,0,'explicitly',25,1,'SilverStripe\\Example\\ArticleCategory'),(46,'SilverStripe\\Versioned\\ChangeSetItem','2019-10-17 03:08:48','2019-10-17 03:08:48',0,0,'explicitly',26,2,'SilverStripe\\Example\\ArticleCategory'),(47,'SilverStripe\\Versioned\\ChangeSetItem','2019-10-17 03:09:12','2019-10-17 03:09:12',0,0,'explicitly',27,3,'SilverStripe\\Example\\ArticleCategory'),(48,'SilverStripe\\Versioned\\ChangeSetItem','2019-10-17 03:09:30','2019-10-17 03:09:30',0,0,'explicitly',28,4,'SilverStripe\\Example\\ArticleCategory'),(49,'SilverStripe\\Versioned\\ChangeSetItem','2019-10-17 03:09:50','2019-10-17 03:09:50',0,0,'explicitly',29,5,'SilverStripe\\Example\\ArticleCategory'),(50,'SilverStripe\\Versioned\\ChangeSetItem','2019-10-17 03:10:11','2019-10-17 03:10:11',0,0,'explicitly',30,6,'SilverStripe\\Example\\ArticleCategory'),(51,'SilverStripe\\Versioned\\ChangeSetItem','2019-10-17 03:10:29','2019-10-17 03:10:29',0,0,'explicitly',31,7,'SilverStripe\\Example\\ArticleCategory'),(52,'SilverStripe\\Versioned\\ChangeSetItem','2019-10-17 03:21:47','2019-10-17 03:21:47',9,9,'explicitly',32,10,'SilverStripe\\CMS\\Model\\SiteTree'),(53,'SilverStripe\\Versioned\\ChangeSetItem','2019-10-17 03:21:47','2019-10-17 03:21:47',3,3,'implicitly',32,3,'SilverStripe\\Assets\\File'),(54,'SilverStripe\\Versioned\\ChangeSetItem','2019-10-17 03:21:47','2019-10-17 03:21:47',3,3,'implicitly',32,4,'SilverStripe\\Assets\\File'),(55,'SilverStripe\\Versioned\\ChangeSetItem','2019-10-17 03:22:53','2019-10-17 03:22:53',7,7,'explicitly',33,11,'SilverStripe\\CMS\\Model\\SiteTree'),(56,'SilverStripe\\Versioned\\ChangeSetItem','2019-10-17 03:24:24','2019-10-17 03:24:24',7,7,'explicitly',34,12,'SilverStripe\\CMS\\Model\\SiteTree');
/*!40000 ALTER TABLE `ChangeSetItem` ENABLE KEYS */;
UNLOCK TABLES;

--
-- Table structure for table `ChangeSetItem_ReferencedBy`
--

DROP TABLE IF EXISTS `ChangeSetItem_ReferencedBy`;
/*!40101 SET @saved_cs_client     = @@character_set_client */;
/*!40101 SET character_set_client = utf8 */;
CREATE TABLE `ChangeSetItem_ReferencedBy` (
  `ID` int(11) NOT NULL AUTO_INCREMENT,
  `ChangeSetItemID` int(11) NOT NULL DEFAULT '0',
  `ChildID` int(11) NOT NULL DEFAULT '0',
  PRIMARY KEY (`ID`),
  KEY `ChangeSetItemID` (`ChangeSetItemID`),
  KEY `ChildID` (`ChildID`)
) ENGINE=InnoDB AUTO_INCREMENT=19 DEFAULT CHARSET=utf8;
/*!40101 SET character_set_client = @saved_cs_client */;

--
-- Dumping data for table `ChangeSetItem_ReferencedBy`
--

LOCK TABLES `ChangeSetItem_ReferencedBy` WRITE;
/*!40000 ALTER TABLE `ChangeSetItem_ReferencedBy` DISABLE KEYS */;
INSERT INTO `ChangeSetItem_ReferencedBy` VALUES (1,22,21),(2,23,21),(3,25,24),(4,26,24),(5,29,27),(6,30,27),(7,31,27),(8,31,27),(9,32,27),(10,33,27),(11,54,36),(12,40,36),(13,41,36),(14,42,36),(15,43,36),(16,44,36),(17,53,52),(18,39,52);
/*!40000 ALTER TABLE `ChangeSetItem_ReferencedBy` ENABLE KEYS */;
UNLOCK TABLES;

--
-- Table structure for table `ErrorPage`
--

DROP TABLE IF EXISTS `ErrorPage`;
/*!40101 SET @saved_cs_client     = @@character_set_client */;
/*!40101 SET character_set_client = utf8 */;
CREATE TABLE `ErrorPage` (
  `ID` int(11) NOT NULL AUTO_INCREMENT,
  `ErrorCode` int(11) NOT NULL DEFAULT '0',
  PRIMARY KEY (`ID`)
) ENGINE=InnoDB AUTO_INCREMENT=6 DEFAULT CHARSET=utf8;
/*!40101 SET character_set_client = @saved_cs_client */;

--
-- Dumping data for table `ErrorPage`
--

LOCK TABLES `ErrorPage` WRITE;
/*!40000 ALTER TABLE `ErrorPage` DISABLE KEYS */;
INSERT INTO `ErrorPage` VALUES (4,404),(5,500);
/*!40000 ALTER TABLE `ErrorPage` ENABLE KEYS */;
UNLOCK TABLES;

--
-- Table structure for table `ErrorPage_Live`
--

DROP TABLE IF EXISTS `ErrorPage_Live`;
/*!40101 SET @saved_cs_client     = @@character_set_client */;
/*!40101 SET character_set_client = utf8 */;
CREATE TABLE `ErrorPage_Live` (
  `ID` int(11) NOT NULL AUTO_INCREMENT,
  `ErrorCode` int(11) NOT NULL DEFAULT '0',
  PRIMARY KEY (`ID`)
) ENGINE=InnoDB AUTO_INCREMENT=6 DEFAULT CHARSET=utf8;
/*!40101 SET character_set_client = @saved_cs_client */;

--
-- Dumping data for table `ErrorPage_Live`
--

LOCK TABLES `ErrorPage_Live` WRITE;
/*!40000 ALTER TABLE `ErrorPage_Live` DISABLE KEYS */;
INSERT INTO `ErrorPage_Live` VALUES (4,404),(5,500);
/*!40000 ALTER TABLE `ErrorPage_Live` ENABLE KEYS */;
UNLOCK TABLES;

--
-- Table structure for table `ErrorPage_Versions`
--

DROP TABLE IF EXISTS `ErrorPage_Versions`;
/*!40101 SET @saved_cs_client     = @@character_set_client */;
/*!40101 SET character_set_client = utf8 */;
CREATE TABLE `ErrorPage_Versions` (
  `ID` int(11) NOT NULL AUTO_INCREMENT,
  `RecordID` int(11) NOT NULL DEFAULT '0',
  `Version` int(11) NOT NULL DEFAULT '0',
  `ErrorCode` int(11) NOT NULL DEFAULT '0',
  PRIMARY KEY (`ID`),
  UNIQUE KEY `RecordID_Version` (`RecordID`,`Version`),
  KEY `RecordID` (`RecordID`),
  KEY `Version` (`Version`)
) ENGINE=InnoDB AUTO_INCREMENT=5 DEFAULT CHARSET=utf8;
/*!40101 SET character_set_client = @saved_cs_client */;

--
-- Dumping data for table `ErrorPage_Versions`
--

LOCK TABLES `ErrorPage_Versions` WRITE;
/*!40000 ALTER TABLE `ErrorPage_Versions` DISABLE KEYS */;
INSERT INTO `ErrorPage_Versions` VALUES (1,4,1,404),(2,4,2,404),(3,5,1,500),(4,5,2,500);
/*!40000 ALTER TABLE `ErrorPage_Versions` ENABLE KEYS */;
UNLOCK TABLES;

--
-- Table structure for table `File`
--

DROP TABLE IF EXISTS `File`;
/*!40101 SET @saved_cs_client     = @@character_set_client */;
/*!40101 SET character_set_client = utf8 */;
CREATE TABLE `File` (
  `ID` int(11) NOT NULL AUTO_INCREMENT,
  `ClassName` enum('SilverStripe\\Assets\\File','SilverStripe\\Assets\\Folder','SilverStripe\\Assets\\Image') DEFAULT 'SilverStripe\\Assets\\File',
  `LastEdited` datetime DEFAULT NULL,
  `Created` datetime DEFAULT NULL,
  `Version` int(11) NOT NULL DEFAULT '0',
  `CanViewType` enum('Anyone','LoggedInUsers','OnlyTheseUsers','Inherit') DEFAULT 'Inherit',
  `CanEditType` enum('LoggedInUsers','OnlyTheseUsers','Inherit') DEFAULT 'Inherit',
  `Name` varchar(255) DEFAULT NULL,
  `Title` varchar(255) DEFAULT NULL,
  `ShowInSearch` tinyint(1) unsigned NOT NULL DEFAULT '1',
  `ParentID` int(11) NOT NULL DEFAULT '0',
  `OwnerID` int(11) NOT NULL DEFAULT '0',
  `FileHash` varchar(255) DEFAULT NULL,
  `FileFilename` varchar(255) DEFAULT NULL,
  `FileVariant` varchar(255) DEFAULT NULL,
  PRIMARY KEY (`ID`),
  KEY `Name` (`Name`),
  KEY `ClassName` (`ClassName`),
  KEY `ParentID` (`ParentID`),
  KEY `OwnerID` (`OwnerID`),
  KEY `FileHash` (`FileHash`)
) ENGINE=InnoDB AUTO_INCREMENT=14 DEFAULT CHARSET=utf8;
/*!40101 SET character_set_client = @saved_cs_client */;

--
-- Dumping data for table `File`
--

LOCK TABLES `File` WRITE;
/*!40000 ALTER TABLE `File` DISABLE KEYS */;
INSERT INTO `File` VALUES (1,'SilverStripe\\Assets\\Folder','2019-10-16 10:01:59','2019-10-16 10:01:58',2,'Inherit','Inherit','travel-photos','travel-photos',1,0,1,NULL,NULL,NULL),(2,'SilverStripe\\Assets\\Folder','2019-10-16 10:01:59','2019-10-16 10:01:59',2,'Inherit','Inherit','travel-brochures','travel-brochures',1,0,1,NULL,NULL,NULL),(3,'SilverStripe\\Assets\\Image','2019-10-16 10:04:20','2019-10-16 10:02:47',3,'Inherit','Inherit','Ireland.jpg','Ireland',1,1,1,'d1b80973b0613486dda80966ce537b0135180079','travel-photos/Ireland.jpg',NULL),(4,'SilverStripe\\Assets\\File','2019-10-16 10:14:27','2019-10-16 10:05:44',3,'Inherit','Inherit','Sample-Article-1.pdf','Sample Article 1',1,2,1,'fbcd8833756e5ea51292ebb283eb2cc3005db1c4','travel-brochures/Sample-Article-1.pdf',NULL),(5,'SilverStripe\\Assets\\Image','2019-10-16 10:27:21','2019-10-16 10:27:04',2,'Inherit','Inherit','Alaska.jpg','Alaska',1,1,1,'adb4885148a6bddc122a61bca497b5b4f088a8b8','travel-photos/Alaska.jpg',NULL),(6,'SilverStripe\\Assets\\File','2019-10-16 10:27:21','2019-10-16 10:27:13',2,'Inherit','Inherit','Sample-Article-2.pdf','Sample Article 2',1,2,1,'8592d6d2b13019c30af3273870d58d4429510f8c','travel-brochures/Sample-Article-2.pdf',NULL),(7,'SilverStripe\\Assets\\Image','2019-10-16 10:28:26','2019-10-16 10:28:03',2,'Inherit','Inherit','Utah.jpg','Utah',1,1,1,'e089caecfa905103936062f1da5e57b6dfe380b4','travel-photos/Utah.jpg',NULL),(8,'SilverStripe\\Assets\\File','2019-10-16 10:28:26','2019-10-16 10:28:13',2,'Inherit','Inherit','Sample-Article-3.pdf','Sample Article 3',1,2,1,'2e88422267b1cd2edf05c677500dc3c8628202dd','travel-brochures/Sample-Article-3.pdf',NULL),(9,'SilverStripe\\Assets\\Folder','2019-10-17 02:32:18','2019-10-17 02:32:17',2,'Inherit','Inherit','region-photos','region-photos',1,0,1,NULL,NULL,NULL),(10,'SilverStripe\\Assets\\Image','2019-10-17 02:37:16','2019-10-17 02:32:41',2,'Inherit','Inherit','Northeast.jpg','Northeast',1,9,1,'d97d9b79c1a9179924ae7dcfc3fd09047f81c7b6','region-photos/Northeast.jpg',NULL),(11,'SilverStripe\\Assets\\Image','2019-10-17 02:37:17','2019-10-17 02:33:33',2,'Inherit','Inherit','Northwest.jpg','Northwest',1,9,1,'84484b7a7ea17d14e610d785fb2e571d9d562657','region-photos/Northwest.jpg',NULL),(12,'SilverStripe\\Assets\\Image','2019-10-17 02:37:17','2019-10-17 02:34:24',2,'Inherit','Inherit','Southeast.jpg','Southeast',1,9,1,'c1e182a2850e97d688613c8251380d38ad7b23ff','region-photos/Southeast.jpg',NULL),(13,'SilverStripe\\Assets\\Image','2019-10-17 02:37:17','2019-10-17 02:35:21',2,'Inherit','Inherit','Southwest.jpg','Southwest',1,9,1,'7bc4a53e4ac31b830e2a565734d29dfaff8ae0ed','region-photos/Southwest.jpg',NULL);
/*!40000 ALTER TABLE `File` ENABLE KEYS */;
UNLOCK TABLES;

--
-- Table structure for table `FileLink`
--

DROP TABLE IF EXISTS `FileLink`;
/*!40101 SET @saved_cs_client     = @@character_set_client */;
/*!40101 SET character_set_client = utf8 */;
CREATE TABLE `FileLink` (
  `ID` int(11) NOT NULL AUTO_INCREMENT,
  `ClassName` enum('SilverStripe\\Assets\\Shortcodes\\FileLink') DEFAULT 'SilverStripe\\Assets\\Shortcodes\\FileLink',
  `LastEdited` datetime DEFAULT NULL,
  `Created` datetime DEFAULT NULL,
  `LinkedID` int(11) NOT NULL DEFAULT '0',
  `ParentID` int(11) NOT NULL DEFAULT '0',
  `ParentClass` enum('SilverStripe\\Example\\ArticleCategory','SilverStripe\\Example\\ArticleComment','SilverStripe\\Example\\Region','SilverStripe\\Assets\\File','SilverStripe\\SiteConfig\\SiteConfig','SilverStripe\\Versioned\\ChangeSet','SilverStripe\\Versioned\\ChangeSetItem','SilverStripe\\Assets\\Shortcodes\\FileLink','SilverStripe\\CMS\\Model\\SiteTree','SilverStripe\\CMS\\Model\\SiteTreeLink','SilverStripe\\Security\\Group','SilverStripe\\Security\\LoginAttempt','SilverStripe\\Security\\Member','SilverStripe\\Security\\MemberPassword','SilverStripe\\Security\\Permission','SilverStripe\\Security\\PermissionRole','SilverStripe\\Security\\PermissionRoleCode','SilverStripe\\Security\\RememberLoginHash','SilverStripe\\Assets\\Folder','SilverStripe\\Assets\\Image','Page','SilverStripe\\Example\\ArticleHolder','SilverStripe\\Example\\ArticlePage','SilverStripe\\Example\\HomePage','SilverStripe\\Example\\RegionsPage','SilverStripe\\ErrorPage\\ErrorPage','SilverStripe\\CMS\\Model\\RedirectorPage','SilverStripe\\CMS\\Model\\VirtualPage') DEFAULT 'SilverStripe\\Example\\ArticleCategory',
  PRIMARY KEY (`ID`),
  KEY `ClassName` (`ClassName`),
  KEY `LinkedID` (`LinkedID`),
  KEY `Parent` (`ParentID`,`ParentClass`)
) ENGINE=InnoDB DEFAULT CHARSET=utf8;
/*!40101 SET character_set_client = @saved_cs_client */;

--
-- Dumping data for table `FileLink`
--

LOCK TABLES `FileLink` WRITE;
/*!40000 ALTER TABLE `FileLink` DISABLE KEYS */;
/*!40000 ALTER TABLE `FileLink` ENABLE KEYS */;
UNLOCK TABLES;

--
-- Table structure for table `File_EditorGroups`
--

DROP TABLE IF EXISTS `File_EditorGroups`;
/*!40101 SET @saved_cs_client     = @@character_set_client */;
/*!40101 SET character_set_client = utf8 */;
CREATE TABLE `File_EditorGroups` (
  `ID` int(11) NOT NULL AUTO_INCREMENT,
  `FileID` int(11) NOT NULL DEFAULT '0',
  `GroupID` int(11) NOT NULL DEFAULT '0',
  PRIMARY KEY (`ID`),
  KEY `FileID` (`FileID`),
  KEY `GroupID` (`GroupID`)
) ENGINE=InnoDB DEFAULT CHARSET=utf8;
/*!40101 SET character_set_client = @saved_cs_client */;

--
-- Dumping data for table `File_EditorGroups`
--

LOCK TABLES `File_EditorGroups` WRITE;
/*!40000 ALTER TABLE `File_EditorGroups` DISABLE KEYS */;
/*!40000 ALTER TABLE `File_EditorGroups` ENABLE KEYS */;
UNLOCK TABLES;

--
-- Table structure for table `File_Live`
--

DROP TABLE IF EXISTS `File_Live`;
/*!40101 SET @saved_cs_client     = @@character_set_client */;
/*!40101 SET character_set_client = utf8 */;
CREATE TABLE `File_Live` (
  `ID` int(11) NOT NULL AUTO_INCREMENT,
  `ClassName` enum('SilverStripe\\Assets\\File','SilverStripe\\Assets\\Folder','SilverStripe\\Assets\\Image') DEFAULT 'SilverStripe\\Assets\\File',
  `LastEdited` datetime DEFAULT NULL,
  `Created` datetime DEFAULT NULL,
  `Version` int(11) NOT NULL DEFAULT '0',
  `CanViewType` enum('Anyone','LoggedInUsers','OnlyTheseUsers','Inherit') DEFAULT 'Inherit',
  `CanEditType` enum('LoggedInUsers','OnlyTheseUsers','Inherit') DEFAULT 'Inherit',
  `Name` varchar(255) DEFAULT NULL,
  `Title` varchar(255) DEFAULT NULL,
  `ShowInSearch` tinyint(1) unsigned NOT NULL DEFAULT '1',
  `ParentID` int(11) NOT NULL DEFAULT '0',
  `OwnerID` int(11) NOT NULL DEFAULT '0',
  `FileHash` varchar(255) DEFAULT NULL,
  `FileFilename` varchar(255) DEFAULT NULL,
  `FileVariant` varchar(255) DEFAULT NULL,
  PRIMARY KEY (`ID`),
  KEY `Name` (`Name`),
  KEY `ClassName` (`ClassName`),
  KEY `ParentID` (`ParentID`),
  KEY `OwnerID` (`OwnerID`),
  KEY `FileHash` (`FileHash`)
) ENGINE=InnoDB AUTO_INCREMENT=14 DEFAULT CHARSET=utf8;
/*!40101 SET character_set_client = @saved_cs_client */;

--
-- Dumping data for table `File_Live`
--

LOCK TABLES `File_Live` WRITE;
/*!40000 ALTER TABLE `File_Live` DISABLE KEYS */;
INSERT INTO `File_Live` VALUES (1,'SilverStripe\\Assets\\Folder','2019-10-16 10:01:59','2019-10-16 10:01:58',2,'Inherit','Inherit','travel-photos','travel-photos',1,0,1,NULL,NULL,NULL),(2,'SilverStripe\\Assets\\Folder','2019-10-16 10:01:59','2019-10-16 10:01:59',2,'Inherit','Inherit','travel-brochures','travel-brochures',1,0,1,NULL,NULL,NULL),(3,'SilverStripe\\Assets\\Image','2019-10-16 10:04:20','2019-10-16 10:02:47',3,'Inherit','Inherit','Ireland.jpg','Ireland',1,1,1,'d1b80973b0613486dda80966ce537b0135180079','travel-photos/Ireland.jpg',NULL),(4,'SilverStripe\\Assets\\File','2019-10-16 10:14:27','2019-10-16 10:05:44',3,'Inherit','Inherit','Sample-Article-1.pdf','Sample Article 1',1,2,1,'fbcd8833756e5ea51292ebb283eb2cc3005db1c4','travel-brochures/Sample-Article-1.pdf',NULL),(5,'SilverStripe\\Assets\\Image','2019-10-16 10:27:21','2019-10-16 10:27:04',2,'Inherit','Inherit','Alaska.jpg','Alaska',1,1,1,'adb4885148a6bddc122a61bca497b5b4f088a8b8','travel-photos/Alaska.jpg',NULL),(6,'SilverStripe\\Assets\\File','2019-10-16 10:27:21','2019-10-16 10:27:13',2,'Inherit','Inherit','Sample-Article-2.pdf','Sample Article 2',1,2,1,'8592d6d2b13019c30af3273870d58d4429510f8c','travel-brochures/Sample-Article-2.pdf',NULL),(7,'SilverStripe\\Assets\\Image','2019-10-16 10:28:26','2019-10-16 10:28:03',2,'Inherit','Inherit','Utah.jpg','Utah',1,1,1,'e089caecfa905103936062f1da5e57b6dfe380b4','travel-photos/Utah.jpg',NULL),(8,'SilverStripe\\Assets\\File','2019-10-16 10:28:26','2019-10-16 10:28:13',2,'Inherit','Inherit','Sample-Article-3.pdf','Sample Article 3',1,2,1,'2e88422267b1cd2edf05c677500dc3c8628202dd','travel-brochures/Sample-Article-3.pdf',NULL),(9,'SilverStripe\\Assets\\Folder','2019-10-17 02:32:18','2019-10-17 02:32:17',2,'Inherit','Inherit','region-photos','region-photos',1,0,1,NULL,NULL,NULL),(10,'SilverStripe\\Assets\\Image','2019-10-17 02:37:16','2019-10-17 02:32:41',2,'Inherit','Inherit','Northeast.jpg','Northeast',1,9,1,'d97d9b79c1a9179924ae7dcfc3fd09047f81c7b6','region-photos/Northeast.jpg',NULL),(11,'SilverStripe\\Assets\\Image','2019-10-17 02:37:17','2019-10-17 02:33:33',2,'Inherit','Inherit','Northwest.jpg','Northwest',1,9,1,'84484b7a7ea17d14e610d785fb2e571d9d562657','region-photos/Northwest.jpg',NULL),(12,'SilverStripe\\Assets\\Image','2019-10-17 02:37:17','2019-10-17 02:34:24',2,'Inherit','Inherit','Southeast.jpg','Southeast',1,9,1,'c1e182a2850e97d688613c8251380d38ad7b23ff','region-photos/Southeast.jpg',NULL),(13,'SilverStripe\\Assets\\Image','2019-10-17 02:37:17','2019-10-17 02:35:21',2,'Inherit','Inherit','Southwest.jpg','Southwest',1,9,1,'7bc4a53e4ac31b830e2a565734d29dfaff8ae0ed','region-photos/Southwest.jpg',NULL);
/*!40000 ALTER TABLE `File_Live` ENABLE KEYS */;
UNLOCK TABLES;

--
-- Table structure for table `File_Versions`
--

DROP TABLE IF EXISTS `File_Versions`;
/*!40101 SET @saved_cs_client     = @@character_set_client */;
/*!40101 SET character_set_client = utf8 */;
CREATE TABLE `File_Versions` (
  `ID` int(11) NOT NULL AUTO_INCREMENT,
  `RecordID` int(11) NOT NULL DEFAULT '0',
  `Version` int(11) NOT NULL DEFAULT '0',
  `WasPublished` tinyint(1) unsigned NOT NULL DEFAULT '0',
  `WasDeleted` tinyint(1) unsigned NOT NULL DEFAULT '0',
  `WasDraft` tinyint(1) unsigned NOT NULL DEFAULT '0',
  `AuthorID` int(11) NOT NULL DEFAULT '0',
  `PublisherID` int(11) NOT NULL DEFAULT '0',
  `ClassName` enum('SilverStripe\\Assets\\File','SilverStripe\\Assets\\Folder','SilverStripe\\Assets\\Image') DEFAULT 'SilverStripe\\Assets\\File',
  `LastEdited` datetime DEFAULT NULL,
  `Created` datetime DEFAULT NULL,
  `CanViewType` enum('Anyone','LoggedInUsers','OnlyTheseUsers','Inherit') DEFAULT 'Inherit',
  `CanEditType` enum('LoggedInUsers','OnlyTheseUsers','Inherit') DEFAULT 'Inherit',
  `Name` varchar(255) DEFAULT NULL,
  `Title` varchar(255) DEFAULT NULL,
  `ShowInSearch` tinyint(1) unsigned NOT NULL DEFAULT '1',
  `ParentID` int(11) NOT NULL DEFAULT '0',
  `OwnerID` int(11) NOT NULL DEFAULT '0',
  `FileHash` varchar(255) DEFAULT NULL,
  `FileFilename` varchar(255) DEFAULT NULL,
  `FileVariant` varchar(255) DEFAULT NULL,
  PRIMARY KEY (`ID`),
  KEY `RecordID_Version` (`RecordID`,`Version`),
  KEY `RecordID` (`RecordID`),
  KEY `Version` (`Version`),
  KEY `AuthorID` (`AuthorID`),
  KEY `PublisherID` (`PublisherID`),
  KEY `Name` (`Name`),
  KEY `ClassName` (`ClassName`),
  KEY `ParentID` (`ParentID`),
  KEY `OwnerID` (`OwnerID`),
  KEY `FileHash` (`FileHash`)
) ENGINE=InnoDB AUTO_INCREMENT=29 DEFAULT CHARSET=utf8;
/*!40101 SET character_set_client = @saved_cs_client */;

--
-- Dumping data for table `File_Versions`
--

LOCK TABLES `File_Versions` WRITE;
/*!40000 ALTER TABLE `File_Versions` DISABLE KEYS */;
INSERT INTO `File_Versions` VALUES (1,1,1,0,0,1,1,0,'SilverStripe\\Assets\\Folder','2019-10-16 10:01:58','2019-10-16 10:01:58','Inherit','Inherit','travel-photos','travel-photos',1,0,1,NULL,NULL,NULL),(2,1,2,1,0,1,1,1,'SilverStripe\\Assets\\Folder','2019-10-16 10:01:59','2019-10-16 10:01:58','Inherit','Inherit','travel-photos','travel-photos',1,0,1,NULL,NULL,NULL),(3,2,1,0,0,1,1,0,'SilverStripe\\Assets\\Folder','2019-10-16 10:01:59','2019-10-16 10:01:59','Inherit','Inherit','travel-brochures','travel-brochures',1,0,1,NULL,NULL,NULL),(4,2,2,1,0,1,1,1,'SilverStripe\\Assets\\Folder','2019-10-16 10:01:59','2019-10-16 10:01:59','Inherit','Inherit','travel-brochures','travel-brochures',1,0,1,NULL,NULL,NULL),(5,3,1,0,0,1,1,0,'SilverStripe\\Assets\\Image','2019-10-16 10:02:47','2019-10-16 10:02:47','Inherit','Inherit','Ireland.jpg','Ireland',1,1,1,'d1b80973b0613486dda80966ce537b0135180079','travel-photos/Ireland.jpg',NULL),(6,3,2,0,0,1,1,0,'SilverStripe\\Assets\\Image','2019-10-16 10:04:19','2019-10-16 10:02:47','Inherit','Inherit','Ireland.jpg','Ireland',1,1,1,'d1b80973b0613486dda80966ce537b0135180079','travel-photos/Ireland.jpg',NULL),(7,3,3,1,0,1,1,1,'SilverStripe\\Assets\\Image','2019-10-16 10:04:20','2019-10-16 10:02:47','Inherit','Inherit','Ireland.jpg','Ireland',1,1,1,'d1b80973b0613486dda80966ce537b0135180079','travel-photos/Ireland.jpg',NULL),(8,4,1,0,0,1,1,0,'SilverStripe\\Assets\\File','2019-10-16 10:05:44','2019-10-16 10:05:44','Inherit','Inherit','Sample-Article-1.pdf','Sample Article 1',1,2,1,'fbcd8833756e5ea51292ebb283eb2cc3005db1c4','travel-brochures/Sample-Article-1.pdf',NULL),(9,4,2,0,0,1,1,0,'SilverStripe\\Assets\\File','2019-10-16 10:14:26','2019-10-16 10:05:44','Inherit','Inherit','Sample-Article-1.pdf','Sample Article 1',1,2,1,'fbcd8833756e5ea51292ebb283eb2cc3005db1c4','travel-brochures/Sample-Article-1.pdf',NULL),(10,4,3,1,0,1,1,1,'SilverStripe\\Assets\\File','2019-10-16 10:14:27','2019-10-16 10:05:44','Inherit','Inherit','Sample-Article-1.pdf','Sample Article 1',1,2,1,'fbcd8833756e5ea51292ebb283eb2cc3005db1c4','travel-brochures/Sample-Article-1.pdf',NULL),(11,5,1,0,0,1,1,0,'SilverStripe\\Assets\\Image','2019-10-16 10:27:04','2019-10-16 10:27:04','Inherit','Inherit','Alaska.jpg','Alaska',1,1,1,'adb4885148a6bddc122a61bca497b5b4f088a8b8','travel-photos/Alaska.jpg',NULL),(12,6,1,0,0,1,1,0,'SilverStripe\\Assets\\File','2019-10-16 10:27:13','2019-10-16 10:27:13','Inherit','Inherit','Sample-Article-2.pdf','Sample Article 2',1,2,1,'8592d6d2b13019c30af3273870d58d4429510f8c','travel-brochures/Sample-Article-2.pdf',NULL),(13,5,2,1,0,1,1,1,'SilverStripe\\Assets\\Image','2019-10-16 10:27:21','2019-10-16 10:27:04','Inherit','Inherit','Alaska.jpg','Alaska',1,1,1,'adb4885148a6bddc122a61bca497b5b4f088a8b8','travel-photos/Alaska.jpg',NULL),(14,6,2,1,0,1,1,1,'SilverStripe\\Assets\\File','2019-10-16 10:27:21','2019-10-16 10:27:13','Inherit','Inherit','Sample-Article-2.pdf','Sample Article 2',1,2,1,'8592d6d2b13019c30af3273870d58d4429510f8c','travel-brochures/Sample-Article-2.pdf',NULL),(15,7,1,0,0,1,1,0,'SilverStripe\\Assets\\Image','2019-10-16 10:28:03','2019-10-16 10:28:03','Inherit','Inherit','Utah.jpg','Utah',1,1,1,'e089caecfa905103936062f1da5e57b6dfe380b4','travel-photos/Utah.jpg',NULL),(16,8,1,0,0,1,1,0,'SilverStripe\\Assets\\File','2019-10-16 10:28:13','2019-10-16 10:28:13','Inherit','Inherit','Sample-Article-3.pdf','Sample Article 3',1,2,1,'2e88422267b1cd2edf05c677500dc3c8628202dd','travel-brochures/Sample-Article-3.pdf',NULL),(17,7,2,1,0,1,1,1,'SilverStripe\\Assets\\Image','2019-10-16 10:28:26','2019-10-16 10:28:03','Inherit','Inherit','Utah.jpg','Utah',1,1,1,'e089caecfa905103936062f1da5e57b6dfe380b4','travel-photos/Utah.jpg',NULL),(18,8,2,1,0,1,1,1,'SilverStripe\\Assets\\File','2019-10-16 10:28:26','2019-10-16 10:28:13','Inherit','Inherit','Sample-Article-3.pdf','Sample Article 3',1,2,1,'2e88422267b1cd2edf05c677500dc3c8628202dd','travel-brochures/Sample-Article-3.pdf',NULL),(19,9,1,0,0,1,1,0,'SilverStripe\\Assets\\Folder','2019-10-17 02:32:17','2019-10-17 02:32:17','Inherit','Inherit','region-photos','region-photos',1,0,1,NULL,NULL,NULL),(20,9,2,1,0,1,1,1,'SilverStripe\\Assets\\Folder','2019-10-17 02:32:18','2019-10-17 02:32:17','Inherit','Inherit','region-photos','region-photos',1,0,1,NULL,NULL,NULL),(21,10,1,0,0,1,1,0,'SilverStripe\\Assets\\Image','2019-10-17 02:32:41','2019-10-17 02:32:41','Inherit','Inherit','Northeast.jpg','Northeast',1,9,1,'d97d9b79c1a9179924ae7dcfc3fd09047f81c7b6','region-photos/Northeast.jpg',NULL),(22,11,1,0,0,1,1,0,'SilverStripe\\Assets\\Image','2019-10-17 02:33:33','2019-10-17 02:33:33','Inherit','Inherit','Northwest.jpg','Northwest',1,9,1,'84484b7a7ea17d14e610d785fb2e571d9d562657','region-photos/Northwest.jpg',NULL),(23,12,1,0,0,1,1,0,'SilverStripe\\Assets\\Image','2019-10-17 02:34:24','2019-10-17 02:34:24','Inherit','Inherit','Southeast.jpg','Southeast',1,9,1,'c1e182a2850e97d688613c8251380d38ad7b23ff','region-photos/Southeast.jpg',NULL),(24,13,1,0,0,1,1,0,'SilverStripe\\Assets\\Image','2019-10-17 02:35:21','2019-10-17 02:35:21','Inherit','Inherit','Southwest.jpg','Southwest',1,9,1,'7bc4a53e4ac31b830e2a565734d29dfaff8ae0ed','region-photos/Southwest.jpg',NULL),(25,10,2,1,0,1,1,1,'SilverStripe\\Assets\\Image','2019-10-17 02:37:16','2019-10-17 02:32:41','Inherit','Inherit','Northeast.jpg','Northeast',1,9,1,'d97d9b79c1a9179924ae7dcfc3fd09047f81c7b6','region-photos/Northeast.jpg',NULL),(26,11,2,1,0,1,1,1,'SilverStripe\\Assets\\Image','2019-10-17 02:37:17','2019-10-17 02:33:33','Inherit','Inherit','Northwest.jpg','Northwest',1,9,1,'84484b7a7ea17d14e610d785fb2e571d9d562657','region-photos/Northwest.jpg',NULL),(27,12,2,1,0,1,1,1,'SilverStripe\\Assets\\Image','2019-10-17 02:37:17','2019-10-17 02:34:24','Inherit','Inherit','Southeast.jpg','Southeast',1,9,1,'c1e182a2850e97d688613c8251380d38ad7b23ff','region-photos/Southeast.jpg',NULL),(28,13,2,1,0,1,1,1,'SilverStripe\\Assets\\Image','2019-10-17 02:37:17','2019-10-17 02:35:21','Inherit','Inherit','Southwest.jpg','Southwest',1,9,1,'7bc4a53e4ac31b830e2a565734d29dfaff8ae0ed','region-photos/Southwest.jpg',NULL);
/*!40000 ALTER TABLE `File_Versions` ENABLE KEYS */;
UNLOCK TABLES;

--
-- Table structure for table `File_ViewerGroups`
--

DROP TABLE IF EXISTS `File_ViewerGroups`;
/*!40101 SET @saved_cs_client     = @@character_set_client */;
/*!40101 SET character_set_client = utf8 */;
CREATE TABLE `File_ViewerGroups` (
  `ID` int(11) NOT NULL AUTO_INCREMENT,
  `FileID` int(11) NOT NULL DEFAULT '0',
  `GroupID` int(11) NOT NULL DEFAULT '0',
  PRIMARY KEY (`ID`),
  KEY `FileID` (`FileID`),
  KEY `GroupID` (`GroupID`)
) ENGINE=InnoDB DEFAULT CHARSET=utf8;
/*!40101 SET character_set_client = @saved_cs_client */;

--
-- Dumping data for table `File_ViewerGroups`
--

LOCK TABLES `File_ViewerGroups` WRITE;
/*!40000 ALTER TABLE `File_ViewerGroups` DISABLE KEYS */;
/*!40000 ALTER TABLE `File_ViewerGroups` ENABLE KEYS */;
UNLOCK TABLES;

--
-- Table structure for table `Group`
--

DROP TABLE IF EXISTS `Group`;
/*!40101 SET @saved_cs_client     = @@character_set_client */;
/*!40101 SET character_set_client = utf8 */;
CREATE TABLE `Group` (
  `ID` int(11) NOT NULL AUTO_INCREMENT,
  `ClassName` enum('SilverStripe\\Security\\Group') DEFAULT 'SilverStripe\\Security\\Group',
  `LastEdited` datetime DEFAULT NULL,
  `Created` datetime DEFAULT NULL,
  `Title` varchar(255) DEFAULT NULL,
  `Description` mediumtext,
  `Code` varchar(255) DEFAULT NULL,
  `Locked` tinyint(1) unsigned NOT NULL DEFAULT '0',
  `Sort` int(11) NOT NULL DEFAULT '0',
  `HtmlEditorConfig` mediumtext,
  `ParentID` int(11) NOT NULL DEFAULT '0',
  PRIMARY KEY (`ID`),
  KEY `ClassName` (`ClassName`),
  KEY `ParentID` (`ParentID`)
) ENGINE=InnoDB AUTO_INCREMENT=3 DEFAULT CHARSET=utf8;
/*!40101 SET character_set_client = @saved_cs_client */;

--
-- Dumping data for table `Group`
--

LOCK TABLES `Group` WRITE;
/*!40000 ALTER TABLE `Group` DISABLE KEYS */;
INSERT INTO `Group` VALUES (1,'SilverStripe\\Security\\Group','2019-10-15 05:07:37','2019-10-15 05:07:37','Content Authors',NULL,'content-authors',0,1,NULL,0),(2,'SilverStripe\\Security\\Group','2019-10-15 05:07:37','2019-10-15 05:07:37','Administrators',NULL,'administrators',0,0,NULL,0);
/*!40000 ALTER TABLE `Group` ENABLE KEYS */;
UNLOCK TABLES;

--
-- Table structure for table `Group_Members`
--

DROP TABLE IF EXISTS `Group_Members`;
/*!40101 SET @saved_cs_client     = @@character_set_client */;
/*!40101 SET character_set_client = utf8 */;
CREATE TABLE `Group_Members` (
  `ID` int(11) NOT NULL AUTO_INCREMENT,
  `GroupID` int(11) NOT NULL DEFAULT '0',
  `MemberID` int(11) NOT NULL DEFAULT '0',
  PRIMARY KEY (`ID`),
  KEY `GroupID` (`GroupID`),
  KEY `MemberID` (`MemberID`)
) ENGINE=InnoDB AUTO_INCREMENT=2 DEFAULT CHARSET=utf8;
/*!40101 SET character_set_client = @saved_cs_client */;

--
-- Dumping data for table `Group_Members`
--

LOCK TABLES `Group_Members` WRITE;
/*!40000 ALTER TABLE `Group_Members` DISABLE KEYS */;
INSERT INTO `Group_Members` VALUES (1,2,1);
/*!40000 ALTER TABLE `Group_Members` ENABLE KEYS */;
UNLOCK TABLES;

--
-- Table structure for table `Group_Roles`
--

DROP TABLE IF EXISTS `Group_Roles`;
/*!40101 SET @saved_cs_client     = @@character_set_client */;
/*!40101 SET character_set_client = utf8 */;
CREATE TABLE `Group_Roles` (
  `ID` int(11) NOT NULL AUTO_INCREMENT,
  `GroupID` int(11) NOT NULL DEFAULT '0',
  `PermissionRoleID` int(11) NOT NULL DEFAULT '0',
  PRIMARY KEY (`ID`),
  KEY `GroupID` (`GroupID`),
  KEY `PermissionRoleID` (`PermissionRoleID`)
) ENGINE=InnoDB DEFAULT CHARSET=utf8;
/*!40101 SET character_set_client = @saved_cs_client */;

--
-- Dumping data for table `Group_Roles`
--

LOCK TABLES `Group_Roles` WRITE;
/*!40000 ALTER TABLE `Group_Roles` DISABLE KEYS */;
/*!40000 ALTER TABLE `Group_Roles` ENABLE KEYS */;
UNLOCK TABLES;

--
-- Table structure for table `LoginAttempt`
--

DROP TABLE IF EXISTS `LoginAttempt`;
/*!40101 SET @saved_cs_client     = @@character_set_client */;
/*!40101 SET character_set_client = utf8 */;
CREATE TABLE `LoginAttempt` (
  `ID` int(11) NOT NULL AUTO_INCREMENT,
  `ClassName` enum('SilverStripe\\Security\\LoginAttempt') DEFAULT 'SilverStripe\\Security\\LoginAttempt',
  `LastEdited` datetime DEFAULT NULL,
  `Created` datetime DEFAULT NULL,
  `Email` varchar(255) DEFAULT NULL,
  `EmailHashed` varchar(255) DEFAULT NULL,
  `Status` enum('Success','Failure') DEFAULT 'Success',
  `IP` varchar(255) DEFAULT NULL,
  `MemberID` int(11) NOT NULL DEFAULT '0',
  PRIMARY KEY (`ID`),
  KEY `ClassName` (`ClassName`),
  KEY `MemberID` (`MemberID`),
  KEY `EmailHashed` (`EmailHashed`)
) ENGINE=InnoDB AUTO_INCREMENT=3 DEFAULT CHARSET=utf8;
/*!40101 SET character_set_client = @saved_cs_client */;

--
-- Dumping data for table `LoginAttempt`
--

LOCK TABLES `LoginAttempt` WRITE;
/*!40000 ALTER TABLE `LoginAttempt` DISABLE KEYS */;
INSERT INTO `LoginAttempt` VALUES (1,'SilverStripe\\Security\\LoginAttempt','2019-10-15 05:46:23','2019-10-15 05:46:23',NULL,'dc76e9f0c0006e8f919e0c515c66dbba3982f785','Success','192.168.96.1',1),(2,'SilverStripe\\Security\\LoginAttempt','2019-10-17 03:07:01','2019-10-17 03:07:01',NULL,'dc76e9f0c0006e8f919e0c515c66dbba3982f785','Success','172.28.0.1',1);
/*!40000 ALTER TABLE `LoginAttempt` ENABLE KEYS */;
UNLOCK TABLES;

--
-- Table structure for table `Member`
--

DROP TABLE IF EXISTS `Member`;
/*!40101 SET @saved_cs_client     = @@character_set_client */;
/*!40101 SET character_set_client = utf8 */;
CREATE TABLE `Member` (
  `ID` int(11) NOT NULL AUTO_INCREMENT,
  `ClassName` enum('SilverStripe\\Security\\Member') DEFAULT 'SilverStripe\\Security\\Member',
  `LastEdited` datetime DEFAULT NULL,
  `Created` datetime DEFAULT NULL,
  `FirstName` varchar(255) DEFAULT NULL,
  `Surname` varchar(255) DEFAULT NULL,
  `Email` varchar(254) DEFAULT NULL,
  `TempIDHash` varchar(160) DEFAULT NULL,
  `TempIDExpired` datetime DEFAULT NULL,
  `Password` varchar(160) DEFAULT NULL,
  `AutoLoginHash` varchar(160) DEFAULT NULL,
  `AutoLoginExpired` datetime DEFAULT NULL,
  `PasswordEncryption` varchar(50) DEFAULT NULL,
  `Salt` varchar(50) DEFAULT NULL,
  `PasswordExpiry` date DEFAULT NULL,
  `LockedOutUntil` datetime DEFAULT NULL,
  `Locale` varchar(6) DEFAULT NULL,
  `FailedLoginCount` int(11) NOT NULL DEFAULT '0',
  PRIMARY KEY (`ID`),
  KEY `Surname` (`Surname`),
  KEY `FirstName` (`FirstName`),
  KEY `ClassName` (`ClassName`),
  KEY `Email` (`Email`)
) ENGINE=InnoDB AUTO_INCREMENT=2 DEFAULT CHARSET=utf8;
/*!40101 SET character_set_client = @saved_cs_client */;

--
-- Dumping data for table `Member`
--

LOCK TABLES `Member` WRITE;
/*!40000 ALTER TABLE `Member` DISABLE KEYS */;
INSERT INTO `Member` VALUES (1,'SilverStripe\\Security\\Member','2019-10-17 03:07:01','2019-10-15 05:07:37','Default Admin',NULL,'root','368a219963a9e7def6adedfcb068c063490bbf20','2019-10-20 03:07:01',NULL,NULL,NULL,'none',NULL,NULL,NULL,'en_US',0);
/*!40000 ALTER TABLE `Member` ENABLE KEYS */;
UNLOCK TABLES;

--
-- Table structure for table `MemberPassword`
--

DROP TABLE IF EXISTS `MemberPassword`;
/*!40101 SET @saved_cs_client     = @@character_set_client */;
/*!40101 SET character_set_client = utf8 */;
CREATE TABLE `MemberPassword` (
  `ID` int(11) NOT NULL AUTO_INCREMENT,
  `ClassName` enum('SilverStripe\\Security\\MemberPassword') DEFAULT 'SilverStripe\\Security\\MemberPassword',
  `LastEdited` datetime DEFAULT NULL,
  `Created` datetime DEFAULT NULL,
  `Password` varchar(160) DEFAULT NULL,
  `Salt` varchar(50) DEFAULT NULL,
  `PasswordEncryption` varchar(50) DEFAULT NULL,
  `MemberID` int(11) NOT NULL DEFAULT '0',
  PRIMARY KEY (`ID`),
  KEY `ClassName` (`ClassName`),
  KEY `MemberID` (`MemberID`)
) ENGINE=InnoDB AUTO_INCREMENT=2 DEFAULT CHARSET=utf8;
/*!40101 SET character_set_client = @saved_cs_client */;

--
-- Dumping data for table `MemberPassword`
--

LOCK TABLES `MemberPassword` WRITE;
/*!40000 ALTER TABLE `MemberPassword` DISABLE KEYS */;
INSERT INTO `MemberPassword` VALUES (1,'SilverStripe\\Security\\MemberPassword','2019-10-15 05:07:37','2019-10-15 05:07:37',NULL,NULL,'none',1);
/*!40000 ALTER TABLE `MemberPassword` ENABLE KEYS */;
UNLOCK TABLES;

--
-- Table structure for table `Permission`
--

DROP TABLE IF EXISTS `Permission`;
/*!40101 SET @saved_cs_client     = @@character_set_client */;
/*!40101 SET character_set_client = utf8 */;
CREATE TABLE `Permission` (
  `ID` int(11) NOT NULL AUTO_INCREMENT,
  `ClassName` enum('SilverStripe\\Security\\Permission') DEFAULT 'SilverStripe\\Security\\Permission',
  `LastEdited` datetime DEFAULT NULL,
  `Created` datetime DEFAULT NULL,
  `Code` varchar(255) DEFAULT NULL,
  `Arg` int(11) NOT NULL DEFAULT '0',
  `Type` int(11) NOT NULL DEFAULT '1',
  `GroupID` int(11) NOT NULL DEFAULT '0',
  PRIMARY KEY (`ID`),
  KEY `ClassName` (`ClassName`),
  KEY `GroupID` (`GroupID`),
  KEY `Code` (`Code`)
) ENGINE=InnoDB AUTO_INCREMENT=6 DEFAULT CHARSET=utf8;
/*!40101 SET character_set_client = @saved_cs_client */;

--
-- Dumping data for table `Permission`
--

LOCK TABLES `Permission` WRITE;
/*!40000 ALTER TABLE `Permission` DISABLE KEYS */;
INSERT INTO `Permission` VALUES (1,'SilverStripe\\Security\\Permission','2019-10-15 05:07:37','2019-10-15 05:07:37','CMS_ACCESS_CMSMain',0,1,1),(2,'SilverStripe\\Security\\Permission','2019-10-15 05:07:37','2019-10-15 05:07:37','CMS_ACCESS_AssetAdmin',0,1,1),(3,'SilverStripe\\Security\\Permission','2019-10-15 05:07:37','2019-10-15 05:07:37','CMS_ACCESS_ReportAdmin',0,1,1),(4,'SilverStripe\\Security\\Permission','2019-10-15 05:07:37','2019-10-15 05:07:37','SITETREE_REORGANISE',0,1,1),(5,'SilverStripe\\Security\\Permission','2019-10-15 05:07:37','2019-10-15 05:07:37','ADMIN',0,1,2);
/*!40000 ALTER TABLE `Permission` ENABLE KEYS */;
UNLOCK TABLES;

--
-- Table structure for table `PermissionRole`
--

DROP TABLE IF EXISTS `PermissionRole`;
/*!40101 SET @saved_cs_client     = @@character_set_client */;
/*!40101 SET character_set_client = utf8 */;
CREATE TABLE `PermissionRole` (
  `ID` int(11) NOT NULL AUTO_INCREMENT,
  `ClassName` enum('SilverStripe\\Security\\PermissionRole') DEFAULT 'SilverStripe\\Security\\PermissionRole',
  `LastEdited` datetime DEFAULT NULL,
  `Created` datetime DEFAULT NULL,
  `Title` varchar(255) DEFAULT NULL,
  `OnlyAdminCanApply` tinyint(1) unsigned NOT NULL DEFAULT '0',
  PRIMARY KEY (`ID`),
  KEY `Title` (`Title`),
  KEY `ClassName` (`ClassName`)
) ENGINE=InnoDB DEFAULT CHARSET=utf8;
/*!40101 SET character_set_client = @saved_cs_client */;

--
-- Dumping data for table `PermissionRole`
--

LOCK TABLES `PermissionRole` WRITE;
/*!40000 ALTER TABLE `PermissionRole` DISABLE KEYS */;
/*!40000 ALTER TABLE `PermissionRole` ENABLE KEYS */;
UNLOCK TABLES;

--
-- Table structure for table `PermissionRoleCode`
--

DROP TABLE IF EXISTS `PermissionRoleCode`;
/*!40101 SET @saved_cs_client     = @@character_set_client */;
/*!40101 SET character_set_client = utf8 */;
CREATE TABLE `PermissionRoleCode` (
  `ID` int(11) NOT NULL AUTO_INCREMENT,
  `ClassName` enum('SilverStripe\\Security\\PermissionRoleCode') DEFAULT 'SilverStripe\\Security\\PermissionRoleCode',
  `LastEdited` datetime DEFAULT NULL,
  `Created` datetime DEFAULT NULL,
  `Code` varchar(255) DEFAULT NULL,
  `RoleID` int(11) NOT NULL DEFAULT '0',
  PRIMARY KEY (`ID`),
  KEY `ClassName` (`ClassName`),
  KEY `RoleID` (`RoleID`)
) ENGINE=InnoDB DEFAULT CHARSET=utf8;
/*!40101 SET character_set_client = @saved_cs_client */;

--
-- Dumping data for table `PermissionRoleCode`
--

LOCK TABLES `PermissionRoleCode` WRITE;
/*!40000 ALTER TABLE `PermissionRoleCode` DISABLE KEYS */;
/*!40000 ALTER TABLE `PermissionRoleCode` ENABLE KEYS */;
UNLOCK TABLES;

--
-- Table structure for table `RedirectorPage`
--

DROP TABLE IF EXISTS `RedirectorPage`;
/*!40101 SET @saved_cs_client     = @@character_set_client */;
/*!40101 SET character_set_client = utf8 */;
CREATE TABLE `RedirectorPage` (
  `ID` int(11) NOT NULL AUTO_INCREMENT,
  `RedirectionType` enum('Internal','External') DEFAULT 'Internal',
  `ExternalURL` varchar(2083) DEFAULT NULL,
  `LinkToID` int(11) NOT NULL DEFAULT '0',
  PRIMARY KEY (`ID`),
  KEY `LinkToID` (`LinkToID`)
) ENGINE=InnoDB DEFAULT CHARSET=utf8;
/*!40101 SET character_set_client = @saved_cs_client */;

--
-- Dumping data for table `RedirectorPage`
--

LOCK TABLES `RedirectorPage` WRITE;
/*!40000 ALTER TABLE `RedirectorPage` DISABLE KEYS */;
/*!40000 ALTER TABLE `RedirectorPage` ENABLE KEYS */;
UNLOCK TABLES;

--
-- Table structure for table `RedirectorPage_Live`
--

DROP TABLE IF EXISTS `RedirectorPage_Live`;
/*!40101 SET @saved_cs_client     = @@character_set_client */;
/*!40101 SET character_set_client = utf8 */;
CREATE TABLE `RedirectorPage_Live` (
  `ID` int(11) NOT NULL AUTO_INCREMENT,
  `RedirectionType` enum('Internal','External') DEFAULT 'Internal',
  `ExternalURL` varchar(2083) DEFAULT NULL,
  `LinkToID` int(11) NOT NULL DEFAULT '0',
  PRIMARY KEY (`ID`),
  KEY `LinkToID` (`LinkToID`)
) ENGINE=InnoDB DEFAULT CHARSET=utf8;
/*!40101 SET character_set_client = @saved_cs_client */;

--
-- Dumping data for table `RedirectorPage_Live`
--

LOCK TABLES `RedirectorPage_Live` WRITE;
/*!40000 ALTER TABLE `RedirectorPage_Live` DISABLE KEYS */;
/*!40000 ALTER TABLE `RedirectorPage_Live` ENABLE KEYS */;
UNLOCK TABLES;

--
-- Table structure for table `RedirectorPage_Versions`
--

DROP TABLE IF EXISTS `RedirectorPage_Versions`;
/*!40101 SET @saved_cs_client     = @@character_set_client */;
/*!40101 SET character_set_client = utf8 */;
CREATE TABLE `RedirectorPage_Versions` (
  `ID` int(11) NOT NULL AUTO_INCREMENT,
  `RecordID` int(11) NOT NULL DEFAULT '0',
  `Version` int(11) NOT NULL DEFAULT '0',
  `RedirectionType` enum('Internal','External') DEFAULT 'Internal',
  `ExternalURL` varchar(2083) DEFAULT NULL,
  `LinkToID` int(11) NOT NULL DEFAULT '0',
  PRIMARY KEY (`ID`),
  UNIQUE KEY `RecordID_Version` (`RecordID`,`Version`),
  KEY `RecordID` (`RecordID`),
  KEY `Version` (`Version`),
  KEY `LinkToID` (`LinkToID`)
) ENGINE=InnoDB DEFAULT CHARSET=utf8;
/*!40101 SET character_set_client = @saved_cs_client */;

--
-- Dumping data for table `RedirectorPage_Versions`
--

LOCK TABLES `RedirectorPage_Versions` WRITE;
/*!40000 ALTER TABLE `RedirectorPage_Versions` DISABLE KEYS */;
/*!40000 ALTER TABLE `RedirectorPage_Versions` ENABLE KEYS */;
UNLOCK TABLES;

--
-- Table structure for table `RememberLoginHash`
--

DROP TABLE IF EXISTS `RememberLoginHash`;
/*!40101 SET @saved_cs_client     = @@character_set_client */;
/*!40101 SET character_set_client = utf8 */;
CREATE TABLE `RememberLoginHash` (
  `ID` int(11) NOT NULL AUTO_INCREMENT,
  `ClassName` enum('SilverStripe\\Security\\RememberLoginHash') DEFAULT 'SilverStripe\\Security\\RememberLoginHash',
  `LastEdited` datetime DEFAULT NULL,
  `Created` datetime DEFAULT NULL,
  `DeviceID` varchar(40) DEFAULT NULL,
  `Hash` varchar(160) DEFAULT NULL,
  `ExpiryDate` datetime DEFAULT NULL,
  `MemberID` int(11) NOT NULL DEFAULT '0',
  PRIMARY KEY (`ID`),
  KEY `ClassName` (`ClassName`),
  KEY `MemberID` (`MemberID`),
  KEY `DeviceID` (`DeviceID`),
  KEY `Hash` (`Hash`)
) ENGINE=InnoDB AUTO_INCREMENT=3 DEFAULT CHARSET=utf8;
/*!40101 SET character_set_client = @saved_cs_client */;

--
-- Dumping data for table `RememberLoginHash`
--

LOCK TABLES `RememberLoginHash` WRITE;
/*!40000 ALTER TABLE `RememberLoginHash` DISABLE KEYS */;
INSERT INTO `RememberLoginHash` VALUES (1,'SilverStripe\\Security\\RememberLoginHash','2019-10-15 11:06:17','2019-10-15 05:46:23','bc4f833cdb315a525c6a615e119e2df30651da37','d24f7ce1618619af5ec465cc9712ce7780b95816','2020-01-13 05:46:23',1),(2,'SilverStripe\\Security\\RememberLoginHash','2019-10-17 03:07:01','2019-10-17 03:07:01','bc4a1368c1b81c1598352dfdc0d0796e841c9bb5','5b494caefd2bb4667e068eeb556f2059c1a6b073','2020-01-15 03:07:01',1);
/*!40000 ALTER TABLE `RememberLoginHash` ENABLE KEYS */;
UNLOCK TABLES;

--
-- Table structure for table `SilverStripe_Example_ArticleCategory`
--

DROP TABLE IF EXISTS `SilverStripe_Example_ArticleCategory`;
/*!40101 SET @saved_cs_client     = @@character_set_client */;
/*!40101 SET character_set_client = utf8 */;
CREATE TABLE `SilverStripe_Example_ArticleCategory` (
  `ID` int(11) NOT NULL AUTO_INCREMENT,
  `ClassName` enum('SilverStripe\\Example\\ArticleCategory') DEFAULT 'SilverStripe\\Example\\ArticleCategory',
  `LastEdited` datetime DEFAULT NULL,
  `Created` datetime DEFAULT NULL,
  `Title` varchar(255) DEFAULT NULL,
  `ArticleHolderID` int(11) NOT NULL DEFAULT '0',
  PRIMARY KEY (`ID`),
  KEY `ClassName` (`ClassName`),
  KEY `ArticleHolderID` (`ArticleHolderID`)
) ENGINE=InnoDB AUTO_INCREMENT=8 DEFAULT CHARSET=utf8;
/*!40101 SET character_set_client = @saved_cs_client */;

--
-- Dumping data for table `SilverStripe_Example_ArticleCategory`
--

LOCK TABLES `SilverStripe_Example_ArticleCategory` WRITE;
/*!40000 ALTER TABLE `SilverStripe_Example_ArticleCategory` DISABLE KEYS */;
INSERT INTO `SilverStripe_Example_ArticleCategory` VALUES (1,'SilverStripe\\Example\\ArticleCategory','2019-10-17 03:08:27','2019-10-17 03:08:27','Business',9),(2,'SilverStripe\\Example\\ArticleCategory','2019-10-17 03:08:48','2019-10-17 03:08:48','Commercial',9),(3,'SilverStripe\\Example\\ArticleCategory','2019-10-17 03:09:12','2019-10-17 03:09:12','Land',9),(4,'SilverStripe\\Example\\ArticleCategory','2019-10-17 03:09:30','2019-10-17 03:09:30','Loans',9),(5,'SilverStripe\\Example\\ArticleCategory','2019-10-17 03:09:50','2019-10-17 03:09:50','News and Updates',9),(6,'SilverStripe\\Example\\ArticleCategory','2019-10-17 03:10:11','2019-10-17 03:10:11','Properties for Sale',9),(7,'SilverStripe\\Example\\ArticleCategory','2019-10-17 03:10:29','2019-10-17 03:10:29','Real Estate',9);
/*!40000 ALTER TABLE `SilverStripe_Example_ArticleCategory` ENABLE KEYS */;
UNLOCK TABLES;

--
-- Table structure for table `SilverStripe_Example_ArticleComment`
--

DROP TABLE IF EXISTS `SilverStripe_Example_ArticleComment`;
/*!40101 SET @saved_cs_client     = @@character_set_client */;
/*!40101 SET character_set_client = utf8 */;
CREATE TABLE `SilverStripe_Example_ArticleComment` (
  `ID` int(11) NOT NULL AUTO_INCREMENT,
  `ClassName` enum('SilverStripe\\Example\\ArticleComment') DEFAULT 'SilverStripe\\Example\\ArticleComment',
  `LastEdited` datetime DEFAULT NULL,
  `Created` datetime DEFAULT NULL,
  `Name` varchar(255) DEFAULT NULL,
  `Email` varchar(255) DEFAULT NULL,
  `Comment` mediumtext,
  `ArticlePageID` int(11) NOT NULL DEFAULT '0',
  PRIMARY KEY (`ID`),
  KEY `ClassName` (`ClassName`),
  KEY `ArticlePageID` (`ArticlePageID`)
) ENGINE=InnoDB AUTO_INCREMENT=2 DEFAULT CHARSET=utf8;
/*!40101 SET character_set_client = @saved_cs_client */;

--
-- Dumping data for table `SilverStripe_Example_ArticleComment`
--

LOCK TABLES `SilverStripe_Example_ArticleComment` WRITE;
/*!40000 ALTER TABLE `SilverStripe_Example_ArticleComment` DISABLE KEYS */;
INSERT INTO `SilverStripe_Example_ArticleComment` VALUES (1,'SilverStripe\\Example\\ArticleComment','2019-10-17 12:58:37','2019-10-17 12:58:37','John Doe','john@example.com','Hello World',10);
/*!40000 ALTER TABLE `SilverStripe_Example_ArticleComment` ENABLE KEYS */;
UNLOCK TABLES;

--
-- Table structure for table `SilverStripe_Example_ArticlePage`
--

DROP TABLE IF EXISTS `SilverStripe_Example_ArticlePage`;
/*!40101 SET @saved_cs_client     = @@character_set_client */;
/*!40101 SET character_set_client = utf8 */;
CREATE TABLE `SilverStripe_Example_ArticlePage` (
  `ID` int(11) NOT NULL AUTO_INCREMENT,
  `Date` date DEFAULT NULL,
  `Teaser` mediumtext,
  `ArticleAuthor` varchar(255) DEFAULT NULL,
  `PhotoID` int(11) NOT NULL DEFAULT '0',
  `BrochureID` int(11) NOT NULL DEFAULT '0',
  PRIMARY KEY (`ID`),
  KEY `PhotoID` (`PhotoID`),
  KEY `BrochureID` (`BrochureID`)
) ENGINE=InnoDB AUTO_INCREMENT=13 DEFAULT CHARSET=utf8;
/*!40101 SET character_set_client = @saved_cs_client */;

--
-- Dumping data for table `SilverStripe_Example_ArticlePage`
--

LOCK TABLES `SilverStripe_Example_ArticlePage` WRITE;
/*!40000 ALTER TABLE `SilverStripe_Example_ArticlePage` DISABLE KEYS */;
INSERT INTO `SilverStripe_Example_ArticlePage` VALUES (10,'1776-07-04','Teaser of sample article 1','Manuel Thalmann',3,4),(11,'1840-02-06',NULL,'John Doe',5,6),(12,'2000-08-01',NULL,'Jane Doe',7,8);
/*!40000 ALTER TABLE `SilverStripe_Example_ArticlePage` ENABLE KEYS */;
UNLOCK TABLES;

--
-- Table structure for table `SilverStripe_Example_ArticlePage_Categories`
--

DROP TABLE IF EXISTS `SilverStripe_Example_ArticlePage_Categories`;
/*!40101 SET @saved_cs_client     = @@character_set_client */;
/*!40101 SET character_set_client = utf8 */;
CREATE TABLE `SilverStripe_Example_ArticlePage_Categories` (
  `ID` int(11) NOT NULL AUTO_INCREMENT,
  `SilverStripe_Example_ArticlePageID` int(11) NOT NULL DEFAULT '0',
  `SilverStripe_Example_ArticleCategoryID` int(11) NOT NULL DEFAULT '0',
  PRIMARY KEY (`ID`),
  KEY `SilverStripe_Example_ArticlePageID` (`SilverStripe_Example_ArticlePageID`),
  KEY `SilverStripe_Example_ArticleCategoryID` (`SilverStripe_Example_ArticleCategoryID`)
) ENGINE=InnoDB AUTO_INCREMENT=16 DEFAULT CHARSET=utf8;
/*!40101 SET character_set_client = @saved_cs_client */;

--
-- Dumping data for table `SilverStripe_Example_ArticlePage_Categories`
--

LOCK TABLES `SilverStripe_Example_ArticlePage_Categories` WRITE;
/*!40000 ALTER TABLE `SilverStripe_Example_ArticlePage_Categories` DISABLE KEYS */;
INSERT INTO `SilverStripe_Example_ArticlePage_Categories` VALUES (1,10,1),(2,10,3),(3,10,5),(4,10,6),(5,11,1),(6,11,3),(7,11,5),(8,11,7),(9,12,1),(10,12,2),(11,12,3),(12,12,4),(13,12,5),(14,12,6),(15,12,7);
/*!40000 ALTER TABLE `SilverStripe_Example_ArticlePage_Categories` ENABLE KEYS */;
UNLOCK TABLES;

--
-- Table structure for table `SilverStripe_Example_ArticlePage_Live`
--

DROP TABLE IF EXISTS `SilverStripe_Example_ArticlePage_Live`;
/*!40101 SET @saved_cs_client     = @@character_set_client */;
/*!40101 SET character_set_client = utf8 */;
CREATE TABLE `SilverStripe_Example_ArticlePage_Live` (
  `ID` int(11) NOT NULL AUTO_INCREMENT,
  `Date` date DEFAULT NULL,
  `Teaser` mediumtext,
  `ArticleAuthor` varchar(255) DEFAULT NULL,
  `PhotoID` int(11) NOT NULL DEFAULT '0',
  `BrochureID` int(11) NOT NULL DEFAULT '0',
  PRIMARY KEY (`ID`),
  KEY `PhotoID` (`PhotoID`),
  KEY `BrochureID` (`BrochureID`)
) ENGINE=InnoDB AUTO_INCREMENT=13 DEFAULT CHARSET=utf8;
/*!40101 SET character_set_client = @saved_cs_client */;

--
-- Dumping data for table `SilverStripe_Example_ArticlePage_Live`
--

LOCK TABLES `SilverStripe_Example_ArticlePage_Live` WRITE;
/*!40000 ALTER TABLE `SilverStripe_Example_ArticlePage_Live` DISABLE KEYS */;
INSERT INTO `SilverStripe_Example_ArticlePage_Live` VALUES (10,'1776-07-04','Teaser of sample article 1','Manuel Thalmann',3,4),(11,'1840-02-06',NULL,'John Doe',5,6),(12,'2000-08-01',NULL,'Jane Doe',7,8);
/*!40000 ALTER TABLE `SilverStripe_Example_ArticlePage_Live` ENABLE KEYS */;
UNLOCK TABLES;

--
-- Table structure for table `SilverStripe_Example_ArticlePage_Versions`
--

DROP TABLE IF EXISTS `SilverStripe_Example_ArticlePage_Versions`;
/*!40101 SET @saved_cs_client     = @@character_set_client */;
/*!40101 SET character_set_client = utf8 */;
CREATE TABLE `SilverStripe_Example_ArticlePage_Versions` (
  `ID` int(11) NOT NULL AUTO_INCREMENT,
  `RecordID` int(11) NOT NULL DEFAULT '0',
  `Version` int(11) NOT NULL DEFAULT '0',
  `Date` date DEFAULT NULL,
  `Teaser` mediumtext,
  `ArticleAuthor` varchar(255) DEFAULT NULL,
  `PhotoID` int(11) NOT NULL DEFAULT '0',
  `BrochureID` int(11) NOT NULL DEFAULT '0',
  PRIMARY KEY (`ID`),
  UNIQUE KEY `RecordID_Version` (`RecordID`,`Version`),
  KEY `RecordID` (`RecordID`),
  KEY `Version` (`Version`),
  KEY `PhotoID` (`PhotoID`),
  KEY `BrochureID` (`BrochureID`)
) ENGINE=InnoDB AUTO_INCREMENT=10 DEFAULT CHARSET=utf8;
/*!40101 SET character_set_client = @saved_cs_client */;

--
-- Dumping data for table `SilverStripe_Example_ArticlePage_Versions`
--

LOCK TABLES `SilverStripe_Example_ArticlePage_Versions` WRITE;
/*!40000 ALTER TABLE `SilverStripe_Example_ArticlePage_Versions` DISABLE KEYS */;
INSERT INTO `SilverStripe_Example_ArticlePage_Versions` VALUES (1,10,7,'1776-07-04','Teaser of sample article 1','Manuel Thalmann',0,0),(2,11,7,'1840-02-06',NULL,'John Doe',0,0),(3,12,7,'2000-08-01',NULL,'Jane Doe',0,0),(4,10,8,'1776-07-04','Teaser of sample article 1','Manuel Thalmann',3,4),(5,10,9,'1776-07-04','Teaser of sample article 1','Manuel Thalmann',3,4),(6,11,8,'1840-02-06',NULL,'John Doe',5,6),(7,11,9,'1840-02-06',NULL,'John Doe',5,6),(8,12,8,'2000-08-01',NULL,'Jane Doe',7,8),(9,12,9,'2000-08-01',NULL,'Jane Doe',7,8);
/*!40000 ALTER TABLE `SilverStripe_Example_ArticlePage_Versions` ENABLE KEYS */;
UNLOCK TABLES;

--
-- Table structure for table `SilverStripe_Example_Region`
--

DROP TABLE IF EXISTS `SilverStripe_Example_Region`;
/*!40101 SET @saved_cs_client     = @@character_set_client */;
/*!40101 SET character_set_client = utf8 */;
CREATE TABLE `SilverStripe_Example_Region` (
  `ID` int(11) NOT NULL AUTO_INCREMENT,
  `ClassName` enum('SilverStripe\\Example\\Region') DEFAULT 'SilverStripe\\Example\\Region',
  `LastEdited` datetime DEFAULT NULL,
  `Created` datetime DEFAULT NULL,
  `Version` int(11) NOT NULL DEFAULT '0',
  `Title` varchar(255) DEFAULT NULL,
  `Description` mediumtext,
  `PhotoID` int(11) NOT NULL DEFAULT '0',
  `RegionsPageID` int(11) NOT NULL DEFAULT '0',
  PRIMARY KEY (`ID`),
  KEY `ClassName` (`ClassName`),
  KEY `PhotoID` (`PhotoID`),
  KEY `RegionsPageID` (`RegionsPageID`)
) ENGINE=InnoDB AUTO_INCREMENT=5 DEFAULT CHARSET=utf8;
/*!40101 SET character_set_client = @saved_cs_client */;

--
-- Dumping data for table `SilverStripe_Example_Region`
--

LOCK TABLES `SilverStripe_Example_Region` WRITE;
/*!40000 ALTER TABLE `SilverStripe_Example_Region` DISABLE KEYS */;
INSERT INTO `SilverStripe_Example_Region` VALUES (1,'SilverStripe\\Example\\Region','2019-10-17 02:37:16','2019-10-17 02:32:51',2,'The Northeast','Description about the Northeast',10,8),(2,'SilverStripe\\Example\\Region','2019-10-17 02:37:16','2019-10-17 02:33:43',2,'The Northwest','Description about the Northwest',11,8),(3,'SilverStripe\\Example\\Region','2019-10-17 02:37:16','2019-10-17 02:34:33',2,'The Southeast','Description about the Southeast',12,8),(4,'SilverStripe\\Example\\Region','2019-10-17 02:37:16','2019-10-17 02:35:40',2,'The Southwest','Description about the Southwest',13,8);
/*!40000 ALTER TABLE `SilverStripe_Example_Region` ENABLE KEYS */;
UNLOCK TABLES;

--
-- Table structure for table `SilverStripe_Example_Region_Live`
--

DROP TABLE IF EXISTS `SilverStripe_Example_Region_Live`;
/*!40101 SET @saved_cs_client     = @@character_set_client */;
/*!40101 SET character_set_client = utf8 */;
CREATE TABLE `SilverStripe_Example_Region_Live` (
  `ID` int(11) NOT NULL AUTO_INCREMENT,
  `ClassName` enum('SilverStripe\\Example\\Region') DEFAULT 'SilverStripe\\Example\\Region',
  `LastEdited` datetime DEFAULT NULL,
  `Created` datetime DEFAULT NULL,
  `Version` int(11) NOT NULL DEFAULT '0',
  `Title` varchar(255) DEFAULT NULL,
  `Description` mediumtext,
  `PhotoID` int(11) NOT NULL DEFAULT '0',
  `RegionsPageID` int(11) NOT NULL DEFAULT '0',
  PRIMARY KEY (`ID`),
  KEY `ClassName` (`ClassName`),
  KEY `PhotoID` (`PhotoID`),
  KEY `RegionsPageID` (`RegionsPageID`)
) ENGINE=InnoDB AUTO_INCREMENT=5 DEFAULT CHARSET=utf8;
/*!40101 SET character_set_client = @saved_cs_client */;

--
-- Dumping data for table `SilverStripe_Example_Region_Live`
--

LOCK TABLES `SilverStripe_Example_Region_Live` WRITE;
/*!40000 ALTER TABLE `SilverStripe_Example_Region_Live` DISABLE KEYS */;
INSERT INTO `SilverStripe_Example_Region_Live` VALUES (1,'SilverStripe\\Example\\Region','2019-10-17 02:37:16','2019-10-17 02:32:51',2,'The Northeast','Description about the Northeast',10,8),(2,'SilverStripe\\Example\\Region','2019-10-17 02:37:16','2019-10-17 02:33:43',2,'The Northwest','Description about the Northwest',11,8),(3,'SilverStripe\\Example\\Region','2019-10-17 02:37:16','2019-10-17 02:34:33',2,'The Southeast','Description about the Southeast',12,8),(4,'SilverStripe\\Example\\Region','2019-10-17 02:37:16','2019-10-17 02:35:40',2,'The Southwest','Description about the Southwest',13,8);
/*!40000 ALTER TABLE `SilverStripe_Example_Region_Live` ENABLE KEYS */;
UNLOCK TABLES;

--
-- Table structure for table `SilverStripe_Example_Region_Versions`
--

DROP TABLE IF EXISTS `SilverStripe_Example_Region_Versions`;
/*!40101 SET @saved_cs_client     = @@character_set_client */;
/*!40101 SET character_set_client = utf8 */;
CREATE TABLE `SilverStripe_Example_Region_Versions` (
  `ID` int(11) NOT NULL AUTO_INCREMENT,
  `RecordID` int(11) NOT NULL DEFAULT '0',
  `Version` int(11) NOT NULL DEFAULT '0',
  `WasPublished` tinyint(1) unsigned NOT NULL DEFAULT '0',
  `WasDeleted` tinyint(1) unsigned NOT NULL DEFAULT '0',
  `WasDraft` tinyint(1) unsigned NOT NULL DEFAULT '0',
  `AuthorID` int(11) NOT NULL DEFAULT '0',
  `PublisherID` int(11) NOT NULL DEFAULT '0',
  `ClassName` enum('SilverStripe\\Example\\Region') DEFAULT 'SilverStripe\\Example\\Region',
  `LastEdited` datetime DEFAULT NULL,
  `Created` datetime DEFAULT NULL,
  `Title` varchar(255) DEFAULT NULL,
  `Description` mediumtext,
  `PhotoID` int(11) NOT NULL DEFAULT '0',
  `RegionsPageID` int(11) NOT NULL DEFAULT '0',
  PRIMARY KEY (`ID`),
  KEY `RecordID_Version` (`RecordID`,`Version`),
  KEY `RecordID` (`RecordID`),
  KEY `Version` (`Version`),
  KEY `AuthorID` (`AuthorID`),
  KEY `PublisherID` (`PublisherID`),
  KEY `ClassName` (`ClassName`),
  KEY `PhotoID` (`PhotoID`),
  KEY `RegionsPageID` (`RegionsPageID`)
) ENGINE=InnoDB AUTO_INCREMENT=9 DEFAULT CHARSET=utf8;
/*!40101 SET character_set_client = @saved_cs_client */;

--
-- Dumping data for table `SilverStripe_Example_Region_Versions`
--

LOCK TABLES `SilverStripe_Example_Region_Versions` WRITE;
/*!40000 ALTER TABLE `SilverStripe_Example_Region_Versions` DISABLE KEYS */;
INSERT INTO `SilverStripe_Example_Region_Versions` VALUES (1,1,1,0,0,1,1,0,'SilverStripe\\Example\\Region','2019-10-17 02:32:51','2019-10-17 02:32:51','The Northeast','Description about the Northeast',10,8),(2,2,1,0,0,1,1,0,'SilverStripe\\Example\\Region','2019-10-17 02:33:43','2019-10-17 02:33:43','The Northwest','Description about the Northwest',11,8),(3,3,1,0,0,1,1,0,'SilverStripe\\Example\\Region','2019-10-17 02:34:33','2019-10-17 02:34:33','The Southeast','Description about the Southeast',12,8),(4,4,1,0,0,1,1,0,'SilverStripe\\Example\\Region','2019-10-17 02:35:40','2019-10-17 02:35:40','The Southwest','Description about the Southwest',13,8),(5,1,2,1,0,1,1,1,'SilverStripe\\Example\\Region','2019-10-17 02:37:16','2019-10-17 02:32:51','The Northeast','Description about the Northeast',10,8),(6,2,2,1,0,1,1,1,'SilverStripe\\Example\\Region','2019-10-17 02:37:16','2019-10-17 02:33:43','The Northwest','Description about the Northwest',11,8),(7,3,2,1,0,1,1,1,'SilverStripe\\Example\\Region','2019-10-17 02:37:16','2019-10-17 02:34:33','The Southeast','Description about the Southeast',12,8),(8,4,2,1,0,1,1,1,'SilverStripe\\Example\\Region','2019-10-17 02:37:16','2019-10-17 02:35:40','The Southwest','Description about the Southwest',13,8);
/*!40000 ALTER TABLE `SilverStripe_Example_Region_Versions` ENABLE KEYS */;
UNLOCK TABLES;

--
-- Table structure for table `SiteConfig`
--

DROP TABLE IF EXISTS `SiteConfig`;
/*!40101 SET @saved_cs_client     = @@character_set_client */;
/*!40101 SET character_set_client = utf8 */;
CREATE TABLE `SiteConfig` (
  `ID` int(11) NOT NULL AUTO_INCREMENT,
  `ClassName` enum('SilverStripe\\SiteConfig\\SiteConfig') DEFAULT 'SilverStripe\\SiteConfig\\SiteConfig',
  `LastEdited` datetime DEFAULT NULL,
  `Created` datetime DEFAULT NULL,
  `Title` varchar(255) DEFAULT NULL,
  `Tagline` varchar(255) DEFAULT NULL,
  `CanViewType` enum('Anyone','LoggedInUsers','OnlyTheseUsers') DEFAULT 'Anyone',
  `CanEditType` enum('LoggedInUsers','OnlyTheseUsers') DEFAULT 'LoggedInUsers',
  `CanCreateTopLevelType` enum('LoggedInUsers','OnlyTheseUsers') DEFAULT 'LoggedInUsers',
  PRIMARY KEY (`ID`),
  KEY `ClassName` (`ClassName`)
) ENGINE=InnoDB AUTO_INCREMENT=2 DEFAULT CHARSET=utf8;
/*!40101 SET character_set_client = @saved_cs_client */;

--
-- Dumping data for table `SiteConfig`
--

LOCK TABLES `SiteConfig` WRITE;
/*!40000 ALTER TABLE `SiteConfig` DISABLE KEYS */;
INSERT INTO `SiteConfig` VALUES (1,'SilverStripe\\SiteConfig\\SiteConfig','2019-10-15 05:07:36','2019-10-15 05:07:36','Your Site Name','your tagline here','Anyone','LoggedInUsers','LoggedInUsers');
/*!40000 ALTER TABLE `SiteConfig` ENABLE KEYS */;
UNLOCK TABLES;

--
-- Table structure for table `SiteConfig_CreateTopLevelGroups`
--

DROP TABLE IF EXISTS `SiteConfig_CreateTopLevelGroups`;
/*!40101 SET @saved_cs_client     = @@character_set_client */;
/*!40101 SET character_set_client = utf8 */;
CREATE TABLE `SiteConfig_CreateTopLevelGroups` (
  `ID` int(11) NOT NULL AUTO_INCREMENT,
  `SiteConfigID` int(11) NOT NULL DEFAULT '0',
  `GroupID` int(11) NOT NULL DEFAULT '0',
  PRIMARY KEY (`ID`),
  KEY `SiteConfigID` (`SiteConfigID`),
  KEY `GroupID` (`GroupID`)
) ENGINE=InnoDB DEFAULT CHARSET=utf8;
/*!40101 SET character_set_client = @saved_cs_client */;

--
-- Dumping data for table `SiteConfig_CreateTopLevelGroups`
--

LOCK TABLES `SiteConfig_CreateTopLevelGroups` WRITE;
/*!40000 ALTER TABLE `SiteConfig_CreateTopLevelGroups` DISABLE KEYS */;
/*!40000 ALTER TABLE `SiteConfig_CreateTopLevelGroups` ENABLE KEYS */;
UNLOCK TABLES;

--
-- Table structure for table `SiteConfig_EditorGroups`
--

DROP TABLE IF EXISTS `SiteConfig_EditorGroups`;
/*!40101 SET @saved_cs_client     = @@character_set_client */;
/*!40101 SET character_set_client = utf8 */;
CREATE TABLE `SiteConfig_EditorGroups` (
  `ID` int(11) NOT NULL AUTO_INCREMENT,
  `SiteConfigID` int(11) NOT NULL DEFAULT '0',
  `GroupID` int(11) NOT NULL DEFAULT '0',
  PRIMARY KEY (`ID`),
  KEY `SiteConfigID` (`SiteConfigID`),
  KEY `GroupID` (`GroupID`)
) ENGINE=InnoDB DEFAULT CHARSET=utf8;
/*!40101 SET character_set_client = @saved_cs_client */;

--
-- Dumping data for table `SiteConfig_EditorGroups`
--

LOCK TABLES `SiteConfig_EditorGroups` WRITE;
/*!40000 ALTER TABLE `SiteConfig_EditorGroups` DISABLE KEYS */;
/*!40000 ALTER TABLE `SiteConfig_EditorGroups` ENABLE KEYS */;
UNLOCK TABLES;

--
-- Table structure for table `SiteConfig_ViewerGroups`
--

DROP TABLE IF EXISTS `SiteConfig_ViewerGroups`;
/*!40101 SET @saved_cs_client     = @@character_set_client */;
/*!40101 SET character_set_client = utf8 */;
CREATE TABLE `SiteConfig_ViewerGroups` (
  `ID` int(11) NOT NULL AUTO_INCREMENT,
  `SiteConfigID` int(11) NOT NULL DEFAULT '0',
  `GroupID` int(11) NOT NULL DEFAULT '0',
  PRIMARY KEY (`ID`),
  KEY `SiteConfigID` (`SiteConfigID`),
  KEY `GroupID` (`GroupID`)
) ENGINE=InnoDB DEFAULT CHARSET=utf8;
/*!40101 SET character_set_client = @saved_cs_client */;

--
-- Dumping data for table `SiteConfig_ViewerGroups`
--

LOCK TABLES `SiteConfig_ViewerGroups` WRITE;
/*!40000 ALTER TABLE `SiteConfig_ViewerGroups` DISABLE KEYS */;
/*!40000 ALTER TABLE `SiteConfig_ViewerGroups` ENABLE KEYS */;
UNLOCK TABLES;

--
-- Table structure for table `SiteTree`
--

DROP TABLE IF EXISTS `SiteTree`;
/*!40101 SET @saved_cs_client     = @@character_set_client */;
/*!40101 SET character_set_client = utf8 */;
CREATE TABLE `SiteTree` (
  `ID` int(11) NOT NULL AUTO_INCREMENT,
  `ClassName` enum('SilverStripe\\CMS\\Model\\SiteTree','Page','SilverStripe\\Example\\ArticleHolder','SilverStripe\\Example\\ArticlePage','SilverStripe\\Example\\HomePage','SilverStripe\\Example\\RegionsPage','SilverStripe\\ErrorPage\\ErrorPage','SilverStripe\\CMS\\Model\\RedirectorPage','SilverStripe\\CMS\\Model\\VirtualPage') DEFAULT 'Page',
  `LastEdited` datetime DEFAULT NULL,
  `Created` datetime DEFAULT NULL,
  `CanViewType` enum('Anyone','LoggedInUsers','OnlyTheseUsers','Inherit') DEFAULT 'Inherit',
  `CanEditType` enum('LoggedInUsers','OnlyTheseUsers','Inherit') DEFAULT 'Inherit',
  `Version` int(11) NOT NULL DEFAULT '0',
  `URLSegment` varchar(255) DEFAULT NULL,
  `Title` varchar(255) DEFAULT NULL,
  `MenuTitle` varchar(100) DEFAULT NULL,
  `Content` mediumtext,
  `MetaDescription` mediumtext,
  `ExtraMeta` mediumtext,
  `ShowInMenus` tinyint(1) unsigned NOT NULL DEFAULT '0',
  `ShowInSearch` tinyint(1) unsigned NOT NULL DEFAULT '0',
  `Sort` int(11) NOT NULL DEFAULT '0',
  `HasBrokenFile` tinyint(1) unsigned NOT NULL DEFAULT '0',
  `HasBrokenLink` tinyint(1) unsigned NOT NULL DEFAULT '0',
  `ReportClass` varchar(255) DEFAULT NULL,
  `ParentID` int(11) NOT NULL DEFAULT '0',
  PRIMARY KEY (`ID`),
  KEY `Sort` (`Sort`),
  KEY `ClassName` (`ClassName`),
  KEY `ParentID` (`ParentID`),
  KEY `URLSegment` (`URLSegment`)
) ENGINE=InnoDB AUTO_INCREMENT=13 DEFAULT CHARSET=utf8;
/*!40101 SET character_set_client = @saved_cs_client */;

--
-- Dumping data for table `SiteTree`
--

LOCK TABLES `SiteTree` WRITE;
/*!40000 ALTER TABLE `SiteTree` DISABLE KEYS */;
INSERT INTO `SiteTree` VALUES (1,'SilverStripe\\Example\\HomePage','2019-10-15 05:07:36','2019-10-15 05:07:36','Inherit','Inherit',2,'home','Home',NULL,'<p>Welcome to SilverStripe! This is the default homepage. You can edit this page by opening <a href=\"admin/\">the CMS</a>.</p><p>You can now access the <a href=\"http://docs.silverstripe.org\">developer documentation</a>, or begin the <a href=\"http://www.silverstripe.org/learn/lessons\">SilverStripe lessons</a>.</p>',NULL,NULL,1,1,1,0,0,NULL,0),(2,'Page','2019-10-15 09:51:18','2019-10-15 05:07:36','Inherit','Inherit',4,'about-us','About Us',NULL,'<p>You can fill this page out with your own content, or delete it and create your own pages.</p>',NULL,NULL,1,1,6,0,0,NULL,0),(3,'Page','2019-10-15 09:52:33','2019-10-15 05:07:37','Inherit','Inherit',6,'contact-us','Contact Us',NULL,'<p>You can fill this page out with your own content, or delete it and create your own pages.</p>',NULL,NULL,1,1,7,0,0,NULL,0),(4,'SilverStripe\\ErrorPage\\ErrorPage','2019-10-15 05:07:37','2019-10-15 05:07:37','Inherit','Inherit',2,'page-not-found','Page not found',NULL,'<p>Sorry, it seems you were trying to access a page that doesn\'t exist.</p><p>Please check the spelling of the URL you were trying to access and try again.</p>',NULL,NULL,0,0,8,0,0,NULL,0),(5,'SilverStripe\\ErrorPage\\ErrorPage','2019-10-15 05:07:37','2019-10-15 05:07:37','Inherit','Inherit',2,'server-error','Server error',NULL,'<p>Sorry, there was a problem with handling your request.</p>',NULL,NULL,0,0,9,0,0,NULL,0),(6,'Page','2019-10-15 05:58:41','2019-10-15 05:51:22','Inherit','Inherit',5,'find-a-rental','Find a Rental',NULL,NULL,NULL,NULL,1,1,2,0,0,NULL,0),(7,'Page','2019-10-15 05:59:28','2019-10-15 05:53:30','Inherit','Inherit',5,'list-your-rental','List Your Rental',NULL,NULL,NULL,NULL,1,1,3,0,0,NULL,0),(8,'SilverStripe\\Example\\RegionsPage','2019-10-17 02:37:16','2019-10-15 05:55:16','Inherit','Inherit',7,'regions','Regions',NULL,NULL,NULL,NULL,1,1,4,0,0,NULL,0),(9,'SilverStripe\\Example\\ArticleHolder','2019-10-15 10:28:48','2019-10-15 06:00:25','Inherit','Inherit',7,'travel-guides','Travel Guides',NULL,NULL,NULL,NULL,1,1,5,0,0,NULL,0),(10,'SilverStripe\\Example\\ArticlePage','2019-10-17 03:21:47','2019-10-15 09:58:45','Inherit','Inherit',9,'sample-article-1','Sample Article 1',NULL,'<p><span>This is sample article 1.</span></p>',NULL,NULL,1,1,1,0,0,NULL,9),(11,'SilverStripe\\Example\\ArticlePage','2019-10-17 03:22:53','2019-10-15 10:01:16','Inherit','Inherit',7,'sample-article-2','Sample Article 2',NULL,'<p><span>This is sample article 2.</span></p>',NULL,NULL,1,1,2,0,0,NULL,9),(12,'SilverStripe\\Example\\ArticlePage','2019-10-17 03:24:24','2019-10-15 10:05:04','Inherit','Inherit',7,'sample-article-3','Sample Article 3',NULL,NULL,NULL,NULL,1,1,3,0,0,NULL,9);
/*!40000 ALTER TABLE `SiteTree` ENABLE KEYS */;
UNLOCK TABLES;

--
-- Table structure for table `SiteTreeLink`
--

DROP TABLE IF EXISTS `SiteTreeLink`;
/*!40101 SET @saved_cs_client     = @@character_set_client */;
/*!40101 SET character_set_client = utf8 */;
CREATE TABLE `SiteTreeLink` (
  `ID` int(11) NOT NULL AUTO_INCREMENT,
  `ClassName` enum('SilverStripe\\CMS\\Model\\SiteTreeLink') DEFAULT 'SilverStripe\\CMS\\Model\\SiteTreeLink',
  `LastEdited` datetime DEFAULT NULL,
  `Created` datetime DEFAULT NULL,
  `LinkedID` int(11) NOT NULL DEFAULT '0',
  `ParentID` int(11) NOT NULL DEFAULT '0',
  `ParentClass` enum('SilverStripe\\Example\\ArticleCategory','SilverStripe\\Example\\ArticleComment','SilverStripe\\Example\\Region','SilverStripe\\Assets\\File','SilverStripe\\SiteConfig\\SiteConfig','SilverStripe\\Versioned\\ChangeSet','SilverStripe\\Versioned\\ChangeSetItem','SilverStripe\\Assets\\Shortcodes\\FileLink','SilverStripe\\CMS\\Model\\SiteTree','SilverStripe\\CMS\\Model\\SiteTreeLink','SilverStripe\\Security\\Group','SilverStripe\\Security\\LoginAttempt','SilverStripe\\Security\\Member','SilverStripe\\Security\\MemberPassword','SilverStripe\\Security\\Permission','SilverStripe\\Security\\PermissionRole','SilverStripe\\Security\\PermissionRoleCode','SilverStripe\\Security\\RememberLoginHash','SilverStripe\\Assets\\Folder','SilverStripe\\Assets\\Image','Page','SilverStripe\\Example\\ArticleHolder','SilverStripe\\Example\\ArticlePage','SilverStripe\\Example\\HomePage','SilverStripe\\Example\\RegionsPage','SilverStripe\\ErrorPage\\ErrorPage','SilverStripe\\CMS\\Model\\RedirectorPage','SilverStripe\\CMS\\Model\\VirtualPage') DEFAULT 'SilverStripe\\Example\\ArticleCategory',
  PRIMARY KEY (`ID`),
  KEY `ClassName` (`ClassName`),
  KEY `LinkedID` (`LinkedID`),
  KEY `Parent` (`ParentID`,`ParentClass`)
) ENGINE=InnoDB DEFAULT CHARSET=utf8;
/*!40101 SET character_set_client = @saved_cs_client */;

--
-- Dumping data for table `SiteTreeLink`
--

LOCK TABLES `SiteTreeLink` WRITE;
/*!40000 ALTER TABLE `SiteTreeLink` DISABLE KEYS */;
/*!40000 ALTER TABLE `SiteTreeLink` ENABLE KEYS */;
UNLOCK TABLES;

--
-- Table structure for table `SiteTree_EditorGroups`
--

DROP TABLE IF EXISTS `SiteTree_EditorGroups`;
/*!40101 SET @saved_cs_client     = @@character_set_client */;
/*!40101 SET character_set_client = utf8 */;
CREATE TABLE `SiteTree_EditorGroups` (
  `ID` int(11) NOT NULL AUTO_INCREMENT,
  `SiteTreeID` int(11) NOT NULL DEFAULT '0',
  `GroupID` int(11) NOT NULL DEFAULT '0',
  PRIMARY KEY (`ID`),
  KEY `SiteTreeID` (`SiteTreeID`),
  KEY `GroupID` (`GroupID`)
) ENGINE=InnoDB DEFAULT CHARSET=utf8;
/*!40101 SET character_set_client = @saved_cs_client */;

--
-- Dumping data for table `SiteTree_EditorGroups`
--

LOCK TABLES `SiteTree_EditorGroups` WRITE;
/*!40000 ALTER TABLE `SiteTree_EditorGroups` DISABLE KEYS */;
/*!40000 ALTER TABLE `SiteTree_EditorGroups` ENABLE KEYS */;
UNLOCK TABLES;

--
-- Table structure for table `SiteTree_Live`
--

DROP TABLE IF EXISTS `SiteTree_Live`;
/*!40101 SET @saved_cs_client     = @@character_set_client */;
/*!40101 SET character_set_client = utf8 */;
CREATE TABLE `SiteTree_Live` (
  `ID` int(11) NOT NULL AUTO_INCREMENT,
  `ClassName` enum('SilverStripe\\CMS\\Model\\SiteTree','Page','SilverStripe\\Example\\ArticleHolder','SilverStripe\\Example\\ArticlePage','SilverStripe\\Example\\HomePage','SilverStripe\\Example\\RegionsPage','SilverStripe\\ErrorPage\\ErrorPage','SilverStripe\\CMS\\Model\\RedirectorPage','SilverStripe\\CMS\\Model\\VirtualPage') DEFAULT 'Page',
  `LastEdited` datetime DEFAULT NULL,
  `Created` datetime DEFAULT NULL,
  `CanViewType` enum('Anyone','LoggedInUsers','OnlyTheseUsers','Inherit') DEFAULT 'Inherit',
  `CanEditType` enum('LoggedInUsers','OnlyTheseUsers','Inherit') DEFAULT 'Inherit',
  `Version` int(11) NOT NULL DEFAULT '0',
  `URLSegment` varchar(255) DEFAULT NULL,
  `Title` varchar(255) DEFAULT NULL,
  `MenuTitle` varchar(100) DEFAULT NULL,
  `Content` mediumtext,
  `MetaDescription` mediumtext,
  `ExtraMeta` mediumtext,
  `ShowInMenus` tinyint(1) unsigned NOT NULL DEFAULT '0',
  `ShowInSearch` tinyint(1) unsigned NOT NULL DEFAULT '0',
  `Sort` int(11) NOT NULL DEFAULT '0',
  `HasBrokenFile` tinyint(1) unsigned NOT NULL DEFAULT '0',
  `HasBrokenLink` tinyint(1) unsigned NOT NULL DEFAULT '0',
  `ReportClass` varchar(255) DEFAULT NULL,
  `ParentID` int(11) NOT NULL DEFAULT '0',
  PRIMARY KEY (`ID`),
  KEY `Sort` (`Sort`),
  KEY `ClassName` (`ClassName`),
  KEY `ParentID` (`ParentID`),
  KEY `URLSegment` (`URLSegment`)
) ENGINE=InnoDB AUTO_INCREMENT=13 DEFAULT CHARSET=utf8;
/*!40101 SET character_set_client = @saved_cs_client */;

--
-- Dumping data for table `SiteTree_Live`
--

LOCK TABLES `SiteTree_Live` WRITE;
/*!40000 ALTER TABLE `SiteTree_Live` DISABLE KEYS */;
INSERT INTO `SiteTree_Live` VALUES (1,'SilverStripe\\Example\\HomePage','2019-10-15 05:07:36','2019-10-15 05:07:36','Inherit','Inherit',2,'home','Home',NULL,'<p>Welcome to SilverStripe! This is the default homepage. You can edit this page by opening <a href=\"admin/\">the CMS</a>.</p><p>You can now access the <a href=\"http://docs.silverstripe.org\">developer documentation</a>, or begin the <a href=\"http://www.silverstripe.org/learn/lessons\">SilverStripe lessons</a>.</p>',NULL,NULL,1,1,1,0,0,NULL,0),(2,'Page','2019-10-15 09:51:18','2019-10-15 05:07:36','Inherit','Inherit',4,'about-us','About Us',NULL,'<p>You can fill this page out with your own content, or delete it and create your own pages.</p>',NULL,NULL,1,1,6,0,0,NULL,0),(3,'Page','2019-10-15 09:52:33','2019-10-15 05:07:37','Inherit','Inherit',6,'contact-us','Contact Us',NULL,'<p>You can fill this page out with your own content, or delete it and create your own pages.</p>',NULL,NULL,1,1,7,0,0,NULL,0),(4,'SilverStripe\\ErrorPage\\ErrorPage','2019-10-15 05:07:37','2019-10-15 05:07:37','Inherit','Inherit',2,'page-not-found','Page not found',NULL,'<p>Sorry, it seems you were trying to access a page that doesn\'t exist.</p><p>Please check the spelling of the URL you were trying to access and try again.</p>',NULL,NULL,0,0,8,0,0,NULL,0),(5,'SilverStripe\\ErrorPage\\ErrorPage','2019-10-15 05:07:37','2019-10-15 05:07:37','Inherit','Inherit',2,'server-error','Server error',NULL,'<p>Sorry, there was a problem with handling your request.</p>',NULL,NULL,0,0,9,0,0,NULL,0),(6,'Page','2019-10-15 05:58:41','2019-10-15 05:51:22','Inherit','Inherit',5,'find-a-rental','Find a Rental',NULL,NULL,NULL,NULL,1,1,2,0,0,NULL,0),(7,'Page','2019-10-15 05:59:28','2019-10-15 05:53:30','Inherit','Inherit',5,'list-your-rental','List Your Rental',NULL,NULL,NULL,NULL,1,1,3,0,0,NULL,0),(8,'SilverStripe\\Example\\RegionsPage','2019-10-17 02:37:16','2019-10-15 05:55:16','Inherit','Inherit',7,'regions','Regions',NULL,NULL,NULL,NULL,1,1,4,0,0,NULL,0),(9,'SilverStripe\\Example\\ArticleHolder','2019-10-15 10:28:48','2019-10-15 06:00:25','Inherit','Inherit',7,'travel-guides','Travel Guides',NULL,NULL,NULL,NULL,1,1,5,0,0,NULL,0),(10,'SilverStripe\\Example\\ArticlePage','2019-10-16 10:15:16','2019-10-15 09:58:45','Inherit','Inherit',9,'sample-article-1','Sample Article 1',NULL,'<p><span>This is sample article 1.</span></p>',NULL,NULL,1,1,1,0,0,NULL,9),(11,'SilverStripe\\Example\\ArticlePage','2019-10-16 07:46:00','2019-10-15 10:01:16','Inherit','Inherit',7,'sample-article-2','Sample Article 2',NULL,'<p><span>This is sample article 2.</span></p>',NULL,NULL,1,1,2,0,0,NULL,9),(12,'SilverStripe\\Example\\ArticlePage','2019-10-16 07:46:28','2019-10-15 10:05:04','Inherit','Inherit',7,'sample-article-3','Sample Article 3',NULL,NULL,NULL,NULL,1,1,3,0,0,NULL,9);
/*!40000 ALTER TABLE `SiteTree_Live` ENABLE KEYS */;
UNLOCK TABLES;

--
-- Table structure for table `SiteTree_Versions`
--

DROP TABLE IF EXISTS `SiteTree_Versions`;
/*!40101 SET @saved_cs_client     = @@character_set_client */;
/*!40101 SET character_set_client = utf8 */;
CREATE TABLE `SiteTree_Versions` (
  `ID` int(11) NOT NULL AUTO_INCREMENT,
  `RecordID` int(11) NOT NULL DEFAULT '0',
  `Version` int(11) NOT NULL DEFAULT '0',
  `WasPublished` tinyint(1) unsigned NOT NULL DEFAULT '0',
  `WasDeleted` tinyint(1) unsigned NOT NULL DEFAULT '0',
  `WasDraft` tinyint(1) unsigned NOT NULL DEFAULT '0',
  `AuthorID` int(11) NOT NULL DEFAULT '0',
  `PublisherID` int(11) NOT NULL DEFAULT '0',
  `ClassName` enum('SilverStripe\\CMS\\Model\\SiteTree','Page','SilverStripe\\Example\\ArticleHolder','SilverStripe\\Example\\ArticlePage','SilverStripe\\Example\\HomePage','SilverStripe\\Example\\RegionsPage','SilverStripe\\ErrorPage\\ErrorPage','SilverStripe\\CMS\\Model\\RedirectorPage','SilverStripe\\CMS\\Model\\VirtualPage') DEFAULT 'Page',
  `LastEdited` datetime DEFAULT NULL,
  `Created` datetime DEFAULT NULL,
  `CanViewType` enum('Anyone','LoggedInUsers','OnlyTheseUsers','Inherit') DEFAULT 'Inherit',
  `CanEditType` enum('LoggedInUsers','OnlyTheseUsers','Inherit') DEFAULT 'Inherit',
  `URLSegment` varchar(255) DEFAULT NULL,
  `Title` varchar(255) DEFAULT NULL,
  `MenuTitle` varchar(100) DEFAULT NULL,
  `Content` mediumtext,
  `MetaDescription` mediumtext,
  `ExtraMeta` mediumtext,
  `ShowInMenus` tinyint(1) unsigned NOT NULL DEFAULT '0',
  `ShowInSearch` tinyint(1) unsigned NOT NULL DEFAULT '0',
  `Sort` int(11) NOT NULL DEFAULT '0',
  `HasBrokenFile` tinyint(1) unsigned NOT NULL DEFAULT '0',
  `HasBrokenLink` tinyint(1) unsigned NOT NULL DEFAULT '0',
  `ReportClass` varchar(255) DEFAULT NULL,
  `ParentID` int(11) NOT NULL DEFAULT '0',
  PRIMARY KEY (`ID`),
  KEY `RecordID_Version` (`RecordID`,`Version`),
  KEY `RecordID` (`RecordID`),
  KEY `Version` (`Version`),
  KEY `AuthorID` (`AuthorID`),
  KEY `PublisherID` (`PublisherID`),
  KEY `Sort` (`Sort`),
  KEY `ClassName` (`ClassName`),
  KEY `ParentID` (`ParentID`),
  KEY `URLSegment` (`URLSegment`)
) ENGINE=InnoDB AUTO_INCREMENT=65 DEFAULT CHARSET=utf8;
/*!40101 SET character_set_client = @saved_cs_client */;

--
-- Dumping data for table `SiteTree_Versions`
--

LOCK TABLES `SiteTree_Versions` WRITE;
/*!40000 ALTER TABLE `SiteTree_Versions` DISABLE KEYS */;
INSERT INTO `SiteTree_Versions` VALUES (1,1,1,0,0,1,0,0,'SilverStripe\\Example\\HomePage','2019-10-15 05:07:36','2019-10-15 05:07:36','Inherit','Inherit','home','Home',NULL,'<p>Welcome to SilverStripe! This is the default homepage. You can edit this page by opening <a href=\"admin/\">the CMS</a>.</p><p>You can now access the <a href=\"http://docs.silverstripe.org\">developer documentation</a>, or begin the <a href=\"http://www.silverstripe.org/learn/lessons\">SilverStripe lessons</a>.</p>',NULL,NULL,1,1,1,0,0,NULL,0),(2,1,2,1,0,1,0,0,'SilverStripe\\Example\\HomePage','2019-10-15 05:07:36','2019-10-15 05:07:36','Inherit','Inherit','home','Home',NULL,'<p>Welcome to SilverStripe! This is the default homepage. You can edit this page by opening <a href=\"admin/\">the CMS</a>.</p><p>You can now access the <a href=\"http://docs.silverstripe.org\">developer documentation</a>, or begin the <a href=\"http://www.silverstripe.org/learn/lessons\">SilverStripe lessons</a>.</p>',NULL,NULL,1,1,1,0,0,NULL,0),(3,2,1,0,0,1,0,0,'Page','2019-10-15 05:07:36','2019-10-15 05:07:36','Inherit','Inherit','about-us','About Us',NULL,'<p>You can fill this page out with your own content, or delete it and create your own pages.</p>',NULL,NULL,1,1,2,0,0,NULL,0),(4,2,2,1,0,1,0,0,'Page','2019-10-15 05:07:37','2019-10-15 05:07:36','Inherit','Inherit','about-us','About Us',NULL,'<p>You can fill this page out with your own content, or delete it and create your own pages.</p>',NULL,NULL,1,1,2,0,0,NULL,0),(5,3,1,0,0,1,0,0,'Page','2019-10-15 05:07:37','2019-10-15 05:07:37','Inherit','Inherit','contact-us','Contact Us',NULL,'<p>You can fill this page out with your own content, or delete it and create your own pages.</p>',NULL,NULL,1,1,3,0,0,NULL,0),(6,3,2,1,0,1,0,0,'Page','2019-10-15 05:07:37','2019-10-15 05:07:37','Inherit','Inherit','contact-us','Contact Us',NULL,'<p>You can fill this page out with your own content, or delete it and create your own pages.</p>',NULL,NULL,1,1,3,0,0,NULL,0),(7,4,1,0,0,1,0,0,'SilverStripe\\ErrorPage\\ErrorPage','2019-10-15 05:07:37','2019-10-15 05:07:37','Inherit','Inherit','page-not-found','Page not found',NULL,'<p>Sorry, it seems you were trying to access a page that doesn\'t exist.</p><p>Please check the spelling of the URL you were trying to access and try again.</p>',NULL,NULL,0,0,4,0,0,NULL,0),(8,4,2,1,0,1,0,0,'SilverStripe\\ErrorPage\\ErrorPage','2019-10-15 05:07:37','2019-10-15 05:07:37','Inherit','Inherit','page-not-found','Page not found',NULL,'<p>Sorry, it seems you were trying to access a page that doesn\'t exist.</p><p>Please check the spelling of the URL you were trying to access and try again.</p>',NULL,NULL,0,0,4,0,0,NULL,0),(9,5,1,0,0,1,0,0,'SilverStripe\\ErrorPage\\ErrorPage','2019-10-15 05:07:37','2019-10-15 05:07:37','Inherit','Inherit','server-error','Server error',NULL,'<p>Sorry, there was a problem with handling your request.</p>',NULL,NULL,0,0,5,0,0,NULL,0),(10,5,2,1,0,1,0,0,'SilverStripe\\ErrorPage\\ErrorPage','2019-10-15 05:07:37','2019-10-15 05:07:37','Inherit','Inherit','server-error','Server error',NULL,'<p>Sorry, there was a problem with handling your request.</p>',NULL,NULL,0,0,5,0,0,NULL,0),(11,3,3,1,1,1,1,1,'Page','2019-10-15 05:49:04','2019-10-15 05:07:37','Inherit','Inherit',NULL,NULL,NULL,NULL,NULL,NULL,0,0,0,0,0,NULL,0),(12,6,1,0,0,1,1,0,'Page','2019-10-15 05:51:22','2019-10-15 05:51:22','Inherit','Inherit','new-page','New Page',NULL,NULL,NULL,NULL,1,1,6,0,0,NULL,0),(13,6,2,0,0,1,1,0,'Page','2019-10-15 05:52:06','2019-10-15 05:51:22','Inherit','Inherit','find-a-rental','Find a Rental',NULL,NULL,NULL,NULL,1,1,6,0,0,NULL,0),(14,6,3,1,0,1,1,1,'Page','2019-10-15 05:52:23','2019-10-15 05:51:22','Inherit','Inherit','find-a-rental','Find a Rental',NULL,NULL,NULL,NULL,1,1,6,0,0,NULL,0),(15,7,1,0,0,1,1,0,'Page','2019-10-15 05:53:30','2019-10-15 05:53:30','Inherit','Inherit','new-page','New Page',NULL,NULL,NULL,NULL,1,1,7,0,0,NULL,0),(16,7,2,0,0,1,1,0,'Page','2019-10-15 05:54:02','2019-10-15 05:53:30','Inherit','Inherit','list-your-rental','List Your Rental',NULL,NULL,NULL,NULL,1,1,7,0,0,NULL,0),(17,7,3,1,0,1,1,1,'Page','2019-10-15 05:54:16','2019-10-15 05:53:30','Inherit','Inherit','list-your-rental','List Your Rental',NULL,NULL,NULL,NULL,1,1,7,0,0,NULL,0),(18,6,4,0,0,1,1,0,'Page','2019-10-15 05:54:54','2019-10-15 05:51:22','Inherit','Inherit','find-a-rental','Find a Rental',NULL,NULL,NULL,NULL,1,1,2,0,0,NULL,0),(19,7,4,0,0,1,1,0,'Page','2019-10-15 05:54:58','2019-10-15 05:53:30','Inherit','Inherit','list-your-rental','List Your Rental',NULL,NULL,NULL,NULL,1,1,3,0,0,NULL,0),(20,8,1,0,0,1,1,0,'Page','2019-10-15 05:55:16','2019-10-15 05:55:16','Inherit','Inherit','new-page','New Page',NULL,NULL,NULL,NULL,1,1,7,0,0,NULL,0),(21,8,2,0,0,1,1,0,'Page','2019-10-15 05:56:05','2019-10-15 05:55:16','Inherit','Inherit','regions','Regions',NULL,NULL,NULL,NULL,1,1,7,0,0,NULL,0),(22,8,3,1,0,1,1,1,'Page','2019-10-15 05:56:18','2019-10-15 05:55:16','Inherit','Inherit','regions','Regions',NULL,NULL,NULL,NULL,1,1,7,0,0,NULL,0),(23,6,5,1,0,1,1,1,'Page','2019-10-15 05:58:41','2019-10-15 05:51:22','Inherit','Inherit','find-a-rental','Find a Rental',NULL,NULL,NULL,NULL,1,1,2,0,0,NULL,0),(24,7,5,1,0,1,1,1,'Page','2019-10-15 05:59:28','2019-10-15 05:53:30','Inherit','Inherit','list-your-rental','List Your Rental',NULL,NULL,NULL,NULL,1,1,3,0,0,NULL,0),(25,9,1,0,0,1,1,0,'SilverStripe\\Example\\ArticleHolder','2019-10-15 06:00:25','2019-10-15 06:00:25','Inherit','Inherit','new-article-holder','New Article Holder',NULL,NULL,NULL,NULL,1,1,8,0,0,NULL,0),(26,9,2,0,0,1,1,0,'SilverStripe\\Example\\ArticleHolder','2019-10-15 06:01:08','2019-10-15 06:00:25','Inherit','Inherit','travel-guides','Travel Guides',NULL,NULL,NULL,NULL,1,1,8,0,0,NULL,0),(27,9,3,1,0,1,1,1,'SilverStripe\\Example\\ArticleHolder','2019-10-15 06:01:20','2019-10-15 06:00:25','Inherit','Inherit','travel-guides','Travel Guides',NULL,NULL,NULL,NULL,1,1,8,0,0,NULL,0),(28,3,4,0,0,1,1,0,'Page','2019-10-15 09:46:53','2019-10-15 05:07:37','Inherit','Inherit','contact-us','Contact Us',NULL,'<p>You can fill this page out with your own content, or delete it and create your own pages.</p>',NULL,NULL,1,1,3,0,0,NULL,0),(29,3,5,0,0,1,1,0,'Page','2019-10-15 09:47:35','2019-10-15 05:07:37','Inherit','Inherit','contact-us','Contact Us',NULL,'<p>You can fill this page out with your own content, or delete it and create your own pages.</p>',NULL,NULL,1,1,4,0,0,NULL,0),(30,8,4,0,0,1,1,0,'Page','2019-10-15 09:47:49','2019-10-15 05:55:16','Inherit','Inherit','regions','Regions',NULL,NULL,NULL,NULL,1,1,4,0,0,NULL,0),(31,9,4,0,0,1,1,0,'SilverStripe\\Example\\ArticleHolder','2019-10-15 09:48:35','2019-10-15 06:00:25','Inherit','Inherit','travel-guides','Travel Guides',NULL,NULL,NULL,NULL,1,1,5,0,0,NULL,0),(32,2,3,0,0,1,1,0,'Page','2019-10-15 09:48:44','2019-10-15 05:07:36','Inherit','Inherit','about-us','About Us',NULL,'<p>You can fill this page out with your own content, or delete it and create your own pages.</p>',NULL,NULL,1,1,6,0,0,NULL,0),(33,8,5,1,0,1,1,1,'Page','2019-10-15 09:49:10','2019-10-15 05:55:16','Inherit','Inherit','regions','Regions',NULL,NULL,NULL,NULL,1,1,4,0,0,NULL,0),(34,9,5,1,0,1,1,1,'SilverStripe\\Example\\ArticleHolder','2019-10-15 09:50:17','2019-10-15 06:00:25','Inherit','Inherit','travel-guides','Travel Guides',NULL,NULL,NULL,NULL,1,1,5,0,0,NULL,0),(35,2,4,1,0,1,1,1,'Page','2019-10-15 09:51:18','2019-10-15 05:07:36','Inherit','Inherit','about-us','About Us',NULL,'<p>You can fill this page out with your own content, or delete it and create your own pages.</p>',NULL,NULL,1,1,6,0,0,NULL,0),(36,3,6,1,0,1,1,1,'Page','2019-10-15 09:52:33','2019-10-15 05:07:37','Inherit','Inherit','contact-us','Contact Us',NULL,'<p>You can fill this page out with your own content, or delete it and create your own pages.</p>',NULL,NULL,1,1,7,0,0,NULL,0),(37,10,1,0,0,1,1,0,'SilverStripe\\Example\\ArticlePage','2019-10-15 09:58:45','2019-10-15 09:58:45','Inherit','Inherit','new-article-page','New Article Page',NULL,NULL,NULL,NULL,1,1,1,0,0,NULL,9),(38,10,2,0,0,1,1,0,'SilverStripe\\Example\\ArticlePage','2019-10-15 10:00:04','2019-10-15 09:58:45','Inherit','Inherit','sample-article-1','Sample Article 1',NULL,'<p><span>This is sample article 1.</span></p>',NULL,NULL,1,1,1,0,0,NULL,9),(39,10,3,1,0,1,1,1,'SilverStripe\\Example\\ArticlePage','2019-10-15 10:00:17','2019-10-15 09:58:45','Inherit','Inherit','sample-article-1','Sample Article 1',NULL,'<p><span>This is sample article 1.</span></p>',NULL,NULL,1,1,1,0,0,NULL,9),(40,11,1,0,0,1,1,0,'SilverStripe\\Example\\ArticlePage','2019-10-15 10:01:16','2019-10-15 10:01:16','Inherit','Inherit','new-article-page','New Article Page',NULL,NULL,NULL,NULL,1,1,2,0,0,NULL,9),(41,11,2,0,0,1,1,0,'SilverStripe\\Example\\ArticlePage','2019-10-15 10:01:54','2019-10-15 10:01:16','Inherit','Inherit','sample-article-2','Sample Article 2',NULL,'<p><span>This is sample article 2.</span></p>',NULL,NULL,1,1,2,0,0,NULL,9),(42,11,3,1,0,1,1,1,'SilverStripe\\Example\\ArticlePage','2019-10-15 10:03:36','2019-10-15 10:01:16','Inherit','Inherit','sample-article-2','Sample Article 2',NULL,'<p><span>This is sample article 2.</span></p>',NULL,NULL,1,1,2,0,0,NULL,9),(43,12,1,0,0,1,1,0,'SilverStripe\\Example\\ArticlePage','2019-10-15 10:05:04','2019-10-15 10:05:04','Inherit','Inherit','new-article-page','New Article Page',NULL,NULL,NULL,NULL,1,1,3,0,0,NULL,9),(44,12,2,0,0,1,1,0,'SilverStripe\\Example\\ArticlePage','2019-10-15 10:06:10','2019-10-15 10:05:04','Inherit','Inherit','sample-article-3','Sample Article 3',NULL,NULL,NULL,NULL,1,1,3,0,0,NULL,9),(45,12,3,1,0,1,1,1,'SilverStripe\\Example\\ArticlePage','2019-10-15 10:06:26','2019-10-15 10:05:04','Inherit','Inherit','sample-article-3','Sample Article 3',NULL,NULL,NULL,NULL,1,1,3,0,0,NULL,9),(46,9,6,0,0,1,1,0,'SilverStripe\\Example\\ArticleHolder','2019-10-15 10:28:15','2019-10-15 06:00:25','Inherit','Inherit','travel-guides','Travel Guides',NULL,NULL,NULL,NULL,1,1,5,0,0,NULL,0),(47,9,7,1,0,1,1,1,'SilverStripe\\Example\\ArticleHolder','2019-10-15 10:28:48','2019-10-15 06:00:25','Inherit','Inherit','travel-guides','Travel Guides',NULL,NULL,NULL,NULL,1,1,5,0,0,NULL,0),(48,10,4,0,0,1,1,0,'SilverStripe\\Example\\ArticlePage','2019-10-15 10:30:50','2019-10-15 09:58:45','Inherit','Inherit','sample-article-1','Sample Article 1',NULL,'<p><span>This is sample article 1.</span></p>',NULL,NULL,1,1,1,0,0,NULL,9),(49,10,5,1,0,1,1,1,'SilverStripe\\Example\\ArticlePage','2019-10-15 10:31:40','2019-10-15 09:58:45','Inherit','Inherit','sample-article-1','Sample Article 1',NULL,'<p><span>This is sample article 1.</span></p>',NULL,NULL,1,1,1,0,0,NULL,9),(50,11,4,0,0,1,1,0,'SilverStripe\\Example\\ArticlePage','2019-10-15 10:35:37','2019-10-15 10:01:16','Inherit','Inherit','sample-article-2','Sample Article 2',NULL,'<p><span>This is sample article 2.</span></p>',NULL,NULL,1,1,2,0,0,NULL,9),(51,11,5,1,0,1,1,1,'SilverStripe\\Example\\ArticlePage','2019-10-15 10:36:02','2019-10-15 10:01:16','Inherit','Inherit','sample-article-2','Sample Article 2',NULL,'<p><span>This is sample article 2.</span></p>',NULL,NULL,1,1,2,0,0,NULL,9),(52,12,4,0,0,1,1,0,'SilverStripe\\Example\\ArticlePage','2019-10-15 10:36:06','2019-10-15 10:05:04','Inherit','Inherit','sample-article-3','Sample Article 3',NULL,NULL,NULL,NULL,1,1,3,0,0,NULL,9),(53,12,5,1,0,1,1,1,'SilverStripe\\Example\\ArticlePage','2019-10-15 10:37:26','2019-10-15 10:05:04','Inherit','Inherit','sample-article-3','Sample Article 3',NULL,NULL,NULL,NULL,1,1,3,0,0,NULL,9),(54,10,7,1,0,1,1,1,'SilverStripe\\Example\\ArticlePage','2019-10-16 07:44:22','2019-10-15 09:58:45','Inherit','Inherit','sample-article-1','Sample Article 1',NULL,'<p><span>This is sample article 1.</span></p>',NULL,NULL,1,1,1,0,0,NULL,9),(55,11,7,1,0,1,1,1,'SilverStripe\\Example\\ArticlePage','2019-10-16 07:46:00','2019-10-15 10:01:16','Inherit','Inherit','sample-article-2','Sample Article 2',NULL,'<p><span>This is sample article 2.</span></p>',NULL,NULL,1,1,2,0,0,NULL,9),(56,12,7,1,0,1,1,1,'SilverStripe\\Example\\ArticlePage','2019-10-16 07:46:28','2019-10-15 10:05:04','Inherit','Inherit','sample-article-3','Sample Article 3',NULL,NULL,NULL,NULL,1,1,3,0,0,NULL,9),(57,10,8,0,0,1,1,0,'SilverStripe\\Example\\ArticlePage','2019-10-16 10:15:16','2019-10-15 09:58:45','Inherit','Inherit','sample-article-1','Sample Article 1',NULL,'<p><span>This is sample article 1.</span></p>',NULL,NULL,1,1,1,0,0,NULL,9),(58,10,9,1,0,1,1,1,'SilverStripe\\Example\\ArticlePage','2019-10-16 10:15:16','2019-10-15 09:58:45','Inherit','Inherit','sample-article-1','Sample Article 1',NULL,'<p><span>This is sample article 1.</span></p>',NULL,NULL,1,1,1,0,0,NULL,9),(59,11,8,0,0,1,1,0,'SilverStripe\\Example\\ArticlePage','2019-10-16 10:27:21','2019-10-15 10:01:16','Inherit','Inherit','sample-article-2','Sample Article 2',NULL,'<p><span>This is sample article 2.</span></p>',NULL,NULL,1,1,2,0,0,NULL,9),(60,11,9,1,0,1,1,1,'SilverStripe\\Example\\ArticlePage','2019-10-16 10:27:21','2019-10-15 10:01:16','Inherit','Inherit','sample-article-2','Sample Article 2',NULL,'<p><span>This is sample article 2.</span></p>',NULL,NULL,1,1,2,0,0,NULL,9),(61,12,8,0,0,1,1,0,'SilverStripe\\Example\\ArticlePage','2019-10-16 10:28:26','2019-10-15 10:05:04','Inherit','Inherit','sample-article-3','Sample Article 3',NULL,NULL,NULL,NULL,1,1,3,0,0,NULL,9),(62,12,9,1,0,1,1,1,'SilverStripe\\Example\\ArticlePage','2019-10-16 10:28:26','2019-10-15 10:05:04','Inherit','Inherit','sample-article-3','Sample Article 3',NULL,NULL,NULL,NULL,1,1,3,0,0,NULL,9),(63,8,6,0,0,1,1,0,'SilverStripe\\Example\\RegionsPage','2019-10-17 02:31:30','2019-10-15 05:55:16','Inherit','Inherit','regions','Regions',NULL,NULL,NULL,NULL,1,1,4,0,0,NULL,0),(64,8,7,1,0,1,1,1,'SilverStripe\\Example\\RegionsPage','2019-10-17 02:37:16','2019-10-15 05:55:16','Inherit','Inherit','regions','Regions',NULL,NULL,NULL,NULL,1,1,4,0,0,NULL,0);
/*!40000 ALTER TABLE `SiteTree_Versions` ENABLE KEYS */;
UNLOCK TABLES;

--
-- Table structure for table `SiteTree_ViewerGroups`
--

DROP TABLE IF EXISTS `SiteTree_ViewerGroups`;
/*!40101 SET @saved_cs_client     = @@character_set_client */;
/*!40101 SET character_set_client = utf8 */;
CREATE TABLE `SiteTree_ViewerGroups` (
  `ID` int(11) NOT NULL AUTO_INCREMENT,
  `SiteTreeID` int(11) NOT NULL DEFAULT '0',
  `GroupID` int(11) NOT NULL DEFAULT '0',
  PRIMARY KEY (`ID`),
  KEY `SiteTreeID` (`SiteTreeID`),
  KEY `GroupID` (`GroupID`)
) ENGINE=InnoDB DEFAULT CHARSET=utf8;
/*!40101 SET character_set_client = @saved_cs_client */;

--
-- Dumping data for table `SiteTree_ViewerGroups`
--

LOCK TABLES `SiteTree_ViewerGroups` WRITE;
/*!40000 ALTER TABLE `SiteTree_ViewerGroups` DISABLE KEYS */;
/*!40000 ALTER TABLE `SiteTree_ViewerGroups` ENABLE KEYS */;
UNLOCK TABLES;

--
-- Table structure for table `VirtualPage`
--

DROP TABLE IF EXISTS `VirtualPage`;
/*!40101 SET @saved_cs_client     = @@character_set_client */;
/*!40101 SET character_set_client = utf8 */;
CREATE TABLE `VirtualPage` (
  `ID` int(11) NOT NULL AUTO_INCREMENT,
  `VersionID` int(11) NOT NULL DEFAULT '0',
  `CopyContentFromID` int(11) NOT NULL DEFAULT '0',
  PRIMARY KEY (`ID`),
  KEY `CopyContentFromID` (`CopyContentFromID`)
) ENGINE=InnoDB DEFAULT CHARSET=utf8;
/*!40101 SET character_set_client = @saved_cs_client */;

--
-- Dumping data for table `VirtualPage`
--

LOCK TABLES `VirtualPage` WRITE;
/*!40000 ALTER TABLE `VirtualPage` DISABLE KEYS */;
/*!40000 ALTER TABLE `VirtualPage` ENABLE KEYS */;
UNLOCK TABLES;

--
-- Table structure for table `VirtualPage_Live`
--

DROP TABLE IF EXISTS `VirtualPage_Live`;
/*!40101 SET @saved_cs_client     = @@character_set_client */;
/*!40101 SET character_set_client = utf8 */;
CREATE TABLE `VirtualPage_Live` (
  `ID` int(11) NOT NULL AUTO_INCREMENT,
  `VersionID` int(11) NOT NULL DEFAULT '0',
  `CopyContentFromID` int(11) NOT NULL DEFAULT '0',
  PRIMARY KEY (`ID`),
  KEY `CopyContentFromID` (`CopyContentFromID`)
) ENGINE=InnoDB DEFAULT CHARSET=utf8;
/*!40101 SET character_set_client = @saved_cs_client */;

--
-- Dumping data for table `VirtualPage_Live`
--

LOCK TABLES `VirtualPage_Live` WRITE;
/*!40000 ALTER TABLE `VirtualPage_Live` DISABLE KEYS */;
/*!40000 ALTER TABLE `VirtualPage_Live` ENABLE KEYS */;
UNLOCK TABLES;

--
-- Table structure for table `VirtualPage_Versions`
--

DROP TABLE IF EXISTS `VirtualPage_Versions`;
/*!40101 SET @saved_cs_client     = @@character_set_client */;
/*!40101 SET character_set_client = utf8 */;
CREATE TABLE `VirtualPage_Versions` (
  `ID` int(11) NOT NULL AUTO_INCREMENT,
  `RecordID` int(11) NOT NULL DEFAULT '0',
  `Version` int(11) NOT NULL DEFAULT '0',
  `VersionID` int(11) NOT NULL DEFAULT '0',
  `CopyContentFromID` int(11) NOT NULL DEFAULT '0',
  PRIMARY KEY (`ID`),
  UNIQUE KEY `RecordID_Version` (`RecordID`,`Version`),
  KEY `RecordID` (`RecordID`),
  KEY `Version` (`Version`),
  KEY `CopyContentFromID` (`CopyContentFromID`)
) ENGINE=InnoDB DEFAULT CHARSET=utf8;
/*!40101 SET character_set_client = @saved_cs_client */;

--
-- Dumping data for table `VirtualPage_Versions`
--

LOCK TABLES `VirtualPage_Versions` WRITE;
/*!40000 ALTER TABLE `VirtualPage_Versions` DISABLE KEYS */;
/*!40000 ALTER TABLE `VirtualPage_Versions` ENABLE KEYS */;
UNLOCK TABLES;
/*!40103 SET TIME_ZONE=@OLD_TIME_ZONE */;

/*!40101 SET SQL_MODE=@OLD_SQL_MODE */;
/*!40014 SET FOREIGN_KEY_CHECKS=@OLD_FOREIGN_KEY_CHECKS */;
/*!40014 SET UNIQUE_CHECKS=@OLD_UNIQUE_CHECKS */;
/*!40101 SET CHARACTER_SET_CLIENT=@OLD_CHARACTER_SET_CLIENT */;
/*!40101 SET CHARACTER_SET_RESULTS=@OLD_CHARACTER_SET_RESULTS */;
/*!40101 SET COLLATION_CONNECTION=@OLD_COLLATION_CONNECTION */;
/*!40111 SET SQL_NOTES=@OLD_SQL_NOTES */;

-- Dump completed on 2019-10-17  7:59:58
