-- MySQL dump 10.17  Distrib 10.3.17-MariaDB, for debian-linux-gnu (x86_64)
--
-- Host: db    Database: SS_html
-- ------------------------------------------------------
-- Server version	5.7.27

/*!40101 SET @OLD_CHARACTER_SET_CLIENT=@@CHARACTER_SET_CLIENT */;
/*!40101 SET @OLD_CHARACTER_SET_RESULTS=@@CHARACTER_SET_RESULTS */;
/*!40101 SET @OLD_COLLATION_CONNECTION=@@COLLATION_CONNECTION */;
/*!40101 SET NAMES utf8mb4 */;
/*!40103 SET @OLD_TIME_ZONE=@@TIME_ZONE */;
/*!40103 SET TIME_ZONE='+00:00' */;
/*!40014 SET @OLD_UNIQUE_CHECKS=@@UNIQUE_CHECKS, UNIQUE_CHECKS=0 */;
/*!40014 SET @OLD_FOREIGN_KEY_CHECKS=@@FOREIGN_KEY_CHECKS, FOREIGN_KEY_CHECKS=0 */;
/*!40101 SET @OLD_SQL_MODE=@@SQL_MODE, SQL_MODE='NO_AUTO_VALUE_ON_ZERO' */;
/*!40111 SET @OLD_SQL_NOTES=@@SQL_NOTES, SQL_NOTES=0 */;

--
-- Current Database: `SS_html`
--

CREATE DATABASE /*!32312 IF NOT EXISTS*/ `SS_html` /*!40100 DEFAULT CHARACTER SET utf8 */;

USE `SS_html`;

--
-- Table structure for table `ChangeSet`
--

DROP TABLE IF EXISTS `ChangeSet`;
/*!40101 SET @saved_cs_client     = @@character_set_client */;
/*!40101 SET character_set_client = utf8 */;
CREATE TABLE `ChangeSet` (
  `ID` int(11) NOT NULL AUTO_INCREMENT,
  `ClassName` enum('SilverStripe\\Versioned\\ChangeSet') DEFAULT 'SilverStripe\\Versioned\\ChangeSet',
  `LastEdited` datetime DEFAULT NULL,
  `Created` datetime DEFAULT NULL,
  `Name` varchar(255) DEFAULT NULL,
  `State` enum('open','published','reverted') DEFAULT 'open',
  `IsInferred` tinyint(1) unsigned NOT NULL DEFAULT '0',
  `Description` mediumtext,
  `PublishDate` datetime DEFAULT NULL,
  `LastSynced` datetime DEFAULT NULL,
  `OwnerID` int(11) NOT NULL DEFAULT '0',
  `PublisherID` int(11) NOT NULL DEFAULT '0',
  PRIMARY KEY (`ID`),
  KEY `State` (`State`),
  KEY `ID` (`ID`),
  KEY `ClassName` (`ClassName`),
  KEY `OwnerID` (`OwnerID`),
  KEY `PublisherID` (`PublisherID`)
) ENGINE=InnoDB AUTO_INCREMENT=44 DEFAULT CHARSET=utf8;
/*!40101 SET character_set_client = @saved_cs_client */;

--
-- Dumping data for table `ChangeSet`
--

LOCK TABLES `ChangeSet` WRITE;
/*!40000 ALTER TABLE `ChangeSet` DISABLE KEYS */;
INSERT INTO `ChangeSet` VALUES (1,'SilverStripe\\Versioned\\ChangeSet','2019-10-15 05:52:23','2019-10-15 05:52:23','Generated by publish of \'Find a Rental\' at Oct 15, 2019, 5:52 AM','published',1,NULL,'2019-10-15 05:52:23','2019-10-15 05:52:23',0,1),(2,'SilverStripe\\Versioned\\ChangeSet','2019-10-15 05:54:16','2019-10-15 05:54:15','Generated by publish of \'List Your Rental\' at Oct 15, 2019, 5:54 AM','published',1,NULL,'2019-10-15 05:54:16','2019-10-15 05:54:15',0,1),(3,'SilverStripe\\Versioned\\ChangeSet','2019-10-15 05:56:18','2019-10-15 05:56:18','Generated by publish of \'Regions\' at Oct 15, 2019, 5:56 AM','published',1,NULL,'2019-10-15 05:56:18','2019-10-15 05:56:18',0,1),(4,'SilverStripe\\Versioned\\ChangeSet','2019-10-15 05:58:41','2019-10-15 05:58:40','Generated by publish of \'Find a Rental\' at Oct 15, 2019, 5:58 AM','published',1,NULL,'2019-10-15 05:58:41','2019-10-15 05:58:41',0,1),(5,'SilverStripe\\Versioned\\ChangeSet','2019-10-15 05:59:28','2019-10-15 05:59:27','Generated by publish of \'List Your Rental\' at Oct 15, 2019, 5:59 AM','published',1,NULL,'2019-10-15 05:59:28','2019-10-15 05:59:27',0,1),(6,'SilverStripe\\Versioned\\ChangeSet','2019-10-15 06:01:20','2019-10-15 06:01:20','Generated by publish of \'Travel Guides\' at Oct 15, 2019, 6:01 AM','published',1,NULL,'2019-10-15 06:01:20','2019-10-15 06:01:20',0,1),(7,'SilverStripe\\Versioned\\ChangeSet','2019-10-15 09:49:10','2019-10-15 09:49:10','Generated by publish of \'Regions\' at Oct 15, 2019, 9:49 AM','published',1,NULL,'2019-10-15 09:49:10','2019-10-15 09:49:10',0,1),(8,'SilverStripe\\Versioned\\ChangeSet','2019-10-15 09:50:17','2019-10-15 09:50:17','Generated by publish of \'Travel Guides\' at Oct 15, 2019, 9:50 AM','published',1,NULL,'2019-10-15 09:50:17','2019-10-15 09:50:17',0,1),(9,'SilverStripe\\Versioned\\ChangeSet','2019-10-15 09:51:18','2019-10-15 09:51:18','Generated by publish of \'About Us\' at Oct 15, 2019, 9:51 AM','published',1,NULL,'2019-10-15 09:51:18','2019-10-15 09:51:18',0,1),(10,'SilverStripe\\Versioned\\ChangeSet','2019-10-15 09:52:33','2019-10-15 09:52:32','Generated by publish of \'Contact Us\' at Oct 15, 2019, 9:52 AM','published',1,NULL,'2019-10-15 09:52:33','2019-10-15 09:52:33',0,1),(11,'SilverStripe\\Versioned\\ChangeSet','2019-10-15 10:00:17','2019-10-15 10:00:17','Generated by publish of \'Sample Article 1\' at Oct 15, 2019, 10:00 AM','published',1,NULL,'2019-10-15 10:00:17','2019-10-15 10:00:17',0,1),(12,'SilverStripe\\Versioned\\ChangeSet','2019-10-15 10:03:36','2019-10-15 10:03:36','Generated by publish of \'Sample Article 2\' at Oct 15, 2019, 10:03 AM','published',1,NULL,'2019-10-15 10:03:36','2019-10-15 10:03:36',0,1),(13,'SilverStripe\\Versioned\\ChangeSet','2019-10-15 10:06:26','2019-10-15 10:06:26','Generated by publish of \'Sample Article 3\' at Oct 15, 2019, 10:06 AM','published',1,NULL,'2019-10-15 10:06:26','2019-10-15 10:06:26',0,1),(14,'SilverStripe\\Versioned\\ChangeSet','2019-10-15 10:28:48','2019-10-15 10:28:48','Generated by publish of \'Travel Guides\' at Oct 15, 2019, 10:28 AM','published',1,NULL,'2019-10-15 10:28:48','2019-10-15 10:28:48',0,1),(15,'SilverStripe\\Versioned\\ChangeSet','2019-10-15 10:31:40','2019-10-15 10:31:40','Generated by publish of \'Sample Article 1\' at Oct 15, 2019, 10:31 AM','published',1,NULL,'2019-10-15 10:31:40','2019-10-15 10:31:40',0,1),(16,'SilverStripe\\Versioned\\ChangeSet','2019-10-15 10:36:02','2019-10-15 10:36:02','Generated by publish of \'Sample Article 2\' at Oct 15, 2019, 10:36 AM','published',1,NULL,'2019-10-15 10:36:02','2019-10-15 10:36:02',0,1),(17,'SilverStripe\\Versioned\\ChangeSet','2019-10-15 10:37:26','2019-10-15 10:37:26','Generated by publish of \'Sample Article 3\' at Oct 15, 2019, 10:37 AM','published',1,NULL,'2019-10-15 10:37:26','2019-10-15 10:37:26',0,1),(18,'SilverStripe\\Versioned\\ChangeSet','2019-10-16 10:04:20','2019-10-16 10:04:19','Generated by publish of \'Ireland\' at Oct 16, 2019, 10:04 AM','published',1,NULL,'2019-10-16 10:04:20','2019-10-16 10:04:20',0,1),(19,'SilverStripe\\Versioned\\ChangeSet','2019-10-16 10:14:27','2019-10-16 10:14:27','Generated by publish of \'Sample Article 1\' at Oct 16, 2019, 10:14 AM','published',1,NULL,'2019-10-16 10:14:27','2019-10-16 10:14:27',0,1),(20,'SilverStripe\\Versioned\\ChangeSet','2019-10-16 10:15:16','2019-10-16 10:15:16','Generated by publish of \'Sample Article 1\' at Oct 16, 2019, 10:15 AM','published',1,NULL,'2019-10-16 10:15:16','2019-10-16 10:15:16',0,1),(21,'SilverStripe\\Versioned\\ChangeSet','2019-10-16 10:27:21','2019-10-16 10:27:21','Generated by publish of \'Sample Article 2\' at Oct 16, 2019, 10:27 AM','published',1,NULL,'2019-10-16 10:27:21','2019-10-16 10:27:21',0,1),(22,'SilverStripe\\Versioned\\ChangeSet','2019-10-16 10:28:26','2019-10-16 10:28:26','Generated by publish of \'Sample Article 3\' at Oct 16, 2019, 10:28 AM','published',1,NULL,'2019-10-16 10:28:26','2019-10-16 10:28:26',0,1),(23,'SilverStripe\\Versioned\\ChangeSet','2019-10-17 02:37:17','2019-10-17 02:37:16','Generated by publish of \'Regions\' at Oct 17, 2019, 2:37 AM','published',1,NULL,'2019-10-17 02:37:17','2019-10-17 02:37:16',0,1),(24,'SilverStripe\\Versioned\\ChangeSet','2019-10-17 02:37:17','2019-10-17 02:37:16','Generated by publish of \'Regions\' at Oct 17, 2019, 2:37 AM','published',1,NULL,'2019-10-17 02:37:17','2019-10-17 02:37:16',0,1),(25,'SilverStripe\\Versioned\\ChangeSet','2019-10-17 03:08:27','2019-10-17 03:08:27','Generated by publish of \'Business\' at Oct 17, 2019, 3:08 AM','published',1,NULL,'2019-10-17 03:08:27','2019-10-17 03:08:27',0,1),(26,'SilverStripe\\Versioned\\ChangeSet','2019-10-17 03:08:48','2019-10-17 03:08:48','Generated by publish of \'Commercial\' at Oct 17, 2019, 3:08 AM','published',1,NULL,'2019-10-17 03:08:48','2019-10-17 03:08:48',0,1),(27,'SilverStripe\\Versioned\\ChangeSet','2019-10-17 03:09:12','2019-10-17 03:09:12','Generated by publish of \'Land\' at Oct 17, 2019, 3:09 AM','published',1,NULL,'2019-10-17 03:09:12','2019-10-17 03:09:12',0,1),(28,'SilverStripe\\Versioned\\ChangeSet','2019-10-17 03:09:30','2019-10-17 03:09:30','Generated by publish of \'Loans\' at Oct 17, 2019, 3:09 AM','published',1,NULL,'2019-10-17 03:09:30','2019-10-17 03:09:30',0,1),(29,'SilverStripe\\Versioned\\ChangeSet','2019-10-17 03:09:50','2019-10-17 03:09:50','Generated by publish of \'News and Updates\' at Oct 17, 2019, 3:09 AM','published',1,NULL,'2019-10-17 03:09:50','2019-10-17 03:09:50',0,1),(30,'SilverStripe\\Versioned\\ChangeSet','2019-10-17 03:10:11','2019-10-17 03:10:11','Generated by publish of \'Properties for Sale\' at Oct 17, 2019, 3:10 AM','published',1,NULL,'2019-10-17 03:10:11','2019-10-17 03:10:11',0,1),(31,'SilverStripe\\Versioned\\ChangeSet','2019-10-17 03:10:29','2019-10-17 03:10:29','Generated by publish of \'Real Estate\' at Oct 17, 2019, 3:10 AM','published',1,NULL,'2019-10-17 03:10:29','2019-10-17 03:10:29',0,1),(32,'SilverStripe\\Versioned\\ChangeSet','2019-10-17 03:21:47','2019-10-17 03:21:47','Generated by publish of \'Sample Article 1\' at Oct 17, 2019, 3:21 AM','published',1,NULL,'2019-10-17 03:21:47','2019-10-17 03:21:47',0,1),(33,'SilverStripe\\Versioned\\ChangeSet','2019-10-17 03:22:53','2019-10-17 03:22:53','Generated by publish of \'Sample Article 2\' at Oct 17, 2019, 3:22 AM','published',1,NULL,'2019-10-17 03:22:53','2019-10-17 03:22:53',0,1),(34,'SilverStripe\\Versioned\\ChangeSet','2019-10-17 03:24:24','2019-10-17 03:24:24','Generated by publish of \'Sample Article 3\' at Oct 17, 2019, 3:24 AM','published',1,NULL,'2019-10-17 03:24:24','2019-10-17 03:24:24',0,1),(35,'SilverStripe\\Versioned\\ChangeSet','2019-10-17 21:20:54','2019-10-17 21:20:54','Generated by publish of \'Your Site Name\' at Oct 17, 2019, 9:20 PM','published',1,NULL,'2019-10-17 21:20:54','2019-10-17 21:20:54',0,1),(36,'SilverStripe\\Versioned\\ChangeSet','2019-10-17 22:04:30','2019-10-17 22:04:30','Generated by publish of \'Luxury Apartment with great views\' at Oct 17, 2019, 10:04 PM','published',1,NULL,'2019-10-17 22:04:30','2019-10-17 22:04:30',0,1),(37,'SilverStripe\\Versioned\\ChangeSet','2019-10-17 22:05:17','2019-10-17 22:05:17','Generated by publish of \'Luxury Apartment with great views\' at Oct 17, 2019, 10:05 PM','published',1,NULL,'2019-10-17 22:05:17','2019-10-17 22:05:17',0,1),(38,'SilverStripe\\Versioned\\ChangeSet','2019-10-17 22:06:26','2019-10-17 22:06:25','Generated by publish of \'Stunning Villa with 5 bedrooms\' at Oct 17, 2019, 10:06 PM','published',1,NULL,'2019-10-17 22:06:26','2019-10-17 22:06:26',0,1),(39,'SilverStripe\\Versioned\\ChangeSet','2019-10-17 22:08:41','2019-10-17 22:08:41','Generated by publish of \'Recent construction with 3 bedrooms\' at Oct 17, 2019, 10:08 PM','published',1,NULL,'2019-10-17 22:08:41','2019-10-17 22:08:41',0,1),(40,'SilverStripe\\Versioned\\ChangeSet','2019-10-17 22:10:18','2019-10-17 22:10:18','Generated by publish of \'Modern construction with parking space\' at Oct 17, 2019, 10:10 PM','published',1,NULL,'2019-10-17 22:10:18','2019-10-17 22:10:18',0,1),(41,'SilverStripe\\Versioned\\ChangeSet','2019-10-17 22:11:41','2019-10-17 22:11:40','Generated by publish of \'Single Family Townhouse\' at Oct 17, 2019, 10:11 PM','published',1,NULL,'2019-10-17 22:11:41','2019-10-17 22:11:40',0,1),(42,'SilverStripe\\Versioned\\ChangeSet','2019-10-17 22:12:42','2019-10-17 22:12:42','Generated by publish of \'3 bedroom villa with garage for rent\' at Oct 17, 2019, 10:12 PM','published',1,NULL,'2019-10-17 22:12:42','2019-10-17 22:12:42',0,1),(43,'SilverStripe\\Versioned\\ChangeSet','2019-10-18 08:33:05','2019-10-18 08:33:05','Generated by publish of \'Find a Rental\' at Oct 18, 2019, 8:33 AM','published',1,NULL,'2019-10-18 08:33:05','2019-10-18 08:33:05',0,1);
/*!40000 ALTER TABLE `ChangeSet` ENABLE KEYS */;
UNLOCK TABLES;

--
-- Table structure for table `ChangeSetItem`
--

DROP TABLE IF EXISTS `ChangeSetItem`;
/*!40101 SET @saved_cs_client     = @@character_set_client */;
/*!40101 SET character_set_client = utf8 */;
CREATE TABLE `ChangeSetItem` (
  `ID` int(11) NOT NULL AUTO_INCREMENT,
  `ClassName` enum('SilverStripe\\Versioned\\ChangeSetItem') DEFAULT 'SilverStripe\\Versioned\\ChangeSetItem',
  `LastEdited` datetime DEFAULT NULL,
  `Created` datetime DEFAULT NULL,
  `VersionBefore` int(11) NOT NULL DEFAULT '0',
  `VersionAfter` int(11) NOT NULL DEFAULT '0',
  `Added` enum('explicitly','implicitly') DEFAULT 'implicitly',
  `ChangeSetID` int(11) NOT NULL DEFAULT '0',
  `ObjectID` int(11) NOT NULL DEFAULT '0',
  `ObjectClass` enum('SilverStripe\\Example\\ArticleCategory','SilverStripe\\Example\\ArticleComment','SilverStripe\\Example\\Property','SilverStripe\\Example\\Region','SilverStripe\\Assets\\File','SilverStripe\\SiteConfig\\SiteConfig','SilverStripe\\Versioned\\ChangeSet','SilverStripe\\Versioned\\ChangeSetItem','SilverStripe\\Assets\\Shortcodes\\FileLink','SilverStripe\\CMS\\Model\\SiteTree','SilverStripe\\CMS\\Model\\SiteTreeLink','SilverStripe\\Security\\Group','SilverStripe\\Security\\LoginAttempt','SilverStripe\\Security\\Member','SilverStripe\\Security\\MemberPassword','SilverStripe\\Security\\Permission','SilverStripe\\Security\\PermissionRole','SilverStripe\\Security\\PermissionRoleCode','SilverStripe\\Security\\RememberLoginHash','SilverStripe\\Assets\\Folder','SilverStripe\\Assets\\Image','Page','SilverStripe\\Example\\ArticleHolder','SilverStripe\\Example\\ArticlePage','SilverStripe\\Example\\HomePage','SilverStripe\\Example\\PropertySearchPage','SilverStripe\\Example\\RegionsPage','SilverStripe\\ErrorPage\\ErrorPage','SilverStripe\\CMS\\Model\\RedirectorPage','SilverStripe\\CMS\\Model\\VirtualPage') DEFAULT 'SilverStripe\\Example\\ArticleCategory',
  PRIMARY KEY (`ID`),
  UNIQUE KEY `ObjectUniquePerChangeSet` (`ObjectID`,`ObjectClass`,`ChangeSetID`),
  KEY `ClassName` (`ClassName`),
  KEY `ChangeSetID` (`ChangeSetID`),
  KEY `Object` (`ObjectID`,`ObjectClass`)
) ENGINE=InnoDB AUTO_INCREMENT=73 DEFAULT CHARSET=utf8;
/*!40101 SET character_set_client = @saved_cs_client */;

--
-- Dumping data for table `ChangeSetItem`
--

LOCK TABLES `ChangeSetItem` WRITE;
/*!40000 ALTER TABLE `ChangeSetItem` DISABLE KEYS */;
INSERT INTO `ChangeSetItem` VALUES (1,'SilverStripe\\Versioned\\ChangeSetItem','2019-10-15 05:52:23','2019-10-15 05:52:23',0,3,'explicitly',1,6,'SilverStripe\\CMS\\Model\\SiteTree'),(2,'SilverStripe\\Versioned\\ChangeSetItem','2019-10-15 05:54:16','2019-10-15 05:54:15',0,3,'explicitly',2,7,'SilverStripe\\CMS\\Model\\SiteTree'),(3,'SilverStripe\\Versioned\\ChangeSetItem','2019-10-15 05:56:18','2019-10-15 05:56:18',0,3,'explicitly',3,8,'SilverStripe\\CMS\\Model\\SiteTree'),(4,'SilverStripe\\Versioned\\ChangeSetItem','2019-10-15 05:58:41','2019-10-15 05:58:40',3,5,'explicitly',4,6,'SilverStripe\\CMS\\Model\\SiteTree'),(5,'SilverStripe\\Versioned\\ChangeSetItem','2019-10-15 05:59:28','2019-10-15 05:59:27',3,5,'explicitly',5,7,'SilverStripe\\CMS\\Model\\SiteTree'),(6,'SilverStripe\\Versioned\\ChangeSetItem','2019-10-15 06:01:20','2019-10-15 06:01:20',0,3,'explicitly',6,9,'SilverStripe\\CMS\\Model\\SiteTree'),(7,'SilverStripe\\Versioned\\ChangeSetItem','2019-10-15 09:49:10','2019-10-15 09:49:10',3,5,'explicitly',7,8,'SilverStripe\\CMS\\Model\\SiteTree'),(8,'SilverStripe\\Versioned\\ChangeSetItem','2019-10-15 09:50:17','2019-10-15 09:50:17',3,5,'explicitly',8,9,'SilverStripe\\CMS\\Model\\SiteTree'),(9,'SilverStripe\\Versioned\\ChangeSetItem','2019-10-15 09:51:18','2019-10-15 09:51:18',2,4,'explicitly',9,2,'SilverStripe\\CMS\\Model\\SiteTree'),(10,'SilverStripe\\Versioned\\ChangeSetItem','2019-10-15 09:52:33','2019-10-15 09:52:32',0,6,'explicitly',10,3,'SilverStripe\\CMS\\Model\\SiteTree'),(11,'SilverStripe\\Versioned\\ChangeSetItem','2019-10-15 10:00:17','2019-10-15 10:00:17',0,3,'explicitly',11,10,'SilverStripe\\CMS\\Model\\SiteTree'),(12,'SilverStripe\\Versioned\\ChangeSetItem','2019-10-15 10:03:36','2019-10-15 10:03:36',0,3,'explicitly',12,11,'SilverStripe\\CMS\\Model\\SiteTree'),(13,'SilverStripe\\Versioned\\ChangeSetItem','2019-10-15 10:06:26','2019-10-15 10:06:26',0,3,'explicitly',13,12,'SilverStripe\\CMS\\Model\\SiteTree'),(14,'SilverStripe\\Versioned\\ChangeSetItem','2019-10-15 10:28:48','2019-10-15 10:28:48',5,7,'explicitly',14,9,'SilverStripe\\CMS\\Model\\SiteTree'),(15,'SilverStripe\\Versioned\\ChangeSetItem','2019-10-15 10:31:40','2019-10-15 10:31:40',3,5,'explicitly',15,10,'SilverStripe\\CMS\\Model\\SiteTree'),(16,'SilverStripe\\Versioned\\ChangeSetItem','2019-10-15 10:36:02','2019-10-15 10:36:02',3,5,'explicitly',16,11,'SilverStripe\\CMS\\Model\\SiteTree'),(17,'SilverStripe\\Versioned\\ChangeSetItem','2019-10-15 10:37:26','2019-10-15 10:37:26',3,5,'explicitly',17,12,'SilverStripe\\CMS\\Model\\SiteTree'),(18,'SilverStripe\\Versioned\\ChangeSetItem','2019-10-16 10:04:20','2019-10-16 10:04:19',0,3,'explicitly',1,3,'SilverStripe\\Assets\\File'),(19,'SilverStripe\\Versioned\\ChangeSetItem','2019-10-16 10:14:27','2019-10-16 10:14:27',0,3,'explicitly',2,4,'SilverStripe\\Assets\\File'),(20,'SilverStripe\\Versioned\\ChangeSetItem','2019-10-16 10:15:16','2019-10-16 10:15:16',7,9,'explicitly',3,10,'SilverStripe\\CMS\\Model\\SiteTree'),(21,'SilverStripe\\Versioned\\ChangeSetItem','2019-10-16 10:27:21','2019-10-16 10:27:21',7,9,'explicitly',21,11,'SilverStripe\\CMS\\Model\\SiteTree'),(22,'SilverStripe\\Versioned\\ChangeSetItem','2019-10-16 10:27:21','2019-10-16 10:27:21',0,2,'implicitly',21,5,'SilverStripe\\Assets\\File'),(23,'SilverStripe\\Versioned\\ChangeSetItem','2019-10-16 10:27:21','2019-10-16 10:27:21',0,2,'implicitly',21,6,'SilverStripe\\Assets\\File'),(24,'SilverStripe\\Versioned\\ChangeSetItem','2019-10-16 10:28:26','2019-10-16 10:28:26',7,9,'explicitly',22,12,'SilverStripe\\CMS\\Model\\SiteTree'),(25,'SilverStripe\\Versioned\\ChangeSetItem','2019-10-16 10:28:26','2019-10-16 10:28:26',0,2,'implicitly',22,7,'SilverStripe\\Assets\\File'),(26,'SilverStripe\\Versioned\\ChangeSetItem','2019-10-16 10:28:26','2019-10-16 10:28:26',0,2,'implicitly',22,8,'SilverStripe\\Assets\\File'),(27,'SilverStripe\\Versioned\\ChangeSetItem','2019-10-17 02:37:16','2019-10-17 02:37:16',5,7,'explicitly',23,8,'SilverStripe\\CMS\\Model\\SiteTree'),(28,'SilverStripe\\Versioned\\ChangeSetItem','2019-10-17 02:37:16','2019-10-17 02:37:16',0,2,'implicitly',23,1,'SilverStripe\\Example\\Region'),(29,'SilverStripe\\Versioned\\ChangeSetItem','2019-10-17 02:37:16','2019-10-17 02:37:16',0,2,'implicitly',23,2,'SilverStripe\\Example\\Region'),(30,'SilverStripe\\Versioned\\ChangeSetItem','2019-10-17 02:37:16','2019-10-17 02:37:16',0,2,'implicitly',23,3,'SilverStripe\\Example\\Region'),(31,'SilverStripe\\Versioned\\ChangeSetItem','2019-10-17 02:37:16','2019-10-17 02:37:16',0,2,'implicitly',23,4,'SilverStripe\\Example\\Region'),(32,'SilverStripe\\Versioned\\ChangeSetItem','2019-10-17 02:37:17','2019-10-17 02:37:16',0,2,'implicitly',23,6,'SilverStripe\\Assets\\File'),(33,'SilverStripe\\Versioned\\ChangeSetItem','2019-10-17 02:37:17','2019-10-17 02:37:16',0,2,'implicitly',23,7,'SilverStripe\\Assets\\File'),(34,'SilverStripe\\Versioned\\ChangeSetItem','2019-10-17 02:37:17','2019-10-17 02:37:16',0,2,'implicitly',23,8,'SilverStripe\\Assets\\File'),(35,'SilverStripe\\Versioned\\ChangeSetItem','2019-10-17 02:37:17','2019-10-17 02:37:16',0,2,'implicitly',23,9,'SilverStripe\\Assets\\File'),(36,'SilverStripe\\Versioned\\ChangeSetItem','2019-10-17 02:37:16','2019-10-17 02:37:16',5,7,'explicitly',24,8,'SilverStripe\\CMS\\Model\\SiteTree'),(37,'SilverStripe\\Versioned\\ChangeSetItem','2019-10-17 02:37:16','2019-10-17 02:37:16',0,2,'implicitly',24,1,'SilverStripe\\Example\\Region'),(38,'SilverStripe\\Versioned\\ChangeSetItem','2019-10-17 02:37:16','2019-10-17 02:37:16',0,2,'implicitly',24,2,'SilverStripe\\Example\\Region'),(39,'SilverStripe\\Versioned\\ChangeSetItem','2019-10-17 02:37:16','2019-10-17 02:37:16',0,2,'implicitly',24,3,'SilverStripe\\Example\\Region'),(40,'SilverStripe\\Versioned\\ChangeSetItem','2019-10-17 02:37:16','2019-10-17 02:37:16',0,2,'implicitly',24,4,'SilverStripe\\Example\\Region'),(41,'SilverStripe\\Versioned\\ChangeSetItem','2019-10-17 02:37:17','2019-10-17 02:37:16',0,2,'implicitly',24,10,'SilverStripe\\Assets\\File'),(42,'SilverStripe\\Versioned\\ChangeSetItem','2019-10-17 02:37:17','2019-10-17 02:37:16',0,2,'implicitly',24,11,'SilverStripe\\Assets\\File'),(43,'SilverStripe\\Versioned\\ChangeSetItem','2019-10-17 02:37:17','2019-10-17 02:37:16',0,2,'implicitly',24,12,'SilverStripe\\Assets\\File'),(44,'SilverStripe\\Versioned\\ChangeSetItem','2019-10-17 02:37:17','2019-10-17 02:37:16',0,2,'implicitly',24,13,'SilverStripe\\Assets\\File'),(45,'SilverStripe\\Versioned\\ChangeSetItem','2019-10-17 03:08:27','2019-10-17 03:08:27',0,0,'explicitly',25,1,'SilverStripe\\Example\\ArticleCategory'),(46,'SilverStripe\\Versioned\\ChangeSetItem','2019-10-17 03:08:48','2019-10-17 03:08:48',0,0,'explicitly',26,2,'SilverStripe\\Example\\ArticleCategory'),(47,'SilverStripe\\Versioned\\ChangeSetItem','2019-10-17 03:09:12','2019-10-17 03:09:12',0,0,'explicitly',27,3,'SilverStripe\\Example\\ArticleCategory'),(48,'SilverStripe\\Versioned\\ChangeSetItem','2019-10-17 03:09:30','2019-10-17 03:09:30',0,0,'explicitly',28,4,'SilverStripe\\Example\\ArticleCategory'),(49,'SilverStripe\\Versioned\\ChangeSetItem','2019-10-17 03:09:50','2019-10-17 03:09:50',0,0,'explicitly',29,5,'SilverStripe\\Example\\ArticleCategory'),(50,'SilverStripe\\Versioned\\ChangeSetItem','2019-10-17 03:10:11','2019-10-17 03:10:11',0,0,'explicitly',30,6,'SilverStripe\\Example\\ArticleCategory'),(51,'SilverStripe\\Versioned\\ChangeSetItem','2019-10-17 03:10:29','2019-10-17 03:10:29',0,0,'explicitly',31,7,'SilverStripe\\Example\\ArticleCategory'),(52,'SilverStripe\\Versioned\\ChangeSetItem','2019-10-17 03:21:47','2019-10-17 03:21:47',9,9,'explicitly',32,10,'SilverStripe\\CMS\\Model\\SiteTree'),(53,'SilverStripe\\Versioned\\ChangeSetItem','2019-10-17 03:21:47','2019-10-17 03:21:47',3,3,'implicitly',32,3,'SilverStripe\\Assets\\File'),(54,'SilverStripe\\Versioned\\ChangeSetItem','2019-10-17 03:21:47','2019-10-17 03:21:47',3,3,'implicitly',32,4,'SilverStripe\\Assets\\File'),(55,'SilverStripe\\Versioned\\ChangeSetItem','2019-10-17 03:22:53','2019-10-17 03:22:53',7,7,'explicitly',33,11,'SilverStripe\\CMS\\Model\\SiteTree'),(56,'SilverStripe\\Versioned\\ChangeSetItem','2019-10-17 03:24:24','2019-10-17 03:24:24',7,7,'explicitly',34,12,'SilverStripe\\CMS\\Model\\SiteTree'),(57,'SilverStripe\\Versioned\\ChangeSetItem','2019-10-17 21:20:54','2019-10-17 21:20:54',0,0,'explicitly',35,1,'SilverStripe\\SiteConfig\\SiteConfig'),(58,'SilverStripe\\Versioned\\ChangeSetItem','2019-10-17 22:04:30','2019-10-17 22:04:30',0,2,'explicitly',36,1,'SilverStripe\\Example\\Property'),(59,'SilverStripe\\Versioned\\ChangeSetItem','2019-10-17 22:04:30','2019-10-17 22:04:30',0,2,'implicitly',36,15,'SilverStripe\\Assets\\File'),(60,'SilverStripe\\Versioned\\ChangeSetItem','2019-10-17 22:05:17','2019-10-17 22:05:17',2,4,'explicitly',37,1,'SilverStripe\\Example\\Property'),(61,'SilverStripe\\Versioned\\ChangeSetItem','2019-10-17 22:05:17','2019-10-17 22:05:17',2,2,'implicitly',37,15,'SilverStripe\\Assets\\File'),(62,'SilverStripe\\Versioned\\ChangeSetItem','2019-10-17 22:06:26','2019-10-17 22:06:25',0,2,'explicitly',38,2,'SilverStripe\\Example\\Property'),(63,'SilverStripe\\Versioned\\ChangeSetItem','2019-10-17 22:06:26','2019-10-17 22:06:26',0,2,'implicitly',38,16,'SilverStripe\\Assets\\File'),(64,'SilverStripe\\Versioned\\ChangeSetItem','2019-10-17 22:08:41','2019-10-17 22:08:41',0,2,'explicitly',39,3,'SilverStripe\\Example\\Property'),(65,'SilverStripe\\Versioned\\ChangeSetItem','2019-10-17 22:08:41','2019-10-17 22:08:41',0,2,'implicitly',39,17,'SilverStripe\\Assets\\File'),(66,'SilverStripe\\Versioned\\ChangeSetItem','2019-10-17 22:10:18','2019-10-17 22:10:18',0,2,'explicitly',40,4,'SilverStripe\\Example\\Property'),(67,'SilverStripe\\Versioned\\ChangeSetItem','2019-10-17 22:10:18','2019-10-17 22:10:18',0,2,'implicitly',40,18,'SilverStripe\\Assets\\File'),(68,'SilverStripe\\Versioned\\ChangeSetItem','2019-10-17 22:11:40','2019-10-17 22:11:40',0,2,'explicitly',41,5,'SilverStripe\\Example\\Property'),(69,'SilverStripe\\Versioned\\ChangeSetItem','2019-10-17 22:11:40','2019-10-17 22:11:40',0,2,'implicitly',41,19,'SilverStripe\\Assets\\File'),(70,'SilverStripe\\Versioned\\ChangeSetItem','2019-10-17 22:12:42','2019-10-17 22:12:42',0,2,'explicitly',42,6,'SilverStripe\\Example\\Property'),(71,'SilverStripe\\Versioned\\ChangeSetItem','2019-10-17 22:12:42','2019-10-17 22:12:42',0,2,'implicitly',42,20,'SilverStripe\\Assets\\File'),(72,'SilverStripe\\Versioned\\ChangeSetItem','2019-10-18 08:33:05','2019-10-18 08:33:05',5,7,'explicitly',43,6,'SilverStripe\\CMS\\Model\\SiteTree');
/*!40000 ALTER TABLE `ChangeSetItem` ENABLE KEYS */;
UNLOCK TABLES;

--
-- Table structure for table `ChangeSetItem_ReferencedBy`
--

DROP TABLE IF EXISTS `ChangeSetItem_ReferencedBy`;
/*!40101 SET @saved_cs_client     = @@character_set_client */;
/*!40101 SET character_set_client = utf8 */;
CREATE TABLE `ChangeSetItem_ReferencedBy` (
  `ID` int(11) NOT NULL AUTO_INCREMENT,
  `ChangeSetItemID` int(11) NOT NULL DEFAULT '0',
  `ChildID` int(11) NOT NULL DEFAULT '0',
  PRIMARY KEY (`ID`),
  KEY `ChangeSetItemID` (`ChangeSetItemID`),
  KEY `ChildID` (`ChildID`)
) ENGINE=InnoDB AUTO_INCREMENT=26 DEFAULT CHARSET=utf8;
/*!40101 SET character_set_client = @saved_cs_client */;

--
-- Dumping data for table `ChangeSetItem_ReferencedBy`
--

LOCK TABLES `ChangeSetItem_ReferencedBy` WRITE;
/*!40000 ALTER TABLE `ChangeSetItem_ReferencedBy` DISABLE KEYS */;
INSERT INTO `ChangeSetItem_ReferencedBy` VALUES (1,22,21),(2,23,21),(3,25,24),(4,26,24),(5,29,27),(6,30,27),(7,31,27),(8,31,27),(9,32,27),(10,33,27),(11,54,36),(12,40,36),(13,41,36),(14,42,36),(15,43,36),(16,44,36),(17,53,52),(18,39,52),(19,59,58),(20,61,60),(21,63,62),(22,65,64),(23,67,66),(24,69,68),(25,71,70);
/*!40000 ALTER TABLE `ChangeSetItem_ReferencedBy` ENABLE KEYS */;
UNLOCK TABLES;

--
-- Table structure for table `ErrorPage`
--

DROP TABLE IF EXISTS `ErrorPage`;
/*!40101 SET @saved_cs_client     = @@character_set_client */;
/*!40101 SET character_set_client = utf8 */;
CREATE TABLE `ErrorPage` (
  `ID` int(11) NOT NULL AUTO_INCREMENT,
  `ErrorCode` int(11) NOT NULL DEFAULT '0',
  PRIMARY KEY (`ID`)
) ENGINE=InnoDB AUTO_INCREMENT=6 DEFAULT CHARSET=utf8;
/*!40101 SET character_set_client = @saved_cs_client */;

--
-- Dumping data for table `ErrorPage`
--

LOCK TABLES `ErrorPage` WRITE;
/*!40000 ALTER TABLE `ErrorPage` DISABLE KEYS */;
INSERT INTO `ErrorPage` VALUES (4,404),(5,500);
/*!40000 ALTER TABLE `ErrorPage` ENABLE KEYS */;
UNLOCK TABLES;

--
-- Table structure for table `ErrorPage_Live`
--

DROP TABLE IF EXISTS `ErrorPage_Live`;
/*!40101 SET @saved_cs_client     = @@character_set_client */;
/*!40101 SET character_set_client = utf8 */;
CREATE TABLE `ErrorPage_Live` (
  `ID` int(11) NOT NULL AUTO_INCREMENT,
  `ErrorCode` int(11) NOT NULL DEFAULT '0',
  PRIMARY KEY (`ID`)
) ENGINE=InnoDB AUTO_INCREMENT=6 DEFAULT CHARSET=utf8;
/*!40101 SET character_set_client = @saved_cs_client */;

--
-- Dumping data for table `ErrorPage_Live`
--

LOCK TABLES `ErrorPage_Live` WRITE;
/*!40000 ALTER TABLE `ErrorPage_Live` DISABLE KEYS */;
INSERT INTO `ErrorPage_Live` VALUES (4,404),(5,500);
/*!40000 ALTER TABLE `ErrorPage_Live` ENABLE KEYS */;
UNLOCK TABLES;

--
-- Table structure for table `ErrorPage_Versions`
--

DROP TABLE IF EXISTS `ErrorPage_Versions`;
/*!40101 SET @saved_cs_client     = @@character_set_client */;
/*!40101 SET character_set_client = utf8 */;
CREATE TABLE `ErrorPage_Versions` (
  `ID` int(11) NOT NULL AUTO_INCREMENT,
  `RecordID` int(11) NOT NULL DEFAULT '0',
  `Version` int(11) NOT NULL DEFAULT '0',
  `ErrorCode` int(11) NOT NULL DEFAULT '0',
  PRIMARY KEY (`ID`),
  UNIQUE KEY `RecordID_Version` (`RecordID`,`Version`),
  KEY `RecordID` (`RecordID`),
  KEY `Version` (`Version`)
) ENGINE=InnoDB AUTO_INCREMENT=5 DEFAULT CHARSET=utf8;
/*!40101 SET character_set_client = @saved_cs_client */;

--
-- Dumping data for table `ErrorPage_Versions`
--

LOCK TABLES `ErrorPage_Versions` WRITE;
/*!40000 ALTER TABLE `ErrorPage_Versions` DISABLE KEYS */;
INSERT INTO `ErrorPage_Versions` VALUES (1,4,1,404),(2,4,2,404),(3,5,1,500),(4,5,2,500);
/*!40000 ALTER TABLE `ErrorPage_Versions` ENABLE KEYS */;
UNLOCK TABLES;

--
-- Table structure for table `File`
--

DROP TABLE IF EXISTS `File`;
/*!40101 SET @saved_cs_client     = @@character_set_client */;
/*!40101 SET character_set_client = utf8 */;
CREATE TABLE `File` (
  `ID` int(11) NOT NULL AUTO_INCREMENT,
  `ClassName` enum('SilverStripe\\Assets\\File','SilverStripe\\Assets\\Folder','SilverStripe\\Assets\\Image') DEFAULT 'SilverStripe\\Assets\\File',
  `LastEdited` datetime DEFAULT NULL,
  `Created` datetime DEFAULT NULL,
  `Version` int(11) NOT NULL DEFAULT '0',
  `CanViewType` enum('Anyone','LoggedInUsers','OnlyTheseUsers','Inherit') DEFAULT 'Inherit',
  `CanEditType` enum('LoggedInUsers','OnlyTheseUsers','Inherit') DEFAULT 'Inherit',
  `Name` varchar(255) DEFAULT NULL,
  `Title` varchar(255) DEFAULT NULL,
  `ShowInSearch` tinyint(1) unsigned NOT NULL DEFAULT '1',
  `ParentID` int(11) NOT NULL DEFAULT '0',
  `OwnerID` int(11) NOT NULL DEFAULT '0',
  `FileHash` varchar(255) DEFAULT NULL,
  `FileFilename` varchar(255) DEFAULT NULL,
  `FileVariant` varchar(255) DEFAULT NULL,
  PRIMARY KEY (`ID`),
  KEY `Name` (`Name`),
  KEY `ClassName` (`ClassName`),
  KEY `ParentID` (`ParentID`),
  KEY `OwnerID` (`OwnerID`),
  KEY `FileHash` (`FileHash`)
) ENGINE=InnoDB AUTO_INCREMENT=21 DEFAULT CHARSET=utf8;
/*!40101 SET character_set_client = @saved_cs_client */;

--
-- Dumping data for table `File`
--

LOCK TABLES `File` WRITE;
/*!40000 ALTER TABLE `File` DISABLE KEYS */;
INSERT INTO `File` VALUES (1,'SilverStripe\\Assets\\Folder','2019-10-16 10:01:59','2019-10-16 10:01:58',2,'Inherit','Inherit','travel-photos','travel-photos',1,0,1,NULL,NULL,NULL),(2,'SilverStripe\\Assets\\Folder','2019-10-16 10:01:59','2019-10-16 10:01:59',2,'Inherit','Inherit','travel-brochures','travel-brochures',1,0,1,NULL,NULL,NULL),(3,'SilverStripe\\Assets\\Image','2019-10-16 10:04:20','2019-10-16 10:02:47',3,'Inherit','Inherit','Ireland.jpg','Ireland',1,1,1,'d1b80973b0613486dda80966ce537b0135180079','travel-photos/Ireland.jpg',NULL),(4,'SilverStripe\\Assets\\File','2019-10-16 10:14:27','2019-10-16 10:05:44',3,'Inherit','Inherit','Sample-Article-1.pdf','Sample Article 1',1,2,1,'fbcd8833756e5ea51292ebb283eb2cc3005db1c4','travel-brochures/Sample-Article-1.pdf',NULL),(5,'SilverStripe\\Assets\\Image','2019-10-16 10:27:21','2019-10-16 10:27:04',2,'Inherit','Inherit','Alaska.jpg','Alaska',1,1,1,'adb4885148a6bddc122a61bca497b5b4f088a8b8','travel-photos/Alaska.jpg',NULL),(6,'SilverStripe\\Assets\\File','2019-10-16 10:27:21','2019-10-16 10:27:13',2,'Inherit','Inherit','Sample-Article-2.pdf','Sample Article 2',1,2,1,'8592d6d2b13019c30af3273870d58d4429510f8c','travel-brochures/Sample-Article-2.pdf',NULL),(7,'SilverStripe\\Assets\\Image','2019-10-16 10:28:26','2019-10-16 10:28:03',2,'Inherit','Inherit','Utah.jpg','Utah',1,1,1,'e089caecfa905103936062f1da5e57b6dfe380b4','travel-photos/Utah.jpg',NULL),(8,'SilverStripe\\Assets\\File','2019-10-16 10:28:26','2019-10-16 10:28:13',2,'Inherit','Inherit','Sample-Article-3.pdf','Sample Article 3',1,2,1,'2e88422267b1cd2edf05c677500dc3c8628202dd','travel-brochures/Sample-Article-3.pdf',NULL),(9,'SilverStripe\\Assets\\Folder','2019-10-17 02:32:18','2019-10-17 02:32:17',2,'Inherit','Inherit','region-photos','region-photos',1,0,1,NULL,NULL,NULL),(10,'SilverStripe\\Assets\\Image','2019-10-17 02:37:16','2019-10-17 02:32:41',2,'Inherit','Inherit','Northeast.jpg','Northeast',1,9,1,'d97d9b79c1a9179924ae7dcfc3fd09047f81c7b6','region-photos/Northeast.jpg',NULL),(11,'SilverStripe\\Assets\\Image','2019-10-17 02:37:17','2019-10-17 02:33:33',2,'Inherit','Inherit','Northwest.jpg','Northwest',1,9,1,'84484b7a7ea17d14e610d785fb2e571d9d562657','region-photos/Northwest.jpg',NULL),(12,'SilverStripe\\Assets\\Image','2019-10-17 02:37:17','2019-10-17 02:34:24',2,'Inherit','Inherit','Southeast.jpg','Southeast',1,9,1,'c1e182a2850e97d688613c8251380d38ad7b23ff','region-photos/Southeast.jpg',NULL),(13,'SilverStripe\\Assets\\Image','2019-10-17 02:37:17','2019-10-17 02:35:21',2,'Inherit','Inherit','Southwest.jpg','Southwest',1,9,1,'7bc4a53e4ac31b830e2a565734d29dfaff8ae0ed','region-photos/Southwest.jpg',NULL),(14,'SilverStripe\\Assets\\Folder','2019-10-17 22:03:31','2019-10-17 22:03:31',2,'Inherit','Inherit','property-photos','property-photos',1,0,1,NULL,NULL,NULL),(15,'SilverStripe\\Assets\\Image','2019-10-17 22:04:30','2019-10-17 22:04:15',2,'Inherit','Inherit','Luxury-Apartment.jpg','Luxury Apartment',1,14,1,'d1363a6675465577128b9d0c9b58820dd1f45a69','property-photos/Luxury-Apartment.jpg',NULL),(16,'SilverStripe\\Assets\\Image','2019-10-17 22:06:26','2019-10-17 22:06:15',2,'Inherit','Inherit','Stunning-Villa.jpg','Stunning Villa',1,14,1,'0b64cc3d5b70eba5da30565607a501a453846601','property-photos/Stunning-Villa.jpg',NULL),(17,'SilverStripe\\Assets\\Image','2019-10-17 22:08:41','2019-10-17 22:07:23',2,'Inherit','Inherit','Recent-Construction.jpg','Recent Construction',1,14,1,'9ce7cc7e8f2d36dd81b364705edbcb00606d0b02','property-photos/Recent-Construction.jpg',NULL),(18,'SilverStripe\\Assets\\Image','2019-10-17 22:10:18','2019-10-17 22:09:54',2,'Inherit','Inherit','Modern-Construction.jpg','Modern Construction',1,14,1,'5a3f12f4a015de680321f1ca0c33e76c1795e0cc','property-photos/Modern-Construction.jpg',NULL),(19,'SilverStripe\\Assets\\Image','2019-10-17 22:11:40','2019-10-17 22:11:16',2,'Inherit','Inherit','Single-Family-Townhouse.jpg','Single Family Townhouse',1,14,1,'48dc1b95f7770ae7ecf2c3971065aedea335ee17','property-photos/Single-Family-Townhouse.jpg',NULL),(20,'SilverStripe\\Assets\\Image','2019-10-17 22:12:42','2019-10-17 22:12:31',2,'Inherit','Inherit','Villa-with-Garage.jpg','Villa with Garage',1,14,1,'e0468fdc72ef159c3ea2b991d21c1f1afb2d0e0f','property-photos/Villa-with-Garage.jpg',NULL);
/*!40000 ALTER TABLE `File` ENABLE KEYS */;
UNLOCK TABLES;

--
-- Table structure for table `FileLink`
--

DROP TABLE IF EXISTS `FileLink`;
/*!40101 SET @saved_cs_client     = @@character_set_client */;
/*!40101 SET character_set_client = utf8 */;
CREATE TABLE `FileLink` (
  `ID` int(11) NOT NULL AUTO_INCREMENT,
  `ClassName` enum('SilverStripe\\Assets\\Shortcodes\\FileLink') DEFAULT 'SilverStripe\\Assets\\Shortcodes\\FileLink',
  `LastEdited` datetime DEFAULT NULL,
  `Created` datetime DEFAULT NULL,
  `LinkedID` int(11) NOT NULL DEFAULT '0',
  `ParentID` int(11) NOT NULL DEFAULT '0',
  `ParentClass` enum('SilverStripe\\Example\\ArticleCategory','SilverStripe\\Example\\ArticleComment','SilverStripe\\Example\\Property','SilverStripe\\Example\\Region','SilverStripe\\Assets\\File','SilverStripe\\SiteConfig\\SiteConfig','SilverStripe\\Versioned\\ChangeSet','SilverStripe\\Versioned\\ChangeSetItem','SilverStripe\\Assets\\Shortcodes\\FileLink','SilverStripe\\CMS\\Model\\SiteTree','SilverStripe\\CMS\\Model\\SiteTreeLink','SilverStripe\\Security\\Group','SilverStripe\\Security\\LoginAttempt','SilverStripe\\Security\\Member','SilverStripe\\Security\\MemberPassword','SilverStripe\\Security\\Permission','SilverStripe\\Security\\PermissionRole','SilverStripe\\Security\\PermissionRoleCode','SilverStripe\\Security\\RememberLoginHash','SilverStripe\\Assets\\Folder','SilverStripe\\Assets\\Image','Page','SilverStripe\\Example\\ArticleHolder','SilverStripe\\Example\\ArticlePage','SilverStripe\\Example\\HomePage','SilverStripe\\Example\\PropertySearchPage','SilverStripe\\Example\\RegionsPage','SilverStripe\\ErrorPage\\ErrorPage','SilverStripe\\CMS\\Model\\RedirectorPage','SilverStripe\\CMS\\Model\\VirtualPage') DEFAULT 'SilverStripe\\Example\\ArticleCategory',
  PRIMARY KEY (`ID`),
  KEY `ClassName` (`ClassName`),
  KEY `LinkedID` (`LinkedID`),
  KEY `Parent` (`ParentID`,`ParentClass`)
) ENGINE=InnoDB DEFAULT CHARSET=utf8;
/*!40101 SET character_set_client = @saved_cs_client */;

--
-- Dumping data for table `FileLink`
--

LOCK TABLES `FileLink` WRITE;
/*!40000 ALTER TABLE `FileLink` DISABLE KEYS */;
/*!40000 ALTER TABLE `FileLink` ENABLE KEYS */;
UNLOCK TABLES;

--
-- Table structure for table `File_EditorGroups`
--

DROP TABLE IF EXISTS `File_EditorGroups`;
/*!40101 SET @saved_cs_client     = @@character_set_client */;
/*!40101 SET character_set_client = utf8 */;
CREATE TABLE `File_EditorGroups` (
  `ID` int(11) NOT NULL AUTO_INCREMENT,
  `FileID` int(11) NOT NULL DEFAULT '0',
  `GroupID` int(11) NOT NULL DEFAULT '0',
  PRIMARY KEY (`ID`),
  KEY `FileID` (`FileID`),
  KEY `GroupID` (`GroupID`)
) ENGINE=InnoDB DEFAULT CHARSET=utf8;
/*!40101 SET character_set_client = @saved_cs_client */;

--
-- Dumping data for table `File_EditorGroups`
--

LOCK TABLES `File_EditorGroups` WRITE;
/*!40000 ALTER TABLE `File_EditorGroups` DISABLE KEYS */;
/*!40000 ALTER TABLE `File_EditorGroups` ENABLE KEYS */;
UNLOCK TABLES;

--
-- Table structure for table `File_Live`
--

DROP TABLE IF EXISTS `File_Live`;
/*!40101 SET @saved_cs_client     = @@character_set_client */;
/*!40101 SET character_set_client = utf8 */;
CREATE TABLE `File_Live` (
  `ID` int(11) NOT NULL AUTO_INCREMENT,
  `ClassName` enum('SilverStripe\\Assets\\File','SilverStripe\\Assets\\Folder','SilverStripe\\Assets\\Image') DEFAULT 'SilverStripe\\Assets\\File',
  `LastEdited` datetime DEFAULT NULL,
  `Created` datetime DEFAULT NULL,
  `Version` int(11) NOT NULL DEFAULT '0',
  `CanViewType` enum('Anyone','LoggedInUsers','OnlyTheseUsers','Inherit') DEFAULT 'Inherit',
  `CanEditType` enum('LoggedInUsers','OnlyTheseUsers','Inherit') DEFAULT 'Inherit',
  `Name` varchar(255) DEFAULT NULL,
  `Title` varchar(255) DEFAULT NULL,
  `ShowInSearch` tinyint(1) unsigned NOT NULL DEFAULT '1',
  `ParentID` int(11) NOT NULL DEFAULT '0',
  `OwnerID` int(11) NOT NULL DEFAULT '0',
  `FileHash` varchar(255) DEFAULT NULL,
  `FileFilename` varchar(255) DEFAULT NULL,
  `FileVariant` varchar(255) DEFAULT NULL,
  PRIMARY KEY (`ID`),
  KEY `Name` (`Name`),
  KEY `ClassName` (`ClassName`),
  KEY `ParentID` (`ParentID`),
  KEY `OwnerID` (`OwnerID`),
  KEY `FileHash` (`FileHash`)
) ENGINE=InnoDB AUTO_INCREMENT=21 DEFAULT CHARSET=utf8;
/*!40101 SET character_set_client = @saved_cs_client */;

--
-- Dumping data for table `File_Live`
--

LOCK TABLES `File_Live` WRITE;
/*!40000 ALTER TABLE `File_Live` DISABLE KEYS */;
INSERT INTO `File_Live` VALUES (1,'SilverStripe\\Assets\\Folder','2019-10-16 10:01:59','2019-10-16 10:01:58',2,'Inherit','Inherit','travel-photos','travel-photos',1,0,1,NULL,NULL,NULL),(2,'SilverStripe\\Assets\\Folder','2019-10-16 10:01:59','2019-10-16 10:01:59',2,'Inherit','Inherit','travel-brochures','travel-brochures',1,0,1,NULL,NULL,NULL),(3,'SilverStripe\\Assets\\Image','2019-10-16 10:04:20','2019-10-16 10:02:47',3,'Inherit','Inherit','Ireland.jpg','Ireland',1,1,1,'d1b80973b0613486dda80966ce537b0135180079','travel-photos/Ireland.jpg',NULL),(4,'SilverStripe\\Assets\\File','2019-10-16 10:14:27','2019-10-16 10:05:44',3,'Inherit','Inherit','Sample-Article-1.pdf','Sample Article 1',1,2,1,'fbcd8833756e5ea51292ebb283eb2cc3005db1c4','travel-brochures/Sample-Article-1.pdf',NULL),(5,'SilverStripe\\Assets\\Image','2019-10-16 10:27:21','2019-10-16 10:27:04',2,'Inherit','Inherit','Alaska.jpg','Alaska',1,1,1,'adb4885148a6bddc122a61bca497b5b4f088a8b8','travel-photos/Alaska.jpg',NULL),(6,'SilverStripe\\Assets\\File','2019-10-16 10:27:21','2019-10-16 10:27:13',2,'Inherit','Inherit','Sample-Article-2.pdf','Sample Article 2',1,2,1,'8592d6d2b13019c30af3273870d58d4429510f8c','travel-brochures/Sample-Article-2.pdf',NULL),(7,'SilverStripe\\Assets\\Image','2019-10-16 10:28:26','2019-10-16 10:28:03',2,'Inherit','Inherit','Utah.jpg','Utah',1,1,1,'e089caecfa905103936062f1da5e57b6dfe380b4','travel-photos/Utah.jpg',NULL),(8,'SilverStripe\\Assets\\File','2019-10-16 10:28:26','2019-10-16 10:28:13',2,'Inherit','Inherit','Sample-Article-3.pdf','Sample Article 3',1,2,1,'2e88422267b1cd2edf05c677500dc3c8628202dd','travel-brochures/Sample-Article-3.pdf',NULL),(9,'SilverStripe\\Assets\\Folder','2019-10-17 02:32:18','2019-10-17 02:32:17',2,'Inherit','Inherit','region-photos','region-photos',1,0,1,NULL,NULL,NULL),(10,'SilverStripe\\Assets\\Image','2019-10-17 02:37:16','2019-10-17 02:32:41',2,'Inherit','Inherit','Northeast.jpg','Northeast',1,9,1,'d97d9b79c1a9179924ae7dcfc3fd09047f81c7b6','region-photos/Northeast.jpg',NULL),(11,'SilverStripe\\Assets\\Image','2019-10-17 02:37:17','2019-10-17 02:33:33',2,'Inherit','Inherit','Northwest.jpg','Northwest',1,9,1,'84484b7a7ea17d14e610d785fb2e571d9d562657','region-photos/Northwest.jpg',NULL),(12,'SilverStripe\\Assets\\Image','2019-10-17 02:37:17','2019-10-17 02:34:24',2,'Inherit','Inherit','Southeast.jpg','Southeast',1,9,1,'c1e182a2850e97d688613c8251380d38ad7b23ff','region-photos/Southeast.jpg',NULL),(13,'SilverStripe\\Assets\\Image','2019-10-17 02:37:17','2019-10-17 02:35:21',2,'Inherit','Inherit','Southwest.jpg','Southwest',1,9,1,'7bc4a53e4ac31b830e2a565734d29dfaff8ae0ed','region-photos/Southwest.jpg',NULL),(14,'SilverStripe\\Assets\\Folder','2019-10-17 22:03:31','2019-10-17 22:03:31',2,'Inherit','Inherit','property-photos','property-photos',1,0,1,NULL,NULL,NULL),(15,'SilverStripe\\Assets\\Image','2019-10-17 22:04:30','2019-10-17 22:04:15',2,'Inherit','Inherit','Luxury-Apartment.jpg','Luxury Apartment',1,14,1,'d1363a6675465577128b9d0c9b58820dd1f45a69','property-photos/Luxury-Apartment.jpg',NULL),(16,'SilverStripe\\Assets\\Image','2019-10-17 22:06:26','2019-10-17 22:06:15',2,'Inherit','Inherit','Stunning-Villa.jpg','Stunning Villa',1,14,1,'0b64cc3d5b70eba5da30565607a501a453846601','property-photos/Stunning-Villa.jpg',NULL),(17,'SilverStripe\\Assets\\Image','2019-10-17 22:08:41','2019-10-17 22:07:23',2,'Inherit','Inherit','Recent-Construction.jpg','Recent Construction',1,14,1,'9ce7cc7e8f2d36dd81b364705edbcb00606d0b02','property-photos/Recent-Construction.jpg',NULL),(18,'SilverStripe\\Assets\\Image','2019-10-17 22:10:18','2019-10-17 22:09:54',2,'Inherit','Inherit','Modern-Construction.jpg','Modern Construction',1,14,1,'5a3f12f4a015de680321f1ca0c33e76c1795e0cc','property-photos/Modern-Construction.jpg',NULL),(19,'SilverStripe\\Assets\\Image','2019-10-17 22:11:40','2019-10-17 22:11:16',2,'Inherit','Inherit','Single-Family-Townhouse.jpg','Single Family Townhouse',1,14,1,'48dc1b95f7770ae7ecf2c3971065aedea335ee17','property-photos/Single-Family-Townhouse.jpg',NULL),(20,'SilverStripe\\Assets\\Image','2019-10-17 22:12:42','2019-10-17 22:12:31',2,'Inherit','Inherit','Villa-with-Garage.jpg','Villa with Garage',1,14,1,'e0468fdc72ef159c3ea2b991d21c1f1afb2d0e0f','property-photos/Villa-with-Garage.jpg',NULL);
/*!40000 ALTER TABLE `File_Live` ENABLE KEYS */;
UNLOCK TABLES;

--
-- Table structure for table `File_Versions`
--

DROP TABLE IF EXISTS `File_Versions`;
/*!40101 SET @saved_cs_client     = @@character_set_client */;
/*!40101 SET character_set_client = utf8 */;
CREATE TABLE `File_Versions` (
  `ID` int(11) NOT NULL AUTO_INCREMENT,
  `RecordID` int(11) NOT NULL DEFAULT '0',
  `Version` int(11) NOT NULL DEFAULT '0',
  `WasPublished` tinyint(1) unsigned NOT NULL DEFAULT '0',
  `WasDeleted` tinyint(1) unsigned NOT NULL DEFAULT '0',
  `WasDraft` tinyint(1) unsigned NOT NULL DEFAULT '0',
  `AuthorID` int(11) NOT NULL DEFAULT '0',
  `PublisherID` int(11) NOT NULL DEFAULT '0',
  `ClassName` enum('SilverStripe\\Assets\\File','SilverStripe\\Assets\\Folder','SilverStripe\\Assets\\Image') DEFAULT 'SilverStripe\\Assets\\File',
  `LastEdited` datetime DEFAULT NULL,
  `Created` datetime DEFAULT NULL,
  `CanViewType` enum('Anyone','LoggedInUsers','OnlyTheseUsers','Inherit') DEFAULT 'Inherit',
  `CanEditType` enum('LoggedInUsers','OnlyTheseUsers','Inherit') DEFAULT 'Inherit',
  `Name` varchar(255) DEFAULT NULL,
  `Title` varchar(255) DEFAULT NULL,
  `ShowInSearch` tinyint(1) unsigned NOT NULL DEFAULT '1',
  `ParentID` int(11) NOT NULL DEFAULT '0',
  `OwnerID` int(11) NOT NULL DEFAULT '0',
  `FileHash` varchar(255) DEFAULT NULL,
  `FileFilename` varchar(255) DEFAULT NULL,
  `FileVariant` varchar(255) DEFAULT NULL,
  PRIMARY KEY (`ID`),
  KEY `RecordID_Version` (`RecordID`,`Version`),
  KEY `RecordID` (`RecordID`),
  KEY `Version` (`Version`),
  KEY `AuthorID` (`AuthorID`),
  KEY `PublisherID` (`PublisherID`),
  KEY `Name` (`Name`),
  KEY `ClassName` (`ClassName`),
  KEY `ParentID` (`ParentID`),
  KEY `OwnerID` (`OwnerID`),
  KEY `FileHash` (`FileHash`)
) ENGINE=InnoDB AUTO_INCREMENT=43 DEFAULT CHARSET=utf8;
/*!40101 SET character_set_client = @saved_cs_client */;

--
-- Dumping data for table `File_Versions`
--

LOCK TABLES `File_Versions` WRITE;
/*!40000 ALTER TABLE `File_Versions` DISABLE KEYS */;
INSERT INTO `File_Versions` VALUES (1,1,1,0,0,1,1,0,'SilverStripe\\Assets\\Folder','2019-10-16 10:01:58','2019-10-16 10:01:58','Inherit','Inherit','travel-photos','travel-photos',1,0,1,NULL,NULL,NULL),(2,1,2,1,0,1,1,1,'SilverStripe\\Assets\\Folder','2019-10-16 10:01:59','2019-10-16 10:01:58','Inherit','Inherit','travel-photos','travel-photos',1,0,1,NULL,NULL,NULL),(3,2,1,0,0,1,1,0,'SilverStripe\\Assets\\Folder','2019-10-16 10:01:59','2019-10-16 10:01:59','Inherit','Inherit','travel-brochures','travel-brochures',1,0,1,NULL,NULL,NULL),(4,2,2,1,0,1,1,1,'SilverStripe\\Assets\\Folder','2019-10-16 10:01:59','2019-10-16 10:01:59','Inherit','Inherit','travel-brochures','travel-brochures',1,0,1,NULL,NULL,NULL),(5,3,1,0,0,1,1,0,'SilverStripe\\Assets\\Image','2019-10-16 10:02:47','2019-10-16 10:02:47','Inherit','Inherit','Ireland.jpg','Ireland',1,1,1,'d1b80973b0613486dda80966ce537b0135180079','travel-photos/Ireland.jpg',NULL),(6,3,2,0,0,1,1,0,'SilverStripe\\Assets\\Image','2019-10-16 10:04:19','2019-10-16 10:02:47','Inherit','Inherit','Ireland.jpg','Ireland',1,1,1,'d1b80973b0613486dda80966ce537b0135180079','travel-photos/Ireland.jpg',NULL),(7,3,3,1,0,1,1,1,'SilverStripe\\Assets\\Image','2019-10-16 10:04:20','2019-10-16 10:02:47','Inherit','Inherit','Ireland.jpg','Ireland',1,1,1,'d1b80973b0613486dda80966ce537b0135180079','travel-photos/Ireland.jpg',NULL),(8,4,1,0,0,1,1,0,'SilverStripe\\Assets\\File','2019-10-16 10:05:44','2019-10-16 10:05:44','Inherit','Inherit','Sample-Article-1.pdf','Sample Article 1',1,2,1,'fbcd8833756e5ea51292ebb283eb2cc3005db1c4','travel-brochures/Sample-Article-1.pdf',NULL),(9,4,2,0,0,1,1,0,'SilverStripe\\Assets\\File','2019-10-16 10:14:26','2019-10-16 10:05:44','Inherit','Inherit','Sample-Article-1.pdf','Sample Article 1',1,2,1,'fbcd8833756e5ea51292ebb283eb2cc3005db1c4','travel-brochures/Sample-Article-1.pdf',NULL),(10,4,3,1,0,1,1,1,'SilverStripe\\Assets\\File','2019-10-16 10:14:27','2019-10-16 10:05:44','Inherit','Inherit','Sample-Article-1.pdf','Sample Article 1',1,2,1,'fbcd8833756e5ea51292ebb283eb2cc3005db1c4','travel-brochures/Sample-Article-1.pdf',NULL),(11,5,1,0,0,1,1,0,'SilverStripe\\Assets\\Image','2019-10-16 10:27:04','2019-10-16 10:27:04','Inherit','Inherit','Alaska.jpg','Alaska',1,1,1,'adb4885148a6bddc122a61bca497b5b4f088a8b8','travel-photos/Alaska.jpg',NULL),(12,6,1,0,0,1,1,0,'SilverStripe\\Assets\\File','2019-10-16 10:27:13','2019-10-16 10:27:13','Inherit','Inherit','Sample-Article-2.pdf','Sample Article 2',1,2,1,'8592d6d2b13019c30af3273870d58d4429510f8c','travel-brochures/Sample-Article-2.pdf',NULL),(13,5,2,1,0,1,1,1,'SilverStripe\\Assets\\Image','2019-10-16 10:27:21','2019-10-16 10:27:04','Inherit','Inherit','Alaska.jpg','Alaska',1,1,1,'adb4885148a6bddc122a61bca497b5b4f088a8b8','travel-photos/Alaska.jpg',NULL),(14,6,2,1,0,1,1,1,'SilverStripe\\Assets\\File','2019-10-16 10:27:21','2019-10-16 10:27:13','Inherit','Inherit','Sample-Article-2.pdf','Sample Article 2',1,2,1,'8592d6d2b13019c30af3273870d58d4429510f8c','travel-brochures/Sample-Article-2.pdf',NULL),(15,7,1,0,0,1,1,0,'SilverStripe\\Assets\\Image','2019-10-16 10:28:03','2019-10-16 10:28:03','Inherit','Inherit','Utah.jpg','Utah',1,1,1,'e089caecfa905103936062f1da5e57b6dfe380b4','travel-photos/Utah.jpg',NULL),(16,8,1,0,0,1,1,0,'SilverStripe\\Assets\\File','2019-10-16 10:28:13','2019-10-16 10:28:13','Inherit','Inherit','Sample-Article-3.pdf','Sample Article 3',1,2,1,'2e88422267b1cd2edf05c677500dc3c8628202dd','travel-brochures/Sample-Article-3.pdf',NULL),(17,7,2,1,0,1,1,1,'SilverStripe\\Assets\\Image','2019-10-16 10:28:26','2019-10-16 10:28:03','Inherit','Inherit','Utah.jpg','Utah',1,1,1,'e089caecfa905103936062f1da5e57b6dfe380b4','travel-photos/Utah.jpg',NULL),(18,8,2,1,0,1,1,1,'SilverStripe\\Assets\\File','2019-10-16 10:28:26','2019-10-16 10:28:13','Inherit','Inherit','Sample-Article-3.pdf','Sample Article 3',1,2,1,'2e88422267b1cd2edf05c677500dc3c8628202dd','travel-brochures/Sample-Article-3.pdf',NULL),(19,9,1,0,0,1,1,0,'SilverStripe\\Assets\\Folder','2019-10-17 02:32:17','2019-10-17 02:32:17','Inherit','Inherit','region-photos','region-photos',1,0,1,NULL,NULL,NULL),(20,9,2,1,0,1,1,1,'SilverStripe\\Assets\\Folder','2019-10-17 02:32:18','2019-10-17 02:32:17','Inherit','Inherit','region-photos','region-photos',1,0,1,NULL,NULL,NULL),(21,10,1,0,0,1,1,0,'SilverStripe\\Assets\\Image','2019-10-17 02:32:41','2019-10-17 02:32:41','Inherit','Inherit','Northeast.jpg','Northeast',1,9,1,'d97d9b79c1a9179924ae7dcfc3fd09047f81c7b6','region-photos/Northeast.jpg',NULL),(22,11,1,0,0,1,1,0,'SilverStripe\\Assets\\Image','2019-10-17 02:33:33','2019-10-17 02:33:33','Inherit','Inherit','Northwest.jpg','Northwest',1,9,1,'84484b7a7ea17d14e610d785fb2e571d9d562657','region-photos/Northwest.jpg',NULL),(23,12,1,0,0,1,1,0,'SilverStripe\\Assets\\Image','2019-10-17 02:34:24','2019-10-17 02:34:24','Inherit','Inherit','Southeast.jpg','Southeast',1,9,1,'c1e182a2850e97d688613c8251380d38ad7b23ff','region-photos/Southeast.jpg',NULL),(24,13,1,0,0,1,1,0,'SilverStripe\\Assets\\Image','2019-10-17 02:35:21','2019-10-17 02:35:21','Inherit','Inherit','Southwest.jpg','Southwest',1,9,1,'7bc4a53e4ac31b830e2a565734d29dfaff8ae0ed','region-photos/Southwest.jpg',NULL),(25,10,2,1,0,1,1,1,'SilverStripe\\Assets\\Image','2019-10-17 02:37:16','2019-10-17 02:32:41','Inherit','Inherit','Northeast.jpg','Northeast',1,9,1,'d97d9b79c1a9179924ae7dcfc3fd09047f81c7b6','region-photos/Northeast.jpg',NULL),(26,11,2,1,0,1,1,1,'SilverStripe\\Assets\\Image','2019-10-17 02:37:17','2019-10-17 02:33:33','Inherit','Inherit','Northwest.jpg','Northwest',1,9,1,'84484b7a7ea17d14e610d785fb2e571d9d562657','region-photos/Northwest.jpg',NULL),(27,12,2,1,0,1,1,1,'SilverStripe\\Assets\\Image','2019-10-17 02:37:17','2019-10-17 02:34:24','Inherit','Inherit','Southeast.jpg','Southeast',1,9,1,'c1e182a2850e97d688613c8251380d38ad7b23ff','region-photos/Southeast.jpg',NULL),(28,13,2,1,0,1,1,1,'SilverStripe\\Assets\\Image','2019-10-17 02:37:17','2019-10-17 02:35:21','Inherit','Inherit','Southwest.jpg','Southwest',1,9,1,'7bc4a53e4ac31b830e2a565734d29dfaff8ae0ed','region-photos/Southwest.jpg',NULL),(29,14,1,0,0,1,1,0,'SilverStripe\\Assets\\Folder','2019-10-17 22:03:31','2019-10-17 22:03:31','Inherit','Inherit','property-photos','property-photos',1,0,1,NULL,NULL,NULL),(30,14,2,1,0,1,1,1,'SilverStripe\\Assets\\Folder','2019-10-17 22:03:31','2019-10-17 22:03:31','Inherit','Inherit','property-photos','property-photos',1,0,1,NULL,NULL,NULL),(31,15,1,0,0,1,1,0,'SilverStripe\\Assets\\Image','2019-10-17 22:04:15','2019-10-17 22:04:15','Inherit','Inherit','Luxury-Apartment.jpg','Luxury Apartment',1,14,1,'d1363a6675465577128b9d0c9b58820dd1f45a69','property-photos/Luxury-Apartment.jpg',NULL),(32,15,2,1,0,1,1,1,'SilverStripe\\Assets\\Image','2019-10-17 22:04:30','2019-10-17 22:04:15','Inherit','Inherit','Luxury-Apartment.jpg','Luxury Apartment',1,14,1,'d1363a6675465577128b9d0c9b58820dd1f45a69','property-photos/Luxury-Apartment.jpg',NULL),(33,16,1,0,0,1,1,0,'SilverStripe\\Assets\\Image','2019-10-17 22:06:15','2019-10-17 22:06:15','Inherit','Inherit','Stunning-Villa.jpg','Stunning Villa',1,14,1,'0b64cc3d5b70eba5da30565607a501a453846601','property-photos/Stunning-Villa.jpg',NULL),(34,16,2,1,0,1,1,1,'SilverStripe\\Assets\\Image','2019-10-17 22:06:26','2019-10-17 22:06:15','Inherit','Inherit','Stunning-Villa.jpg','Stunning Villa',1,14,1,'0b64cc3d5b70eba5da30565607a501a453846601','property-photos/Stunning-Villa.jpg',NULL),(35,17,1,0,0,1,1,0,'SilverStripe\\Assets\\Image','2019-10-17 22:07:23','2019-10-17 22:07:23','Inherit','Inherit','Recent-Construction.jpg','Recent Construction',1,14,1,'9ce7cc7e8f2d36dd81b364705edbcb00606d0b02','property-photos/Recent-Construction.jpg',NULL),(36,17,2,1,0,1,1,1,'SilverStripe\\Assets\\Image','2019-10-17 22:08:41','2019-10-17 22:07:23','Inherit','Inherit','Recent-Construction.jpg','Recent Construction',1,14,1,'9ce7cc7e8f2d36dd81b364705edbcb00606d0b02','property-photos/Recent-Construction.jpg',NULL),(37,18,1,0,0,1,1,0,'SilverStripe\\Assets\\Image','2019-10-17 22:09:54','2019-10-17 22:09:54','Inherit','Inherit','Modern-Construction.jpg','Modern Construction',1,14,1,'5a3f12f4a015de680321f1ca0c33e76c1795e0cc','property-photos/Modern-Construction.jpg',NULL),(38,18,2,1,0,1,1,1,'SilverStripe\\Assets\\Image','2019-10-17 22:10:18','2019-10-17 22:09:54','Inherit','Inherit','Modern-Construction.jpg','Modern Construction',1,14,1,'5a3f12f4a015de680321f1ca0c33e76c1795e0cc','property-photos/Modern-Construction.jpg',NULL),(39,19,1,0,0,1,1,0,'SilverStripe\\Assets\\Image','2019-10-17 22:11:16','2019-10-17 22:11:16','Inherit','Inherit','Single-Family-Townhouse.jpg','Single Family Townhouse',1,14,1,'48dc1b95f7770ae7ecf2c3971065aedea335ee17','property-photos/Single-Family-Townhouse.jpg',NULL),(40,19,2,1,0,1,1,1,'SilverStripe\\Assets\\Image','2019-10-17 22:11:40','2019-10-17 22:11:16','Inherit','Inherit','Single-Family-Townhouse.jpg','Single Family Townhouse',1,14,1,'48dc1b95f7770ae7ecf2c3971065aedea335ee17','property-photos/Single-Family-Townhouse.jpg',NULL),(41,20,1,0,0,1,1,0,'SilverStripe\\Assets\\Image','2019-10-17 22:12:31','2019-10-17 22:12:31','Inherit','Inherit','Villa-with-Garage.jpg','Villa with Garage',1,14,1,'e0468fdc72ef159c3ea2b991d21c1f1afb2d0e0f','property-photos/Villa-with-Garage.jpg',NULL),(42,20,2,1,0,1,1,1,'SilverStripe\\Assets\\Image','2019-10-17 22:12:42','2019-10-17 22:12:31','Inherit','Inherit','Villa-with-Garage.jpg','Villa with Garage',1,14,1,'e0468fdc72ef159c3ea2b991d21c1f1afb2d0e0f','property-photos/Villa-with-Garage.jpg',NULL);
/*!40000 ALTER TABLE `File_Versions` ENABLE KEYS */;
UNLOCK TABLES;

--
-- Table structure for table `File_ViewerGroups`
--

DROP TABLE IF EXISTS `File_ViewerGroups`;
/*!40101 SET @saved_cs_client     = @@character_set_client */;
/*!40101 SET character_set_client = utf8 */;
CREATE TABLE `File_ViewerGroups` (
  `ID` int(11) NOT NULL AUTO_INCREMENT,
  `FileID` int(11) NOT NULL DEFAULT '0',
  `GroupID` int(11) NOT NULL DEFAULT '0',
  PRIMARY KEY (`ID`),
  KEY `FileID` (`FileID`),
  KEY `GroupID` (`GroupID`)
) ENGINE=InnoDB DEFAULT CHARSET=utf8;
/*!40101 SET character_set_client = @saved_cs_client */;

--
-- Dumping data for table `File_ViewerGroups`
--

LOCK TABLES `File_ViewerGroups` WRITE;
/*!40000 ALTER TABLE `File_ViewerGroups` DISABLE KEYS */;
/*!40000 ALTER TABLE `File_ViewerGroups` ENABLE KEYS */;
UNLOCK TABLES;

--
-- Table structure for table `Group`
--

DROP TABLE IF EXISTS `Group`;
/*!40101 SET @saved_cs_client     = @@character_set_client */;
/*!40101 SET character_set_client = utf8 */;
CREATE TABLE `Group` (
  `ID` int(11) NOT NULL AUTO_INCREMENT,
  `ClassName` enum('SilverStripe\\Security\\Group') DEFAULT 'SilverStripe\\Security\\Group',
  `LastEdited` datetime DEFAULT NULL,
  `Created` datetime DEFAULT NULL,
  `Title` varchar(255) DEFAULT NULL,
  `Description` mediumtext,
  `Code` varchar(255) DEFAULT NULL,
  `Locked` tinyint(1) unsigned NOT NULL DEFAULT '0',
  `Sort` int(11) NOT NULL DEFAULT '0',
  `HtmlEditorConfig` mediumtext,
  `ParentID` int(11) NOT NULL DEFAULT '0',
  PRIMARY KEY (`ID`),
  KEY `ClassName` (`ClassName`),
  KEY `ParentID` (`ParentID`)
) ENGINE=InnoDB AUTO_INCREMENT=3 DEFAULT CHARSET=utf8;
/*!40101 SET character_set_client = @saved_cs_client */;

--
-- Dumping data for table `Group`
--

LOCK TABLES `Group` WRITE;
/*!40000 ALTER TABLE `Group` DISABLE KEYS */;
INSERT INTO `Group` VALUES (1,'SilverStripe\\Security\\Group','2019-10-15 05:07:37','2019-10-15 05:07:37','Content Authors',NULL,'content-authors',0,1,NULL,0),(2,'SilverStripe\\Security\\Group','2019-10-15 05:07:37','2019-10-15 05:07:37','Administrators',NULL,'administrators',0,0,NULL,0);
/*!40000 ALTER TABLE `Group` ENABLE KEYS */;
UNLOCK TABLES;

--
-- Table structure for table `Group_Members`
--

DROP TABLE IF EXISTS `Group_Members`;
/*!40101 SET @saved_cs_client     = @@character_set_client */;
/*!40101 SET character_set_client = utf8 */;
CREATE TABLE `Group_Members` (
  `ID` int(11) NOT NULL AUTO_INCREMENT,
  `GroupID` int(11) NOT NULL DEFAULT '0',
  `MemberID` int(11) NOT NULL DEFAULT '0',
  PRIMARY KEY (`ID`),
  KEY `GroupID` (`GroupID`),
  KEY `MemberID` (`MemberID`)
) ENGINE=InnoDB AUTO_INCREMENT=2 DEFAULT CHARSET=utf8;
/*!40101 SET character_set_client = @saved_cs_client */;

--
-- Dumping data for table `Group_Members`
--

LOCK TABLES `Group_Members` WRITE;
/*!40000 ALTER TABLE `Group_Members` DISABLE KEYS */;
INSERT INTO `Group_Members` VALUES (1,2,1);
/*!40000 ALTER TABLE `Group_Members` ENABLE KEYS */;
UNLOCK TABLES;

--
-- Table structure for table `Group_Roles`
--

DROP TABLE IF EXISTS `Group_Roles`;
/*!40101 SET @saved_cs_client     = @@character_set_client */;
/*!40101 SET character_set_client = utf8 */;
CREATE TABLE `Group_Roles` (
  `ID` int(11) NOT NULL AUTO_INCREMENT,
  `GroupID` int(11) NOT NULL DEFAULT '0',
  `PermissionRoleID` int(11) NOT NULL DEFAULT '0',
  PRIMARY KEY (`ID`),
  KEY `GroupID` (`GroupID`),
  KEY `PermissionRoleID` (`PermissionRoleID`)
) ENGINE=InnoDB DEFAULT CHARSET=utf8;
/*!40101 SET character_set_client = @saved_cs_client */;

--
-- Dumping data for table `Group_Roles`
--

LOCK TABLES `Group_Roles` WRITE;
/*!40000 ALTER TABLE `Group_Roles` DISABLE KEYS */;
/*!40000 ALTER TABLE `Group_Roles` ENABLE KEYS */;
UNLOCK TABLES;

--
-- Table structure for table `LoginAttempt`
--

DROP TABLE IF EXISTS `LoginAttempt`;
/*!40101 SET @saved_cs_client     = @@character_set_client */;
/*!40101 SET character_set_client = utf8 */;
CREATE TABLE `LoginAttempt` (
  `ID` int(11) NOT NULL AUTO_INCREMENT,
  `ClassName` enum('SilverStripe\\Security\\LoginAttempt') DEFAULT 'SilverStripe\\Security\\LoginAttempt',
  `LastEdited` datetime DEFAULT NULL,
  `Created` datetime DEFAULT NULL,
  `Email` varchar(255) DEFAULT NULL,
  `EmailHashed` varchar(255) DEFAULT NULL,
  `Status` enum('Success','Failure') DEFAULT 'Success',
  `IP` varchar(255) DEFAULT NULL,
  `MemberID` int(11) NOT NULL DEFAULT '0',
  PRIMARY KEY (`ID`),
  KEY `ClassName` (`ClassName`),
  KEY `MemberID` (`MemberID`),
  KEY `EmailHashed` (`EmailHashed`)
) ENGINE=InnoDB AUTO_INCREMENT=5 DEFAULT CHARSET=utf8;
/*!40101 SET character_set_client = @saved_cs_client */;

--
-- Dumping data for table `LoginAttempt`
--

LOCK TABLES `LoginAttempt` WRITE;
/*!40000 ALTER TABLE `LoginAttempt` DISABLE KEYS */;
INSERT INTO `LoginAttempt` VALUES (1,'SilverStripe\\Security\\LoginAttempt','2019-10-15 05:46:23','2019-10-15 05:46:23',NULL,'dc76e9f0c0006e8f919e0c515c66dbba3982f785','Success','192.168.96.1',1),(2,'SilverStripe\\Security\\LoginAttempt','2019-10-17 03:07:01','2019-10-17 03:07:01',NULL,'dc76e9f0c0006e8f919e0c515c66dbba3982f785','Success','172.28.0.1',1),(3,'SilverStripe\\Security\\LoginAttempt','2019-10-17 22:02:56','2019-10-17 22:02:56',NULL,'dc76e9f0c0006e8f919e0c515c66dbba3982f785','Success','172.31.0.1',1),(4,'SilverStripe\\Security\\LoginAttempt','2019-10-18 08:31:26','2019-10-18 08:31:26',NULL,'dc76e9f0c0006e8f919e0c515c66dbba3982f785','Success','192.168.16.1',1);
/*!40000 ALTER TABLE `LoginAttempt` ENABLE KEYS */;
UNLOCK TABLES;

--
-- Table structure for table `Member`
--

DROP TABLE IF EXISTS `Member`;
/*!40101 SET @saved_cs_client     = @@character_set_client */;
/*!40101 SET character_set_client = utf8 */;
CREATE TABLE `Member` (
  `ID` int(11) NOT NULL AUTO_INCREMENT,
  `ClassName` enum('SilverStripe\\Security\\Member') DEFAULT 'SilverStripe\\Security\\Member',
  `LastEdited` datetime DEFAULT NULL,
  `Created` datetime DEFAULT NULL,
  `FirstName` varchar(255) DEFAULT NULL,
  `Surname` varchar(255) DEFAULT NULL,
  `Email` varchar(254) DEFAULT NULL,
  `TempIDHash` varchar(160) DEFAULT NULL,
  `TempIDExpired` datetime DEFAULT NULL,
  `Password` varchar(160) DEFAULT NULL,
  `AutoLoginHash` varchar(160) DEFAULT NULL,
  `AutoLoginExpired` datetime DEFAULT NULL,
  `PasswordEncryption` varchar(50) DEFAULT NULL,
  `Salt` varchar(50) DEFAULT NULL,
  `PasswordExpiry` date DEFAULT NULL,
  `LockedOutUntil` datetime DEFAULT NULL,
  `Locale` varchar(6) DEFAULT NULL,
  `FailedLoginCount` int(11) NOT NULL DEFAULT '0',
  PRIMARY KEY (`ID`),
  KEY `Surname` (`Surname`),
  KEY `FirstName` (`FirstName`),
  KEY `ClassName` (`ClassName`),
  KEY `Email` (`Email`)
) ENGINE=InnoDB AUTO_INCREMENT=2 DEFAULT CHARSET=utf8;
/*!40101 SET character_set_client = @saved_cs_client */;

--
-- Dumping data for table `Member`
--

LOCK TABLES `Member` WRITE;
/*!40000 ALTER TABLE `Member` DISABLE KEYS */;
INSERT INTO `Member` VALUES (1,'SilverStripe\\Security\\Member','2019-10-18 08:31:26','2019-10-15 05:07:37','Default Admin',NULL,'root','dbb24a818211e04817e4869c93d84cb287e599d4','2019-10-21 08:31:26',NULL,NULL,NULL,'none',NULL,NULL,NULL,'en_US',0);
/*!40000 ALTER TABLE `Member` ENABLE KEYS */;
UNLOCK TABLES;

--
-- Table structure for table `MemberPassword`
--

DROP TABLE IF EXISTS `MemberPassword`;
/*!40101 SET @saved_cs_client     = @@character_set_client */;
/*!40101 SET character_set_client = utf8 */;
CREATE TABLE `MemberPassword` (
  `ID` int(11) NOT NULL AUTO_INCREMENT,
  `ClassName` enum('SilverStripe\\Security\\MemberPassword') DEFAULT 'SilverStripe\\Security\\MemberPassword',
  `LastEdited` datetime DEFAULT NULL,
  `Created` datetime DEFAULT NULL,
  `Password` varchar(160) DEFAULT NULL,
  `Salt` varchar(50) DEFAULT NULL,
  `PasswordEncryption` varchar(50) DEFAULT NULL,
  `MemberID` int(11) NOT NULL DEFAULT '0',
  PRIMARY KEY (`ID`),
  KEY `ClassName` (`ClassName`),
  KEY `MemberID` (`MemberID`)
) ENGINE=InnoDB AUTO_INCREMENT=2 DEFAULT CHARSET=utf8;
/*!40101 SET character_set_client = @saved_cs_client */;

--
-- Dumping data for table `MemberPassword`
--

LOCK TABLES `MemberPassword` WRITE;
/*!40000 ALTER TABLE `MemberPassword` DISABLE KEYS */;
INSERT INTO `MemberPassword` VALUES (1,'SilverStripe\\Security\\MemberPassword','2019-10-15 05:07:37','2019-10-15 05:07:37',NULL,NULL,'none',1);
/*!40000 ALTER TABLE `MemberPassword` ENABLE KEYS */;
UNLOCK TABLES;

--
-- Table structure for table `Permission`
--

DROP TABLE IF EXISTS `Permission`;
/*!40101 SET @saved_cs_client     = @@character_set_client */;
/*!40101 SET character_set_client = utf8 */;
CREATE TABLE `Permission` (
  `ID` int(11) NOT NULL AUTO_INCREMENT,
  `ClassName` enum('SilverStripe\\Security\\Permission') DEFAULT 'SilverStripe\\Security\\Permission',
  `LastEdited` datetime DEFAULT NULL,
  `Created` datetime DEFAULT NULL,
  `Code` varchar(255) DEFAULT NULL,
  `Arg` int(11) NOT NULL DEFAULT '0',
  `Type` int(11) NOT NULL DEFAULT '1',
  `GroupID` int(11) NOT NULL DEFAULT '0',
  PRIMARY KEY (`ID`),
  KEY `ClassName` (`ClassName`),
  KEY `GroupID` (`GroupID`),
  KEY `Code` (`Code`)
) ENGINE=InnoDB AUTO_INCREMENT=6 DEFAULT CHARSET=utf8;
/*!40101 SET character_set_client = @saved_cs_client */;

--
-- Dumping data for table `Permission`
--

LOCK TABLES `Permission` WRITE;
/*!40000 ALTER TABLE `Permission` DISABLE KEYS */;
INSERT INTO `Permission` VALUES (1,'SilverStripe\\Security\\Permission','2019-10-15 05:07:37','2019-10-15 05:07:37','CMS_ACCESS_CMSMain',0,1,1),(2,'SilverStripe\\Security\\Permission','2019-10-15 05:07:37','2019-10-15 05:07:37','CMS_ACCESS_AssetAdmin',0,1,1),(3,'SilverStripe\\Security\\Permission','2019-10-15 05:07:37','2019-10-15 05:07:37','CMS_ACCESS_ReportAdmin',0,1,1),(4,'SilverStripe\\Security\\Permission','2019-10-15 05:07:37','2019-10-15 05:07:37','SITETREE_REORGANISE',0,1,1),(5,'SilverStripe\\Security\\Permission','2019-10-15 05:07:37','2019-10-15 05:07:37','ADMIN',0,1,2);
/*!40000 ALTER TABLE `Permission` ENABLE KEYS */;
UNLOCK TABLES;

--
-- Table structure for table `PermissionRole`
--

DROP TABLE IF EXISTS `PermissionRole`;
/*!40101 SET @saved_cs_client     = @@character_set_client */;
/*!40101 SET character_set_client = utf8 */;
CREATE TABLE `PermissionRole` (
  `ID` int(11) NOT NULL AUTO_INCREMENT,
  `ClassName` enum('SilverStripe\\Security\\PermissionRole') DEFAULT 'SilverStripe\\Security\\PermissionRole',
  `LastEdited` datetime DEFAULT NULL,
  `Created` datetime DEFAULT NULL,
  `Title` varchar(255) DEFAULT NULL,
  `OnlyAdminCanApply` tinyint(1) unsigned NOT NULL DEFAULT '0',
  PRIMARY KEY (`ID`),
  KEY `Title` (`Title`),
  KEY `ClassName` (`ClassName`)
) ENGINE=InnoDB DEFAULT CHARSET=utf8;
/*!40101 SET character_set_client = @saved_cs_client */;

--
-- Dumping data for table `PermissionRole`
--

LOCK TABLES `PermissionRole` WRITE;
/*!40000 ALTER TABLE `PermissionRole` DISABLE KEYS */;
/*!40000 ALTER TABLE `PermissionRole` ENABLE KEYS */;
UNLOCK TABLES;

--
-- Table structure for table `PermissionRoleCode`
--

DROP TABLE IF EXISTS `PermissionRoleCode`;
/*!40101 SET @saved_cs_client     = @@character_set_client */;
/*!40101 SET character_set_client = utf8 */;
CREATE TABLE `PermissionRoleCode` (
  `ID` int(11) NOT NULL AUTO_INCREMENT,
  `ClassName` enum('SilverStripe\\Security\\PermissionRoleCode') DEFAULT 'SilverStripe\\Security\\PermissionRoleCode',
  `LastEdited` datetime DEFAULT NULL,
  `Created` datetime DEFAULT NULL,
  `Code` varchar(255) DEFAULT NULL,
  `RoleID` int(11) NOT NULL DEFAULT '0',
  PRIMARY KEY (`ID`),
  KEY `ClassName` (`ClassName`),
  KEY `RoleID` (`RoleID`)
) ENGINE=InnoDB DEFAULT CHARSET=utf8;
/*!40101 SET character_set_client = @saved_cs_client */;

--
-- Dumping data for table `PermissionRoleCode`
--

LOCK TABLES `PermissionRoleCode` WRITE;
/*!40000 ALTER TABLE `PermissionRoleCode` DISABLE KEYS */;
/*!40000 ALTER TABLE `PermissionRoleCode` ENABLE KEYS */;
UNLOCK TABLES;

--
-- Table structure for table `RedirectorPage`
--

DROP TABLE IF EXISTS `RedirectorPage`;
/*!40101 SET @saved_cs_client     = @@character_set_client */;
/*!40101 SET character_set_client = utf8 */;
CREATE TABLE `RedirectorPage` (
  `ID` int(11) NOT NULL AUTO_INCREMENT,
  `RedirectionType` enum('Internal','External') DEFAULT 'Internal',
  `ExternalURL` varchar(2083) DEFAULT NULL,
  `LinkToID` int(11) NOT NULL DEFAULT '0',
  PRIMARY KEY (`ID`),
  KEY `LinkToID` (`LinkToID`)
) ENGINE=InnoDB DEFAULT CHARSET=utf8;
/*!40101 SET character_set_client = @saved_cs_client */;

--
-- Dumping data for table `RedirectorPage`
--

LOCK TABLES `RedirectorPage` WRITE;
/*!40000 ALTER TABLE `RedirectorPage` DISABLE KEYS */;
/*!40000 ALTER TABLE `RedirectorPage` ENABLE KEYS */;
UNLOCK TABLES;

--
-- Table structure for table `RedirectorPage_Live`
--

DROP TABLE IF EXISTS `RedirectorPage_Live`;
/*!40101 SET @saved_cs_client     = @@character_set_client */;
/*!40101 SET character_set_client = utf8 */;
CREATE TABLE `RedirectorPage_Live` (
  `ID` int(11) NOT NULL AUTO_INCREMENT,
  `RedirectionType` enum('Internal','External') DEFAULT 'Internal',
  `ExternalURL` varchar(2083) DEFAULT NULL,
  `LinkToID` int(11) NOT NULL DEFAULT '0',
  PRIMARY KEY (`ID`),
  KEY `LinkToID` (`LinkToID`)
) ENGINE=InnoDB DEFAULT CHARSET=utf8;
/*!40101 SET character_set_client = @saved_cs_client */;

--
-- Dumping data for table `RedirectorPage_Live`
--

LOCK TABLES `RedirectorPage_Live` WRITE;
/*!40000 ALTER TABLE `RedirectorPage_Live` DISABLE KEYS */;
/*!40000 ALTER TABLE `RedirectorPage_Live` ENABLE KEYS */;
UNLOCK TABLES;

--
-- Table structure for table `RedirectorPage_Versions`
--

DROP TABLE IF EXISTS `RedirectorPage_Versions`;
/*!40101 SET @saved_cs_client     = @@character_set_client */;
/*!40101 SET character_set_client = utf8 */;
CREATE TABLE `RedirectorPage_Versions` (
  `ID` int(11) NOT NULL AUTO_INCREMENT,
  `RecordID` int(11) NOT NULL DEFAULT '0',
  `Version` int(11) NOT NULL DEFAULT '0',
  `RedirectionType` enum('Internal','External') DEFAULT 'Internal',
  `ExternalURL` varchar(2083) DEFAULT NULL,
  `LinkToID` int(11) NOT NULL DEFAULT '0',
  PRIMARY KEY (`ID`),
  UNIQUE KEY `RecordID_Version` (`RecordID`,`Version`),
  KEY `RecordID` (`RecordID`),
  KEY `Version` (`Version`),
  KEY `LinkToID` (`LinkToID`)
) ENGINE=InnoDB DEFAULT CHARSET=utf8;
/*!40101 SET character_set_client = @saved_cs_client */;

--
-- Dumping data for table `RedirectorPage_Versions`
--

LOCK TABLES `RedirectorPage_Versions` WRITE;
/*!40000 ALTER TABLE `RedirectorPage_Versions` DISABLE KEYS */;
/*!40000 ALTER TABLE `RedirectorPage_Versions` ENABLE KEYS */;
UNLOCK TABLES;

--
-- Table structure for table `RememberLoginHash`
--

DROP TABLE IF EXISTS `RememberLoginHash`;
/*!40101 SET @saved_cs_client     = @@character_set_client */;
/*!40101 SET character_set_client = utf8 */;
CREATE TABLE `RememberLoginHash` (
  `ID` int(11) NOT NULL AUTO_INCREMENT,
  `ClassName` enum('SilverStripe\\Security\\RememberLoginHash') DEFAULT 'SilverStripe\\Security\\RememberLoginHash',
  `LastEdited` datetime DEFAULT NULL,
  `Created` datetime DEFAULT NULL,
  `DeviceID` varchar(40) DEFAULT NULL,
  `Hash` varchar(160) DEFAULT NULL,
  `ExpiryDate` datetime DEFAULT NULL,
  `MemberID` int(11) NOT NULL DEFAULT '0',
  PRIMARY KEY (`ID`),
  KEY `ClassName` (`ClassName`),
  KEY `MemberID` (`MemberID`),
  KEY `DeviceID` (`DeviceID`),
  KEY `Hash` (`Hash`)
) ENGINE=InnoDB AUTO_INCREMENT=3 DEFAULT CHARSET=utf8;
/*!40101 SET character_set_client = @saved_cs_client */;

--
-- Dumping data for table `RememberLoginHash`
--

LOCK TABLES `RememberLoginHash` WRITE;
/*!40000 ALTER TABLE `RememberLoginHash` DISABLE KEYS */;
INSERT INTO `RememberLoginHash` VALUES (1,'SilverStripe\\Security\\RememberLoginHash','2019-10-15 11:06:17','2019-10-15 05:46:23','bc4f833cdb315a525c6a615e119e2df30651da37','d24f7ce1618619af5ec465cc9712ce7780b95816','2020-01-13 05:46:23',1),(2,'SilverStripe\\Security\\RememberLoginHash','2019-10-17 03:07:01','2019-10-17 03:07:01','bc4a1368c1b81c1598352dfdc0d0796e841c9bb5','5b494caefd2bb4667e068eeb556f2059c1a6b073','2020-01-15 03:07:01',1);
/*!40000 ALTER TABLE `RememberLoginHash` ENABLE KEYS */;
UNLOCK TABLES;

--
-- Table structure for table `SilverStripe_Example_ArticleCategory`
--

DROP TABLE IF EXISTS `SilverStripe_Example_ArticleCategory`;
/*!40101 SET @saved_cs_client     = @@character_set_client */;
/*!40101 SET character_set_client = utf8 */;
CREATE TABLE `SilverStripe_Example_ArticleCategory` (
  `ID` int(11) NOT NULL AUTO_INCREMENT,
  `ClassName` enum('SilverStripe\\Example\\ArticleCategory') DEFAULT 'SilverStripe\\Example\\ArticleCategory',
  `LastEdited` datetime DEFAULT NULL,
  `Created` datetime DEFAULT NULL,
  `Title` varchar(255) DEFAULT NULL,
  `ArticleHolderID` int(11) NOT NULL DEFAULT '0',
  PRIMARY KEY (`ID`),
  KEY `ClassName` (`ClassName`),
  KEY `ArticleHolderID` (`ArticleHolderID`)
) ENGINE=InnoDB AUTO_INCREMENT=8 DEFAULT CHARSET=utf8;
/*!40101 SET character_set_client = @saved_cs_client */;

--
-- Dumping data for table `SilverStripe_Example_ArticleCategory`
--

LOCK TABLES `SilverStripe_Example_ArticleCategory` WRITE;
/*!40000 ALTER TABLE `SilverStripe_Example_ArticleCategory` DISABLE KEYS */;
INSERT INTO `SilverStripe_Example_ArticleCategory` VALUES (1,'SilverStripe\\Example\\ArticleCategory','2019-10-17 03:08:27','2019-10-17 03:08:27','Business',9),(2,'SilverStripe\\Example\\ArticleCategory','2019-10-17 03:08:48','2019-10-17 03:08:48','Commercial',9),(3,'SilverStripe\\Example\\ArticleCategory','2019-10-17 03:09:12','2019-10-17 03:09:12','Land',9),(4,'SilverStripe\\Example\\ArticleCategory','2019-10-17 03:09:30','2019-10-17 03:09:30','Loans',9),(5,'SilverStripe\\Example\\ArticleCategory','2019-10-17 03:09:50','2019-10-17 03:09:50','News and Updates',9),(6,'SilverStripe\\Example\\ArticleCategory','2019-10-17 03:10:11','2019-10-17 03:10:11','Properties for Sale',9),(7,'SilverStripe\\Example\\ArticleCategory','2019-10-17 03:10:29','2019-10-17 03:10:29','Real Estate',9);
/*!40000 ALTER TABLE `SilverStripe_Example_ArticleCategory` ENABLE KEYS */;
UNLOCK TABLES;

--
-- Table structure for table `SilverStripe_Example_ArticleComment`
--

DROP TABLE IF EXISTS `SilverStripe_Example_ArticleComment`;
/*!40101 SET @saved_cs_client     = @@character_set_client */;
/*!40101 SET character_set_client = utf8 */;
CREATE TABLE `SilverStripe_Example_ArticleComment` (
  `ID` int(11) NOT NULL AUTO_INCREMENT,
  `ClassName` enum('SilverStripe\\Example\\ArticleComment') DEFAULT 'SilverStripe\\Example\\ArticleComment',
  `LastEdited` datetime DEFAULT NULL,
  `Created` datetime DEFAULT NULL,
  `Name` varchar(255) DEFAULT NULL,
  `Email` varchar(255) DEFAULT NULL,
  `Comment` mediumtext,
  `ArticlePageID` int(11) NOT NULL DEFAULT '0',
  PRIMARY KEY (`ID`),
  KEY `ClassName` (`ClassName`),
  KEY `ArticlePageID` (`ArticlePageID`)
) ENGINE=InnoDB AUTO_INCREMENT=2 DEFAULT CHARSET=utf8;
/*!40101 SET character_set_client = @saved_cs_client */;

--
-- Dumping data for table `SilverStripe_Example_ArticleComment`
--

LOCK TABLES `SilverStripe_Example_ArticleComment` WRITE;
/*!40000 ALTER TABLE `SilverStripe_Example_ArticleComment` DISABLE KEYS */;
INSERT INTO `SilverStripe_Example_ArticleComment` VALUES (1,'SilverStripe\\Example\\ArticleComment','2019-10-17 12:58:37','2019-10-17 12:58:37','John Doe','john@example.com','Hello World',10);
/*!40000 ALTER TABLE `SilverStripe_Example_ArticleComment` ENABLE KEYS */;
UNLOCK TABLES;

--
-- Table structure for table `SilverStripe_Example_ArticlePage`
--

DROP TABLE IF EXISTS `SilverStripe_Example_ArticlePage`;
/*!40101 SET @saved_cs_client     = @@character_set_client */;
/*!40101 SET character_set_client = utf8 */;
CREATE TABLE `SilverStripe_Example_ArticlePage` (
  `ID` int(11) NOT NULL AUTO_INCREMENT,
  `Date` date DEFAULT NULL,
  `Teaser` mediumtext,
  `ArticleAuthor` varchar(255) DEFAULT NULL,
  `PhotoID` int(11) NOT NULL DEFAULT '0',
  `BrochureID` int(11) NOT NULL DEFAULT '0',
  `RegionID` int(11) NOT NULL DEFAULT '0',
  PRIMARY KEY (`ID`),
  KEY `PhotoID` (`PhotoID`),
  KEY `BrochureID` (`BrochureID`),
  KEY `RegionID` (`RegionID`)
) ENGINE=InnoDB AUTO_INCREMENT=214 DEFAULT CHARSET=utf8;
/*!40101 SET character_set_client = @saved_cs_client */;

--
-- Dumping data for table `SilverStripe_Example_ArticlePage`
--

LOCK TABLES `SilverStripe_Example_ArticlePage` WRITE;
/*!40000 ALTER TABLE `SilverStripe_Example_ArticlePage` DISABLE KEYS */;
INSERT INTO `SilverStripe_Example_ArticlePage` VALUES (10,'1776-07-04','Teaser of sample article 1','Manuel Thalmann',3,4,2),(11,'1840-02-06',NULL,'John Doe',5,6,3),(12,'2000-08-01',NULL,'Jane Doe',7,8,1),(13,'2020-06-09','Teaser of sample article 4','Scrooge McDuck',5,6,2),(14,'2019-11-01','Teaser of sample article 5','John Doe',3,6,3),(15,'2020-06-25','Teaser of sample article 6','Scrooge McDuck',3,6,4),(16,'2020-01-19','Teaser of sample article 7','Jane Doe',5,6,4),(17,'2019-11-04','Teaser of sample article 8','Jane Doe',3,6,2),(18,'2020-08-25','Teaser of sample article 9','Scrooge McDuck',5,4,1),(19,'2020-06-25','Teaser of sample article 10','Jane Doe',5,4,4),(20,'2019-11-08','Teaser of sample article 11','Jane Doe',5,6,4),(21,'2019-12-18','Teaser of sample article 12','John Doe',5,6,4),(22,'2020-10-06','Teaser of sample article 13','Scrooge McDuck',5,6,1),(23,'2020-08-30','Teaser of sample article 14','Jane Doe',5,4,4),(24,'2020-03-09','Teaser of sample article 15','Scrooge McDuck',3,4,3),(25,'2020-08-12','Teaser of sample article 16','Jane Doe',3,6,4),(26,'2019-11-27','Teaser of sample article 17','Jane Doe',3,4,4),(27,'2020-08-26','Teaser of sample article 18','Jane Doe',3,6,3),(28,'2020-03-23','Teaser of sample article 19','Jane Doe',5,4,1),(29,'2020-02-21','Teaser of sample article 20','Jane Doe',5,4,2),(30,'2019-11-28','Teaser of sample article 21','Jane Doe',3,4,1),(31,'2020-09-26','Teaser of sample article 22','Scrooge McDuck',3,4,2),(32,'2019-11-25','Teaser of sample article 23','Jane Doe',5,6,1),(33,'2020-04-15','Teaser of sample article 24','Scrooge McDuck',5,4,1),(34,'2020-04-09','Teaser of sample article 25','Scrooge McDuck',5,6,3),(35,'2020-08-31','Teaser of sample article 26','Scrooge McDuck',5,6,1),(36,'2020-05-26','Teaser of sample article 27','John Doe',5,4,3),(37,'2019-12-01','Teaser of sample article 28','Scrooge McDuck',5,4,2),(38,'2019-11-23','Teaser of sample article 29','Scrooge McDuck',3,6,2),(39,'2019-11-02','Teaser of sample article 30','John Doe',5,6,1),(40,'2020-02-21','Teaser of sample article 31','John Doe',5,6,4),(41,'2020-09-15','Teaser of sample article 32','Jane Doe',3,4,4),(42,'2020-08-11','Teaser of sample article 33','Jane Doe',5,4,1),(43,'2020-08-25','Teaser of sample article 34','Scrooge McDuck',3,6,3),(44,'2019-10-27','Teaser of sample article 35','Jane Doe',5,4,1),(45,'2020-03-26','Teaser of sample article 36','Scrooge McDuck',5,4,1),(46,'2020-06-06','Teaser of sample article 37','Jane Doe',3,6,3),(47,'2020-05-02','Teaser of sample article 38','Scrooge McDuck',3,6,4),(48,'2020-03-17','Teaser of sample article 39','Jane Doe',3,6,1),(49,'2020-02-29','Teaser of sample article 40','John Doe',3,6,4),(50,'2019-10-28','Teaser of sample article 41','Scrooge McDuck',3,4,3),(51,'2020-06-15','Teaser of sample article 42','Jane Doe',5,4,3),(52,'2020-08-08','Teaser of sample article 43','John Doe',3,4,1),(53,'2020-02-24','Teaser of sample article 44','John Doe',5,6,1),(54,'2020-04-18','Teaser of sample article 45','Jane Doe',5,6,1),(55,'2020-09-15','Teaser of sample article 46','Scrooge McDuck',3,4,1),(56,'2020-04-28','Teaser of sample article 47','Scrooge McDuck',5,6,3),(57,'2020-09-14','Teaser of sample article 48','Scrooge McDuck',3,6,1),(58,'2020-03-08','Teaser of sample article 49','Scrooge McDuck',5,4,2),(59,'2020-10-15','Teaser of sample article 50','John Doe',5,4,4),(60,'2019-12-07','Teaser of sample article 51','Jane Doe',3,6,2),(61,'2020-09-23','Teaser of sample article 52','John Doe',3,6,2),(62,'2020-06-27','Teaser of sample article 53','Jane Doe',5,4,3),(63,'2020-03-11','Teaser of sample article 54','Scrooge McDuck',5,6,1),(64,'2020-03-30','Teaser of sample article 55','John Doe',5,4,4),(65,'2020-05-19','Teaser of sample article 56','Scrooge McDuck',5,4,2),(66,'2020-08-24','Teaser of sample article 57','Jane Doe',5,6,2),(67,'2020-02-26','Teaser of sample article 58','John Doe',5,4,3),(68,'2019-12-04','Teaser of sample article 59','John Doe',3,4,3),(69,'2020-07-20','Teaser of sample article 60','Scrooge McDuck',5,4,1),(70,'2020-05-06','Teaser of sample article 61','John Doe',5,4,2),(71,'2020-09-26','Teaser of sample article 62','Jane Doe',5,6,3),(72,'2020-01-06','Teaser of sample article 63','Jane Doe',3,4,1),(73,'2020-06-24','Teaser of sample article 64','Scrooge McDuck',5,6,4),(74,'2020-08-25','Teaser of sample article 65','John Doe',3,4,3),(75,'2020-06-17','Teaser of sample article 66','Jane Doe',3,6,3),(76,'2020-06-11','Teaser of sample article 67','Scrooge McDuck',5,6,4),(77,'2020-04-29','Teaser of sample article 68','John Doe',3,6,3),(78,'2019-10-18','Teaser of sample article 69','Scrooge McDuck',5,6,4),(79,'2020-06-17','Teaser of sample article 70','Scrooge McDuck',3,4,1),(80,'2019-10-25','Teaser of sample article 71','Scrooge McDuck',5,6,1),(81,'2020-10-15','Teaser of sample article 72','Scrooge McDuck',3,4,2),(82,'2020-07-19','Teaser of sample article 73','Jane Doe',3,6,4),(83,'2019-11-01','Teaser of sample article 74','Jane Doe',5,4,3),(84,'2020-09-02','Teaser of sample article 75','Scrooge McDuck',5,6,1),(85,'2019-11-09','Teaser of sample article 76','John Doe',3,6,1),(86,'2019-11-11','Teaser of sample article 77','Jane Doe',3,6,3),(87,'2020-06-20','Teaser of sample article 78','Jane Doe',5,6,2),(88,'2020-09-28','Teaser of sample article 79','John Doe',3,4,2),(89,'2020-05-27','Teaser of sample article 80','Scrooge McDuck',3,6,1),(90,'2020-05-03','Teaser of sample article 81','John Doe',5,4,3),(91,'2020-07-16','Teaser of sample article 82','Scrooge McDuck',5,6,1),(92,'2020-08-21','Teaser of sample article 83','Jane Doe',3,6,1),(93,'2020-06-05','Teaser of sample article 84','Scrooge McDuck',5,4,3),(94,'2020-03-14','Teaser of sample article 85','Jane Doe',3,4,4),(95,'2020-01-28','Teaser of sample article 86','Scrooge McDuck',3,4,3),(96,'2020-01-27','Teaser of sample article 87','Jane Doe',3,4,3),(97,'2020-01-25','Teaser of sample article 88','John Doe',5,6,3),(98,'2020-01-12','Teaser of sample article 89','Scrooge McDuck',3,4,3),(99,'2019-12-04','Teaser of sample article 90','John Doe',3,6,2),(100,'2020-05-08','Teaser of sample article 91','Jane Doe',5,4,1),(101,'2020-08-15','Teaser of sample article 92','Jane Doe',5,4,2),(102,'2020-08-10','Teaser of sample article 93','Scrooge McDuck',3,4,4),(103,'2019-12-15','Teaser of sample article 94','Jane Doe',5,6,2),(104,'2019-12-03','Teaser of sample article 95','Scrooge McDuck',5,6,4),(105,'2020-06-26','Teaser of sample article 96','John Doe',5,6,4),(106,'2020-09-09','Teaser of sample article 97','Jane Doe',3,6,3),(107,'2020-07-28','Teaser of sample article 98','John Doe',5,4,3),(108,'2020-06-27','Teaser of sample article 99','Scrooge McDuck',3,4,4),(109,'2020-02-24','Teaser of sample article 100','John Doe',5,4,3),(110,'2020-09-26','Teaser of sample article 101','John Doe',5,6,2),(111,'2020-04-07','Teaser of sample article 102','John Doe',5,6,2),(112,'2019-12-26','Teaser of sample article 103','John Doe',3,4,4),(113,'2020-07-18','Teaser of sample article 104','Scrooge McDuck',3,6,3),(114,'2019-10-27','Teaser of sample article 105','Jane Doe',5,6,2),(115,'2020-01-23','Teaser of sample article 106','Jane Doe',5,4,4),(116,'2020-07-23','Teaser of sample article 107','Jane Doe',5,6,4),(117,'2020-02-27','Teaser of sample article 108','John Doe',3,6,3),(118,'2020-08-25','Teaser of sample article 109','Scrooge McDuck',3,4,3),(119,'2020-07-11','Teaser of sample article 110','Scrooge McDuck',5,4,4),(120,'2020-06-23','Teaser of sample article 111','Jane Doe',5,6,3),(121,'2019-11-24','Teaser of sample article 112','John Doe',3,6,1),(122,'2020-07-02','Teaser of sample article 113','Jane Doe',3,6,1),(123,'2020-03-05','Teaser of sample article 114','Scrooge McDuck',5,6,1),(124,'2020-08-06','Teaser of sample article 115','Scrooge McDuck',5,4,1),(125,'2020-10-03','Teaser of sample article 116','Jane Doe',3,4,4),(126,'2020-08-19','Teaser of sample article 117','Scrooge McDuck',5,4,4),(127,'2020-07-11','Teaser of sample article 118','John Doe',5,6,1),(128,'2019-11-24','Teaser of sample article 119','Scrooge McDuck',3,4,4),(129,'2020-05-28','Teaser of sample article 120','John Doe',5,6,4),(130,'2020-01-10','Teaser of sample article 121','John Doe',3,6,4),(131,'2020-08-07','Teaser of sample article 122','Jane Doe',5,6,4),(132,'2020-06-17','Teaser of sample article 123','John Doe',5,4,2),(133,'2020-03-27','Teaser of sample article 124','Jane Doe',5,4,3),(134,'2020-04-16','Teaser of sample article 125','Scrooge McDuck',3,6,1),(135,'2019-12-03','Teaser of sample article 126','Scrooge McDuck',3,6,1),(136,'2020-05-23','Teaser of sample article 127','John Doe',3,4,2),(137,'2020-05-27','Teaser of sample article 128','John Doe',3,4,2),(138,'2020-07-30','Teaser of sample article 129','Scrooge McDuck',3,6,1),(139,'2020-07-03','Teaser of sample article 130','John Doe',3,6,4),(140,'2020-01-14','Teaser of sample article 131','Scrooge McDuck',3,6,2),(141,'2019-10-29','Teaser of sample article 132','John Doe',5,6,4),(142,'2020-04-15','Teaser of sample article 133','Jane Doe',5,4,4),(143,'2020-04-28','Teaser of sample article 134','Jane Doe',3,4,2),(144,'2020-06-01','Teaser of sample article 135','John Doe',5,6,4),(145,'2020-07-30','Teaser of sample article 136','Scrooge McDuck',5,6,1),(146,'2020-09-18','Teaser of sample article 137','Scrooge McDuck',5,4,2),(147,'2020-04-10','Teaser of sample article 138','Scrooge McDuck',5,4,4),(148,'2020-07-13','Teaser of sample article 139','Scrooge McDuck',5,4,3),(149,'2019-11-03','Teaser of sample article 140','John Doe',3,6,1),(150,'2019-10-27','Teaser of sample article 141','Jane Doe',5,4,2),(151,'2020-05-20','Teaser of sample article 142','Jane Doe',5,4,2),(152,'2020-08-25','Teaser of sample article 143','Scrooge McDuck',5,6,3),(153,'2020-04-12','Teaser of sample article 144','Scrooge McDuck',5,4,4),(154,'2020-09-28','Teaser of sample article 145','Scrooge McDuck',5,4,3),(155,'2020-04-27','Teaser of sample article 146','Scrooge McDuck',3,4,1),(156,'2020-04-23','Teaser of sample article 147','Scrooge McDuck',3,4,4),(157,'2020-02-03','Teaser of sample article 148','John Doe',3,4,4),(158,'2020-04-20','Teaser of sample article 149','John Doe',5,6,2),(159,'2019-12-02','Teaser of sample article 150','John Doe',3,4,4),(160,'2019-12-15','Teaser of sample article 151','Scrooge McDuck',3,6,4),(161,'2020-04-25','Teaser of sample article 152','John Doe',5,6,1),(162,'2019-11-16','Teaser of sample article 153','Scrooge McDuck',5,4,1),(163,'2020-08-30','Teaser of sample article 154','Scrooge McDuck',3,6,1),(164,'2020-01-25','Teaser of sample article 155','Jane Doe',3,4,3),(165,'2020-08-04','Teaser of sample article 156','Scrooge McDuck',5,6,2),(166,'2020-07-20','Teaser of sample article 157','John Doe',3,4,1),(167,'2019-12-13','Teaser of sample article 158','John Doe',5,4,2),(168,'2020-06-22','Teaser of sample article 159','John Doe',3,6,4),(169,'2020-05-27','Teaser of sample article 160','Scrooge McDuck',5,6,2),(170,'2019-12-29','Teaser of sample article 161','Scrooge McDuck',5,4,4),(171,'2020-09-18','Teaser of sample article 162','Jane Doe',5,6,4),(172,'2020-09-13','Teaser of sample article 163','Jane Doe',3,6,2),(173,'2020-04-08','Teaser of sample article 164','John Doe',3,4,2),(174,'2020-05-04','Teaser of sample article 165','Jane Doe',3,4,4),(175,'2020-09-12','Teaser of sample article 166','Jane Doe',5,6,3),(176,'2020-06-16','Teaser of sample article 167','Jane Doe',5,6,4),(177,'2020-08-09','Teaser of sample article 168','Jane Doe',3,6,3),(178,'2020-09-18','Teaser of sample article 169','Jane Doe',3,4,3),(179,'2020-06-14','Teaser of sample article 170','Jane Doe',5,6,3),(180,'2020-05-04','Teaser of sample article 171','John Doe',3,4,4),(181,'2020-09-15','Teaser of sample article 172','Jane Doe',3,4,4),(182,'2019-12-09','Teaser of sample article 173','Scrooge McDuck',3,6,3),(183,'2020-01-10','Teaser of sample article 174','Jane Doe',5,4,2),(184,'2020-07-27','Teaser of sample article 175','Scrooge McDuck',3,4,2),(185,'2020-03-07','Teaser of sample article 176','Jane Doe',3,4,1),(186,'2019-12-25','Teaser of sample article 177','John Doe',3,6,1),(187,'2020-06-28','Teaser of sample article 178','Scrooge McDuck',5,4,2),(188,'2020-05-28','Teaser of sample article 179','Jane Doe',5,4,1),(189,'2020-07-15','Teaser of sample article 180','Scrooge McDuck',3,4,1),(190,'2020-08-26','Teaser of sample article 181','Jane Doe',5,4,3),(191,'2020-04-28','Teaser of sample article 182','Jane Doe',5,6,3),(192,'2020-08-06','Teaser of sample article 183','Jane Doe',3,4,3),(193,'2019-12-22','Teaser of sample article 184','Jane Doe',3,4,4),(194,'2020-02-20','Teaser of sample article 185','John Doe',5,6,1),(195,'2020-09-28','Teaser of sample article 186','Scrooge McDuck',3,6,1),(196,'2020-03-29','Teaser of sample article 187','Scrooge McDuck',3,4,2),(197,'2019-11-28','Teaser of sample article 188','Jane Doe',5,4,2),(198,'2019-11-10','Teaser of sample article 189','Jane Doe',3,4,3),(199,'2020-09-19','Teaser of sample article 190','John Doe',3,4,4),(200,'2020-03-01','Teaser of sample article 191','John Doe',3,4,2),(201,'2020-02-19','Teaser of sample article 192','John Doe',5,6,1),(202,'2020-09-03','Teaser of sample article 193','Scrooge McDuck',5,6,1),(203,'2020-01-17','Teaser of sample article 194','John Doe',5,4,3),(204,'2019-11-21','Teaser of sample article 195','John Doe',3,4,4),(205,'2019-12-07','Teaser of sample article 196','Jane Doe',3,6,2),(206,'2020-10-04','Teaser of sample article 197','John Doe',3,6,2),(207,'2020-09-26','Teaser of sample article 198','Scrooge McDuck',3,6,4),(208,'2020-05-25','Teaser of sample article 199','Jane Doe',5,6,1),(209,'2019-11-05','Teaser of sample article 200','John Doe',3,6,2),(210,'2020-04-20','Teaser of sample article 201','Jane Doe',5,4,4),(211,'2020-01-08','Teaser of sample article 202','John Doe',5,6,1),(212,'2020-05-08','Teaser of sample article 203','Jane Doe',5,6,1),(213,'2020-03-18','Teaser of sample article 204','Scrooge McDuck',3,4,3);
/*!40000 ALTER TABLE `SilverStripe_Example_ArticlePage` ENABLE KEYS */;
UNLOCK TABLES;

--
-- Table structure for table `SilverStripe_Example_ArticlePage_Categories`
--

DROP TABLE IF EXISTS `SilverStripe_Example_ArticlePage_Categories`;
/*!40101 SET @saved_cs_client     = @@character_set_client */;
/*!40101 SET character_set_client = utf8 */;
CREATE TABLE `SilverStripe_Example_ArticlePage_Categories` (
  `ID` int(11) NOT NULL AUTO_INCREMENT,
  `SilverStripe_Example_ArticlePageID` int(11) NOT NULL DEFAULT '0',
  `SilverStripe_Example_ArticleCategoryID` int(11) NOT NULL DEFAULT '0',
  PRIMARY KEY (`ID`),
  KEY `SilverStripe_Example_ArticlePageID` (`SilverStripe_Example_ArticlePageID`),
  KEY `SilverStripe_Example_ArticleCategoryID` (`SilverStripe_Example_ArticleCategoryID`)
) ENGINE=InnoDB AUTO_INCREMENT=16 DEFAULT CHARSET=utf8;
/*!40101 SET character_set_client = @saved_cs_client */;

--
-- Dumping data for table `SilverStripe_Example_ArticlePage_Categories`
--

LOCK TABLES `SilverStripe_Example_ArticlePage_Categories` WRITE;
/*!40000 ALTER TABLE `SilverStripe_Example_ArticlePage_Categories` DISABLE KEYS */;
INSERT INTO `SilverStripe_Example_ArticlePage_Categories` VALUES (1,10,1),(2,10,3),(3,10,5),(4,10,6),(5,11,1),(6,11,3),(7,11,5),(8,11,7),(9,12,1),(10,12,2),(11,12,3),(12,12,4),(13,12,5),(14,12,6),(15,12,7);
/*!40000 ALTER TABLE `SilverStripe_Example_ArticlePage_Categories` ENABLE KEYS */;
UNLOCK TABLES;

--
-- Table structure for table `SilverStripe_Example_ArticlePage_Live`
--

DROP TABLE IF EXISTS `SilverStripe_Example_ArticlePage_Live`;
/*!40101 SET @saved_cs_client     = @@character_set_client */;
/*!40101 SET character_set_client = utf8 */;
CREATE TABLE `SilverStripe_Example_ArticlePage_Live` (
  `ID` int(11) NOT NULL AUTO_INCREMENT,
  `Date` date DEFAULT NULL,
  `Teaser` mediumtext,
  `ArticleAuthor` varchar(255) DEFAULT NULL,
  `PhotoID` int(11) NOT NULL DEFAULT '0',
  `BrochureID` int(11) NOT NULL DEFAULT '0',
  `RegionID` int(11) NOT NULL DEFAULT '0',
  PRIMARY KEY (`ID`),
  KEY `PhotoID` (`PhotoID`),
  KEY `BrochureID` (`BrochureID`),
  KEY `RegionID` (`RegionID`)
) ENGINE=InnoDB AUTO_INCREMENT=214 DEFAULT CHARSET=utf8;
/*!40101 SET character_set_client = @saved_cs_client */;

--
-- Dumping data for table `SilverStripe_Example_ArticlePage_Live`
--

LOCK TABLES `SilverStripe_Example_ArticlePage_Live` WRITE;
/*!40000 ALTER TABLE `SilverStripe_Example_ArticlePage_Live` DISABLE KEYS */;
INSERT INTO `SilverStripe_Example_ArticlePage_Live` VALUES (10,'1776-07-04','Teaser of sample article 1','Manuel Thalmann',3,4,2),(11,'1840-02-06',NULL,'John Doe',5,6,3),(12,'2000-08-01',NULL,'Jane Doe',7,8,1),(13,'2020-06-09','Teaser of sample article 4','Scrooge McDuck',5,6,2),(14,'2019-11-01','Teaser of sample article 5','John Doe',3,6,3),(15,'2020-06-25','Teaser of sample article 6','Scrooge McDuck',3,6,4),(16,'2020-01-19','Teaser of sample article 7','Jane Doe',5,6,4),(17,'2019-11-04','Teaser of sample article 8','Jane Doe',3,6,2),(18,'2020-08-25','Teaser of sample article 9','Scrooge McDuck',5,4,1),(19,'2020-06-25','Teaser of sample article 10','Jane Doe',5,4,4),(20,'2019-11-08','Teaser of sample article 11','Jane Doe',5,6,4),(21,'2019-12-18','Teaser of sample article 12','John Doe',5,6,4),(22,'2020-10-06','Teaser of sample article 13','Scrooge McDuck',5,6,1),(23,'2020-08-30','Teaser of sample article 14','Jane Doe',5,4,4),(24,'2020-03-09','Teaser of sample article 15','Scrooge McDuck',3,4,3),(25,'2020-08-12','Teaser of sample article 16','Jane Doe',3,6,4),(26,'2019-11-27','Teaser of sample article 17','Jane Doe',3,4,4),(27,'2020-08-26','Teaser of sample article 18','Jane Doe',3,6,3),(28,'2020-03-23','Teaser of sample article 19','Jane Doe',5,4,1),(29,'2020-02-21','Teaser of sample article 20','Jane Doe',5,4,2),(30,'2019-11-28','Teaser of sample article 21','Jane Doe',3,4,1),(31,'2020-09-26','Teaser of sample article 22','Scrooge McDuck',3,4,2),(32,'2019-11-25','Teaser of sample article 23','Jane Doe',5,6,1),(33,'2020-04-15','Teaser of sample article 24','Scrooge McDuck',5,4,1),(34,'2020-04-09','Teaser of sample article 25','Scrooge McDuck',5,6,3),(35,'2020-08-31','Teaser of sample article 26','Scrooge McDuck',5,6,1),(36,'2020-05-26','Teaser of sample article 27','John Doe',5,4,3),(37,'2019-12-01','Teaser of sample article 28','Scrooge McDuck',5,4,2),(38,'2019-11-23','Teaser of sample article 29','Scrooge McDuck',3,6,2),(39,'2019-11-02','Teaser of sample article 30','John Doe',5,6,1),(40,'2020-02-21','Teaser of sample article 31','John Doe',5,6,4),(41,'2020-09-15','Teaser of sample article 32','Jane Doe',3,4,4),(42,'2020-08-11','Teaser of sample article 33','Jane Doe',5,4,1),(43,'2020-08-25','Teaser of sample article 34','Scrooge McDuck',3,6,3),(44,'2019-10-27','Teaser of sample article 35','Jane Doe',5,4,1),(45,'2020-03-26','Teaser of sample article 36','Scrooge McDuck',5,4,1),(46,'2020-06-06','Teaser of sample article 37','Jane Doe',3,6,3),(47,'2020-05-02','Teaser of sample article 38','Scrooge McDuck',3,6,4),(48,'2020-03-17','Teaser of sample article 39','Jane Doe',3,6,1),(49,'2020-02-29','Teaser of sample article 40','John Doe',3,6,4),(50,'2019-10-28','Teaser of sample article 41','Scrooge McDuck',3,4,3),(51,'2020-06-15','Teaser of sample article 42','Jane Doe',5,4,3),(52,'2020-08-08','Teaser of sample article 43','John Doe',3,4,1),(53,'2020-02-24','Teaser of sample article 44','John Doe',5,6,1),(54,'2020-04-18','Teaser of sample article 45','Jane Doe',5,6,1),(55,'2020-09-15','Teaser of sample article 46','Scrooge McDuck',3,4,1),(56,'2020-04-28','Teaser of sample article 47','Scrooge McDuck',5,6,3),(57,'2020-09-14','Teaser of sample article 48','Scrooge McDuck',3,6,1),(58,'2020-03-08','Teaser of sample article 49','Scrooge McDuck',5,4,2),(59,'2020-10-15','Teaser of sample article 50','John Doe',5,4,4),(60,'2019-12-07','Teaser of sample article 51','Jane Doe',3,6,2),(61,'2020-09-23','Teaser of sample article 52','John Doe',3,6,2),(62,'2020-06-27','Teaser of sample article 53','Jane Doe',5,4,3),(63,'2020-03-11','Teaser of sample article 54','Scrooge McDuck',5,6,1),(64,'2020-03-30','Teaser of sample article 55','John Doe',5,4,4),(65,'2020-05-19','Teaser of sample article 56','Scrooge McDuck',5,4,2),(66,'2020-08-24','Teaser of sample article 57','Jane Doe',5,6,2),(67,'2020-02-26','Teaser of sample article 58','John Doe',5,4,3),(68,'2019-12-04','Teaser of sample article 59','John Doe',3,4,3),(69,'2020-07-20','Teaser of sample article 60','Scrooge McDuck',5,4,1),(70,'2020-05-06','Teaser of sample article 61','John Doe',5,4,2),(71,'2020-09-26','Teaser of sample article 62','Jane Doe',5,6,3),(72,'2020-01-06','Teaser of sample article 63','Jane Doe',3,4,1),(73,'2020-06-24','Teaser of sample article 64','Scrooge McDuck',5,6,4),(74,'2020-08-25','Teaser of sample article 65','John Doe',3,4,3),(75,'2020-06-17','Teaser of sample article 66','Jane Doe',3,6,3),(76,'2020-06-11','Teaser of sample article 67','Scrooge McDuck',5,6,4),(77,'2020-04-29','Teaser of sample article 68','John Doe',3,6,3),(78,'2019-10-18','Teaser of sample article 69','Scrooge McDuck',5,6,4),(79,'2020-06-17','Teaser of sample article 70','Scrooge McDuck',3,4,1),(80,'2019-10-25','Teaser of sample article 71','Scrooge McDuck',5,6,1),(81,'2020-10-15','Teaser of sample article 72','Scrooge McDuck',3,4,2),(82,'2020-07-19','Teaser of sample article 73','Jane Doe',3,6,4),(83,'2019-11-01','Teaser of sample article 74','Jane Doe',5,4,3),(84,'2020-09-02','Teaser of sample article 75','Scrooge McDuck',5,6,1),(85,'2019-11-09','Teaser of sample article 76','John Doe',3,6,1),(86,'2019-11-11','Teaser of sample article 77','Jane Doe',3,6,3),(87,'2020-06-20','Teaser of sample article 78','Jane Doe',5,6,2),(88,'2020-09-28','Teaser of sample article 79','John Doe',3,4,2),(89,'2020-05-27','Teaser of sample article 80','Scrooge McDuck',3,6,1),(90,'2020-05-03','Teaser of sample article 81','John Doe',5,4,3),(91,'2020-07-16','Teaser of sample article 82','Scrooge McDuck',5,6,1),(92,'2020-08-21','Teaser of sample article 83','Jane Doe',3,6,1),(93,'2020-06-05','Teaser of sample article 84','Scrooge McDuck',5,4,3),(94,'2020-03-14','Teaser of sample article 85','Jane Doe',3,4,4),(95,'2020-01-28','Teaser of sample article 86','Scrooge McDuck',3,4,3),(96,'2020-01-27','Teaser of sample article 87','Jane Doe',3,4,3),(97,'2020-01-25','Teaser of sample article 88','John Doe',5,6,3),(98,'2020-01-12','Teaser of sample article 89','Scrooge McDuck',3,4,3),(99,'2019-12-04','Teaser of sample article 90','John Doe',3,6,2),(100,'2020-05-08','Teaser of sample article 91','Jane Doe',5,4,1),(101,'2020-08-15','Teaser of sample article 92','Jane Doe',5,4,2),(102,'2020-08-10','Teaser of sample article 93','Scrooge McDuck',3,4,4),(103,'2019-12-15','Teaser of sample article 94','Jane Doe',5,6,2),(104,'2019-12-03','Teaser of sample article 95','Scrooge McDuck',5,6,4),(105,'2020-06-26','Teaser of sample article 96','John Doe',5,6,4),(106,'2020-09-09','Teaser of sample article 97','Jane Doe',3,6,3),(107,'2020-07-28','Teaser of sample article 98','John Doe',5,4,3),(108,'2020-06-27','Teaser of sample article 99','Scrooge McDuck',3,4,4),(109,'2020-02-24','Teaser of sample article 100','John Doe',5,4,3),(110,'2020-09-26','Teaser of sample article 101','John Doe',5,6,2),(111,'2020-04-07','Teaser of sample article 102','John Doe',5,6,2),(112,'2019-12-26','Teaser of sample article 103','John Doe',3,4,4),(113,'2020-07-18','Teaser of sample article 104','Scrooge McDuck',3,6,3),(114,'2019-10-27','Teaser of sample article 105','Jane Doe',5,6,2),(115,'2020-01-23','Teaser of sample article 106','Jane Doe',5,4,4),(116,'2020-07-23','Teaser of sample article 107','Jane Doe',5,6,4),(117,'2020-02-27','Teaser of sample article 108','John Doe',3,6,3),(118,'2020-08-25','Teaser of sample article 109','Scrooge McDuck',3,4,3),(119,'2020-07-11','Teaser of sample article 110','Scrooge McDuck',5,4,4),(120,'2020-06-23','Teaser of sample article 111','Jane Doe',5,6,3),(121,'2019-11-24','Teaser of sample article 112','John Doe',3,6,1),(122,'2020-07-02','Teaser of sample article 113','Jane Doe',3,6,1),(123,'2020-03-05','Teaser of sample article 114','Scrooge McDuck',5,6,1),(124,'2020-08-06','Teaser of sample article 115','Scrooge McDuck',5,4,1),(125,'2020-10-03','Teaser of sample article 116','Jane Doe',3,4,4),(126,'2020-08-19','Teaser of sample article 117','Scrooge McDuck',5,4,4),(127,'2020-07-11','Teaser of sample article 118','John Doe',5,6,1),(128,'2019-11-24','Teaser of sample article 119','Scrooge McDuck',3,4,4),(129,'2020-05-28','Teaser of sample article 120','John Doe',5,6,4),(130,'2020-01-10','Teaser of sample article 121','John Doe',3,6,4),(131,'2020-08-07','Teaser of sample article 122','Jane Doe',5,6,4),(132,'2020-06-17','Teaser of sample article 123','John Doe',5,4,2),(133,'2020-03-27','Teaser of sample article 124','Jane Doe',5,4,3),(134,'2020-04-16','Teaser of sample article 125','Scrooge McDuck',3,6,1),(135,'2019-12-03','Teaser of sample article 126','Scrooge McDuck',3,6,1),(136,'2020-05-23','Teaser of sample article 127','John Doe',3,4,2),(137,'2020-05-27','Teaser of sample article 128','John Doe',3,4,2),(138,'2020-07-30','Teaser of sample article 129','Scrooge McDuck',3,6,1),(139,'2020-07-03','Teaser of sample article 130','John Doe',3,6,4),(140,'2020-01-14','Teaser of sample article 131','Scrooge McDuck',3,6,2),(141,'2019-10-29','Teaser of sample article 132','John Doe',5,6,4),(142,'2020-04-15','Teaser of sample article 133','Jane Doe',5,4,4),(143,'2020-04-28','Teaser of sample article 134','Jane Doe',3,4,2),(144,'2020-06-01','Teaser of sample article 135','John Doe',5,6,4),(145,'2020-07-30','Teaser of sample article 136','Scrooge McDuck',5,6,1),(146,'2020-09-18','Teaser of sample article 137','Scrooge McDuck',5,4,2),(147,'2020-04-10','Teaser of sample article 138','Scrooge McDuck',5,4,4),(148,'2020-07-13','Teaser of sample article 139','Scrooge McDuck',5,4,3),(149,'2019-11-03','Teaser of sample article 140','John Doe',3,6,1),(150,'2019-10-27','Teaser of sample article 141','Jane Doe',5,4,2),(151,'2020-05-20','Teaser of sample article 142','Jane Doe',5,4,2),(152,'2020-08-25','Teaser of sample article 143','Scrooge McDuck',5,6,3),(153,'2020-04-12','Teaser of sample article 144','Scrooge McDuck',5,4,4),(154,'2020-09-28','Teaser of sample article 145','Scrooge McDuck',5,4,3),(155,'2020-04-27','Teaser of sample article 146','Scrooge McDuck',3,4,1),(156,'2020-04-23','Teaser of sample article 147','Scrooge McDuck',3,4,4),(157,'2020-02-03','Teaser of sample article 148','John Doe',3,4,4),(158,'2020-04-20','Teaser of sample article 149','John Doe',5,6,2),(159,'2019-12-02','Teaser of sample article 150','John Doe',3,4,4),(160,'2019-12-15','Teaser of sample article 151','Scrooge McDuck',3,6,4),(161,'2020-04-25','Teaser of sample article 152','John Doe',5,6,1),(162,'2019-11-16','Teaser of sample article 153','Scrooge McDuck',5,4,1),(163,'2020-08-30','Teaser of sample article 154','Scrooge McDuck',3,6,1),(164,'2020-01-25','Teaser of sample article 155','Jane Doe',3,4,3),(165,'2020-08-04','Teaser of sample article 156','Scrooge McDuck',5,6,2),(166,'2020-07-20','Teaser of sample article 157','John Doe',3,4,1),(167,'2019-12-13','Teaser of sample article 158','John Doe',5,4,2),(168,'2020-06-22','Teaser of sample article 159','John Doe',3,6,4),(169,'2020-05-27','Teaser of sample article 160','Scrooge McDuck',5,6,2),(170,'2019-12-29','Teaser of sample article 161','Scrooge McDuck',5,4,4),(171,'2020-09-18','Teaser of sample article 162','Jane Doe',5,6,4),(172,'2020-09-13','Teaser of sample article 163','Jane Doe',3,6,2),(173,'2020-04-08','Teaser of sample article 164','John Doe',3,4,2),(174,'2020-05-04','Teaser of sample article 165','Jane Doe',3,4,4),(175,'2020-09-12','Teaser of sample article 166','Jane Doe',5,6,3),(176,'2020-06-16','Teaser of sample article 167','Jane Doe',5,6,4),(177,'2020-08-09','Teaser of sample article 168','Jane Doe',3,6,3),(178,'2020-09-18','Teaser of sample article 169','Jane Doe',3,4,3),(179,'2020-06-14','Teaser of sample article 170','Jane Doe',5,6,3),(180,'2020-05-04','Teaser of sample article 171','John Doe',3,4,4),(181,'2020-09-15','Teaser of sample article 172','Jane Doe',3,4,4),(182,'2019-12-09','Teaser of sample article 173','Scrooge McDuck',3,6,3),(183,'2020-01-10','Teaser of sample article 174','Jane Doe',5,4,2),(184,'2020-07-27','Teaser of sample article 175','Scrooge McDuck',3,4,2),(185,'2020-03-07','Teaser of sample article 176','Jane Doe',3,4,1),(186,'2019-12-25','Teaser of sample article 177','John Doe',3,6,1),(187,'2020-06-28','Teaser of sample article 178','Scrooge McDuck',5,4,2),(188,'2020-05-28','Teaser of sample article 179','Jane Doe',5,4,1),(189,'2020-07-15','Teaser of sample article 180','Scrooge McDuck',3,4,1),(190,'2020-08-26','Teaser of sample article 181','Jane Doe',5,4,3),(191,'2020-04-28','Teaser of sample article 182','Jane Doe',5,6,3),(192,'2020-08-06','Teaser of sample article 183','Jane Doe',3,4,3),(193,'2019-12-22','Teaser of sample article 184','Jane Doe',3,4,4),(194,'2020-02-20','Teaser of sample article 185','John Doe',5,6,1),(195,'2020-09-28','Teaser of sample article 186','Scrooge McDuck',3,6,1),(196,'2020-03-29','Teaser of sample article 187','Scrooge McDuck',3,4,2),(197,'2019-11-28','Teaser of sample article 188','Jane Doe',5,4,2),(198,'2019-11-10','Teaser of sample article 189','Jane Doe',3,4,3),(199,'2020-09-19','Teaser of sample article 190','John Doe',3,4,4),(200,'2020-03-01','Teaser of sample article 191','John Doe',3,4,2),(201,'2020-02-19','Teaser of sample article 192','John Doe',5,6,1),(202,'2020-09-03','Teaser of sample article 193','Scrooge McDuck',5,6,1),(203,'2020-01-17','Teaser of sample article 194','John Doe',5,4,3),(204,'2019-11-21','Teaser of sample article 195','John Doe',3,4,4),(205,'2019-12-07','Teaser of sample article 196','Jane Doe',3,6,2),(206,'2020-10-04','Teaser of sample article 197','John Doe',3,6,2),(207,'2020-09-26','Teaser of sample article 198','Scrooge McDuck',3,6,4),(208,'2020-05-25','Teaser of sample article 199','Jane Doe',5,6,1),(209,'2019-11-05','Teaser of sample article 200','John Doe',3,6,2),(210,'2020-04-20','Teaser of sample article 201','Jane Doe',5,4,4),(211,'2020-01-08','Teaser of sample article 202','John Doe',5,6,1),(212,'2020-05-08','Teaser of sample article 203','Jane Doe',5,6,1),(213,'2020-03-18','Teaser of sample article 204','Scrooge McDuck',3,4,3);
/*!40000 ALTER TABLE `SilverStripe_Example_ArticlePage_Live` ENABLE KEYS */;
UNLOCK TABLES;

--
-- Table structure for table `SilverStripe_Example_ArticlePage_Versions`
--

DROP TABLE IF EXISTS `SilverStripe_Example_ArticlePage_Versions`;
/*!40101 SET @saved_cs_client     = @@character_set_client */;
/*!40101 SET character_set_client = utf8 */;
CREATE TABLE `SilverStripe_Example_ArticlePage_Versions` (
  `ID` int(11) NOT NULL AUTO_INCREMENT,
  `RecordID` int(11) NOT NULL DEFAULT '0',
  `Version` int(11) NOT NULL DEFAULT '0',
  `Date` date DEFAULT NULL,
  `Teaser` mediumtext,
  `ArticleAuthor` varchar(255) DEFAULT NULL,
  `PhotoID` int(11) NOT NULL DEFAULT '0',
  `BrochureID` int(11) NOT NULL DEFAULT '0',
  `RegionID` int(11) NOT NULL DEFAULT '0',
  PRIMARY KEY (`ID`),
  UNIQUE KEY `RecordID_Version` (`RecordID`,`Version`),
  KEY `RecordID` (`RecordID`),
  KEY `Version` (`Version`),
  KEY `PhotoID` (`PhotoID`),
  KEY `BrochureID` (`BrochureID`),
  KEY `RegionID` (`RegionID`)
) ENGINE=InnoDB AUTO_INCREMENT=211 DEFAULT CHARSET=utf8;
/*!40101 SET character_set_client = @saved_cs_client */;

--
-- Dumping data for table `SilverStripe_Example_ArticlePage_Versions`
--

LOCK TABLES `SilverStripe_Example_ArticlePage_Versions` WRITE;
/*!40000 ALTER TABLE `SilverStripe_Example_ArticlePage_Versions` DISABLE KEYS */;
INSERT INTO `SilverStripe_Example_ArticlePage_Versions` VALUES (1,10,7,'1776-07-04','Teaser of sample article 1','Manuel Thalmann',0,0,0),(2,11,7,'1840-02-06',NULL,'John Doe',0,0,0),(3,12,7,'2000-08-01',NULL,'Jane Doe',0,0,0),(4,10,8,'1776-07-04','Teaser of sample article 1','Manuel Thalmann',3,4,0),(5,10,9,'1776-07-04','Teaser of sample article 1','Manuel Thalmann',3,4,2),(6,11,8,'1840-02-06',NULL,'John Doe',5,6,0),(7,11,9,'1840-02-06',NULL,'John Doe',5,6,3),(8,12,8,'2000-08-01',NULL,'Jane Doe',7,8,0),(9,12,9,'2000-08-01',NULL,'Jane Doe',7,8,1),(10,13,1,'2019-10-18','Teaser of sample article 4','Scrooge McDuck',5,6,2),(11,14,1,'2019-10-18','Teaser of sample article 5','John Doe',3,6,3),(12,15,1,'2019-10-18','Teaser of sample article 6','Scrooge McDuck',3,6,4),(13,16,1,'2019-10-18','Teaser of sample article 7','Jane Doe',5,6,4),(14,17,1,'2019-10-18','Teaser of sample article 8','Jane Doe',3,6,2),(15,18,1,'2019-10-18','Teaser of sample article 9','Scrooge McDuck',5,4,1),(16,19,1,'2019-10-18','Teaser of sample article 10','Jane Doe',5,4,4),(17,20,1,'2019-10-18','Teaser of sample article 11','Jane Doe',5,6,4),(18,21,1,'2019-10-18','Teaser of sample article 12','John Doe',5,6,4),(19,22,1,'2019-10-18','Teaser of sample article 13','Scrooge McDuck',5,6,1),(20,23,1,'2019-10-18','Teaser of sample article 14','Jane Doe',5,4,4),(21,24,1,'2019-10-18','Teaser of sample article 15','Scrooge McDuck',3,4,3),(22,25,1,'2019-10-18','Teaser of sample article 16','Jane Doe',3,6,4),(23,26,1,'2019-10-18','Teaser of sample article 17','Jane Doe',3,4,4),(24,27,1,'2019-10-18','Teaser of sample article 18','Jane Doe',3,6,3),(25,28,1,'2019-10-18','Teaser of sample article 19','Jane Doe',5,4,1),(26,29,1,'2019-10-18','Teaser of sample article 20','Jane Doe',5,4,2),(27,30,1,'2019-10-18','Teaser of sample article 21','Jane Doe',3,4,1),(28,31,1,'2019-10-18','Teaser of sample article 22','Scrooge McDuck',3,4,2),(29,32,1,'2019-10-18','Teaser of sample article 23','Jane Doe',5,6,1),(30,33,1,'2019-10-18','Teaser of sample article 24','Scrooge McDuck',5,4,1),(31,34,1,'2019-10-18','Teaser of sample article 25','Scrooge McDuck',5,6,3),(32,35,1,'2019-10-18','Teaser of sample article 26','Scrooge McDuck',5,6,1),(33,36,1,'2019-10-18','Teaser of sample article 27','John Doe',5,4,3),(34,37,1,'2019-10-18','Teaser of sample article 28','Scrooge McDuck',5,4,2),(35,38,1,'2019-10-18','Teaser of sample article 29','Scrooge McDuck',3,6,2),(36,39,1,'2019-10-18','Teaser of sample article 30','John Doe',5,6,1),(37,40,1,'2019-10-18','Teaser of sample article 31','John Doe',5,6,4),(38,41,1,'2019-10-18','Teaser of sample article 32','Jane Doe',3,4,4),(39,42,1,'2019-10-18','Teaser of sample article 33','Jane Doe',5,4,1),(40,43,1,'2019-10-18','Teaser of sample article 34','Scrooge McDuck',3,6,3),(41,44,1,'2019-10-18','Teaser of sample article 35','Jane Doe',5,4,1),(42,45,1,'2019-10-18','Teaser of sample article 36','Scrooge McDuck',5,4,1),(43,46,1,'2019-10-18','Teaser of sample article 37','Jane Doe',3,6,3),(44,47,1,'2019-10-18','Teaser of sample article 38','Scrooge McDuck',3,6,4),(45,48,1,'2019-10-18','Teaser of sample article 39','Jane Doe',3,6,1),(46,49,1,'2019-10-18','Teaser of sample article 40','John Doe',3,6,4),(47,50,1,'2019-10-18','Teaser of sample article 41','Scrooge McDuck',3,4,3),(48,51,1,'2019-10-18','Teaser of sample article 42','Jane Doe',5,4,3),(49,52,1,'2019-10-18','Teaser of sample article 43','John Doe',3,4,1),(50,53,1,'2019-10-18','Teaser of sample article 44','John Doe',5,6,1),(51,54,1,'2019-10-18','Teaser of sample article 45','Jane Doe',5,6,1),(52,55,1,'2019-10-18','Teaser of sample article 46','Scrooge McDuck',3,4,1),(53,56,1,'2019-10-18','Teaser of sample article 47','Scrooge McDuck',5,6,3),(54,57,1,'2019-10-18','Teaser of sample article 48','Scrooge McDuck',3,6,1),(55,58,1,'2019-10-18','Teaser of sample article 49','Scrooge McDuck',5,4,2),(56,59,1,'2019-10-18','Teaser of sample article 50','John Doe',5,4,4),(57,60,1,'2019-10-18','Teaser of sample article 51','Jane Doe',3,6,2),(58,61,1,'2019-10-18','Teaser of sample article 52','John Doe',3,6,2),(59,62,1,'2019-10-18','Teaser of sample article 53','Jane Doe',5,4,3),(60,63,1,'2019-10-18','Teaser of sample article 54','Scrooge McDuck',5,6,1),(61,64,1,'2019-10-18','Teaser of sample article 55','John Doe',5,4,4),(62,65,1,'2019-10-18','Teaser of sample article 56','Scrooge McDuck',5,4,2),(63,66,1,'2019-10-18','Teaser of sample article 57','Jane Doe',5,6,2),(64,67,1,'2019-10-18','Teaser of sample article 58','John Doe',5,4,3),(65,68,1,'2019-10-18','Teaser of sample article 59','John Doe',3,4,3),(66,69,1,'2019-10-18','Teaser of sample article 60','Scrooge McDuck',5,4,1),(67,70,1,'2019-10-18','Teaser of sample article 61','John Doe',5,4,2),(68,71,1,'2019-10-18','Teaser of sample article 62','Jane Doe',5,6,3),(69,72,1,'2019-10-18','Teaser of sample article 63','Jane Doe',3,4,1),(70,73,1,'2019-10-18','Teaser of sample article 64','Scrooge McDuck',5,6,4),(71,74,1,'2019-10-18','Teaser of sample article 65','John Doe',3,4,3),(72,75,1,'2019-10-18','Teaser of sample article 66','Jane Doe',3,6,3),(73,76,1,'2019-10-18','Teaser of sample article 67','Scrooge McDuck',5,6,4),(74,77,1,'2019-10-18','Teaser of sample article 68','John Doe',3,6,3),(75,78,1,'2019-10-18','Teaser of sample article 69','Scrooge McDuck',5,6,4),(76,79,1,'2019-10-18','Teaser of sample article 70','Scrooge McDuck',3,4,1),(77,80,1,'2019-10-18','Teaser of sample article 71','Scrooge McDuck',5,6,1),(78,81,1,'2019-10-18','Teaser of sample article 72','Scrooge McDuck',3,4,2),(79,82,1,'2019-10-18','Teaser of sample article 73','Jane Doe',3,6,4),(80,83,1,'2019-10-18','Teaser of sample article 74','Jane Doe',5,4,3),(81,84,1,'2019-10-18','Teaser of sample article 75','Scrooge McDuck',5,6,1),(82,85,1,'2019-10-18','Teaser of sample article 76','John Doe',3,6,1),(83,86,1,'2019-10-18','Teaser of sample article 77','Jane Doe',3,6,3),(84,87,1,'2019-10-18','Teaser of sample article 78','Jane Doe',5,6,2),(85,88,1,'2019-10-18','Teaser of sample article 79','John Doe',3,4,2),(86,89,1,'2019-10-18','Teaser of sample article 80','Scrooge McDuck',3,6,1),(87,90,1,'2019-10-18','Teaser of sample article 81','John Doe',5,4,3),(88,91,1,'2019-10-18','Teaser of sample article 82','Scrooge McDuck',5,6,1),(89,92,1,'2019-10-18','Teaser of sample article 83','Jane Doe',3,6,1),(90,93,1,'2019-10-18','Teaser of sample article 84','Scrooge McDuck',5,4,3),(91,94,1,'2019-10-18','Teaser of sample article 85','Jane Doe',3,4,4),(92,95,1,'2019-10-18','Teaser of sample article 86','Scrooge McDuck',3,4,3),(93,96,1,'2019-10-18','Teaser of sample article 87','Jane Doe',3,4,3),(94,97,1,'2019-10-18','Teaser of sample article 88','John Doe',5,6,3),(95,98,1,'2019-10-18','Teaser of sample article 89','Scrooge McDuck',3,4,3),(96,99,1,'2019-10-18','Teaser of sample article 90','John Doe',3,6,2),(97,100,1,'2019-10-18','Teaser of sample article 91','Jane Doe',5,4,1),(98,101,1,'2019-10-18','Teaser of sample article 92','Jane Doe',5,4,2),(99,102,1,'2019-10-18','Teaser of sample article 93','Scrooge McDuck',3,4,4),(100,103,1,'2019-10-18','Teaser of sample article 94','Jane Doe',5,6,2),(101,104,1,'2019-10-18','Teaser of sample article 95','Scrooge McDuck',5,6,4),(102,105,1,'2019-10-18','Teaser of sample article 96','John Doe',5,6,4),(103,106,1,'2019-10-18','Teaser of sample article 97','Jane Doe',3,6,3),(104,107,1,'2019-10-18','Teaser of sample article 98','John Doe',5,4,3),(105,108,1,'2019-10-18','Teaser of sample article 99','Scrooge McDuck',3,4,4),(106,109,1,'2019-10-18','Teaser of sample article 100','John Doe',5,4,3),(107,110,1,'2019-10-18','Teaser of sample article 101','John Doe',5,6,2),(108,111,1,'2019-10-18','Teaser of sample article 102','John Doe',5,6,2),(109,112,1,'2019-10-18','Teaser of sample article 103','John Doe',3,4,4),(110,113,1,'2019-10-18','Teaser of sample article 104','Scrooge McDuck',3,6,3),(111,114,1,'2019-10-18','Teaser of sample article 105','Jane Doe',5,6,2),(112,115,1,'2019-10-18','Teaser of sample article 106','Jane Doe',5,4,4),(113,116,1,'2019-10-18','Teaser of sample article 107','Jane Doe',5,6,4),(114,117,1,'2019-10-18','Teaser of sample article 108','John Doe',3,6,3),(115,118,1,'2019-10-18','Teaser of sample article 109','Scrooge McDuck',3,4,3),(116,119,1,'2019-10-18','Teaser of sample article 110','Scrooge McDuck',5,4,4),(117,120,1,'2019-10-18','Teaser of sample article 111','Jane Doe',5,6,3),(118,121,1,'2019-10-18','Teaser of sample article 112','John Doe',3,6,1),(119,122,1,'2019-10-18','Teaser of sample article 113','Jane Doe',3,6,1),(120,123,1,'2019-10-18','Teaser of sample article 114','Scrooge McDuck',5,6,1),(121,124,1,'2019-10-18','Teaser of sample article 115','Scrooge McDuck',5,4,1),(122,125,1,'2019-10-18','Teaser of sample article 116','Jane Doe',3,4,4),(123,126,1,'2019-10-18','Teaser of sample article 117','Scrooge McDuck',5,4,4),(124,127,1,'2019-10-18','Teaser of sample article 118','John Doe',5,6,1),(125,128,1,'2019-10-18','Teaser of sample article 119','Scrooge McDuck',3,4,4),(126,129,1,'2019-10-18','Teaser of sample article 120','John Doe',5,6,4),(127,130,1,'2019-10-18','Teaser of sample article 121','John Doe',3,6,4),(128,131,1,'2019-10-18','Teaser of sample article 122','Jane Doe',5,6,4),(129,132,1,'2019-10-18','Teaser of sample article 123','John Doe',5,4,2),(130,133,1,'2019-10-18','Teaser of sample article 124','Jane Doe',5,4,3),(131,134,1,'2019-10-18','Teaser of sample article 125','Scrooge McDuck',3,6,1),(132,135,1,'2019-10-18','Teaser of sample article 126','Scrooge McDuck',3,6,1),(133,136,1,'2019-10-18','Teaser of sample article 127','John Doe',3,4,2),(134,137,1,'2019-10-18','Teaser of sample article 128','John Doe',3,4,2),(135,138,1,'2019-10-18','Teaser of sample article 129','Scrooge McDuck',3,6,1),(136,139,1,'2019-10-18','Teaser of sample article 130','John Doe',3,6,4),(137,140,1,'2019-10-18','Teaser of sample article 131','Scrooge McDuck',3,6,2),(138,141,1,'2019-10-18','Teaser of sample article 132','John Doe',5,6,4),(139,142,1,'2019-10-18','Teaser of sample article 133','Jane Doe',5,4,4),(140,143,1,'2019-10-18','Teaser of sample article 134','Jane Doe',3,4,2),(141,144,1,'2019-10-18','Teaser of sample article 135','John Doe',5,6,4),(142,145,1,'2019-10-18','Teaser of sample article 136','Scrooge McDuck',5,6,1),(143,146,1,'2019-10-18','Teaser of sample article 137','Scrooge McDuck',5,4,2),(144,147,1,'2019-10-18','Teaser of sample article 138','Scrooge McDuck',5,4,4),(145,148,1,'2019-10-18','Teaser of sample article 139','Scrooge McDuck',5,4,3),(146,149,1,'2019-10-18','Teaser of sample article 140','John Doe',3,6,1),(147,150,1,'2019-10-18','Teaser of sample article 141','Jane Doe',5,4,2),(148,151,1,'2019-10-18','Teaser of sample article 142','Jane Doe',5,4,2),(149,152,1,'2019-10-18','Teaser of sample article 143','Scrooge McDuck',5,6,3),(150,153,1,'2019-10-18','Teaser of sample article 144','Scrooge McDuck',5,4,4),(151,154,1,'2019-10-18','Teaser of sample article 145','Scrooge McDuck',5,4,3),(152,155,1,'2019-10-18','Teaser of sample article 146','Scrooge McDuck',3,4,1),(153,156,1,'2019-10-18','Teaser of sample article 147','Scrooge McDuck',3,4,4),(154,157,1,'2019-10-18','Teaser of sample article 148','John Doe',3,4,4),(155,158,1,'2019-10-18','Teaser of sample article 149','John Doe',5,6,2),(156,159,1,'2019-10-18','Teaser of sample article 150','John Doe',3,4,4),(157,160,1,'2019-10-18','Teaser of sample article 151','Scrooge McDuck',3,6,4),(158,161,1,'2019-10-18','Teaser of sample article 152','John Doe',5,6,1),(159,162,1,'2019-10-18','Teaser of sample article 153','Scrooge McDuck',5,4,1),(160,163,1,'2019-10-18','Teaser of sample article 154','Scrooge McDuck',3,6,1),(161,164,1,'2019-10-18','Teaser of sample article 155','Jane Doe',3,4,3),(162,165,1,'2019-10-18','Teaser of sample article 156','Scrooge McDuck',5,6,2),(163,166,1,'2019-10-18','Teaser of sample article 157','John Doe',3,4,1),(164,167,1,'2019-10-18','Teaser of sample article 158','John Doe',5,4,2),(165,168,1,'2019-10-18','Teaser of sample article 159','John Doe',3,6,4),(166,169,1,'2019-10-18','Teaser of sample article 160','Scrooge McDuck',5,6,2),(167,170,1,'2019-10-18','Teaser of sample article 161','Scrooge McDuck',5,4,4),(168,171,1,'2019-10-18','Teaser of sample article 162','Jane Doe',5,6,4),(169,172,1,'2019-10-18','Teaser of sample article 163','Jane Doe',3,6,2),(170,173,1,'2019-10-18','Teaser of sample article 164','John Doe',3,4,2),(171,174,1,'2019-10-18','Teaser of sample article 165','Jane Doe',3,4,4),(172,175,1,'2019-10-18','Teaser of sample article 166','Jane Doe',5,6,3),(173,176,1,'2019-10-18','Teaser of sample article 167','Jane Doe',5,6,4),(174,177,1,'2019-10-18','Teaser of sample article 168','Jane Doe',3,6,3),(175,178,1,'2019-10-18','Teaser of sample article 169','Jane Doe',3,4,3),(176,179,1,'2019-10-18','Teaser of sample article 170','Jane Doe',5,6,3),(177,180,1,'2019-10-18','Teaser of sample article 171','John Doe',3,4,4),(178,181,1,'2019-10-18','Teaser of sample article 172','Jane Doe',3,4,4),(179,182,1,'2019-10-18','Teaser of sample article 173','Scrooge McDuck',3,6,3),(180,183,1,'2019-10-18','Teaser of sample article 174','Jane Doe',5,4,2),(181,184,1,'2019-10-18','Teaser of sample article 175','Scrooge McDuck',3,4,2),(182,185,1,'2019-10-18','Teaser of sample article 176','Jane Doe',3,4,1),(183,186,1,'2019-10-18','Teaser of sample article 177','John Doe',3,6,1),(184,187,1,'2019-10-18','Teaser of sample article 178','Scrooge McDuck',5,4,2),(185,188,1,'2019-10-18','Teaser of sample article 179','Jane Doe',5,4,1),(186,189,1,'2019-10-18','Teaser of sample article 180','Scrooge McDuck',3,4,1),(187,190,1,'2019-10-18','Teaser of sample article 181','Jane Doe',5,4,3),(188,191,1,'2019-10-18','Teaser of sample article 182','Jane Doe',5,6,3),(189,192,1,'2019-10-18','Teaser of sample article 183','Jane Doe',3,4,3),(190,193,1,'2019-10-18','Teaser of sample article 184','Jane Doe',3,4,4),(191,194,1,'2019-10-18','Teaser of sample article 185','John Doe',5,6,1),(192,195,1,'2019-10-18','Teaser of sample article 186','Scrooge McDuck',3,6,1),(193,196,1,'2019-10-18','Teaser of sample article 187','Scrooge McDuck',3,4,2),(194,197,1,'2019-10-18','Teaser of sample article 188','Jane Doe',5,4,2),(195,198,1,'2019-10-18','Teaser of sample article 189','Jane Doe',3,4,3),(196,199,1,'2019-10-18','Teaser of sample article 190','John Doe',3,4,4),(197,200,1,'2019-10-18','Teaser of sample article 191','John Doe',3,4,2),(198,201,1,'2019-10-18','Teaser of sample article 192','John Doe',5,6,1),(199,202,1,'2019-10-18','Teaser of sample article 193','Scrooge McDuck',5,6,1),(200,203,1,'2019-10-18','Teaser of sample article 194','John Doe',5,4,3),(201,204,1,'2019-10-18','Teaser of sample article 195','John Doe',3,4,4),(202,205,1,'2019-10-18','Teaser of sample article 196','Jane Doe',3,6,2),(203,206,1,'2019-10-18','Teaser of sample article 197','John Doe',3,6,2),(204,207,1,'2019-10-18','Teaser of sample article 198','Scrooge McDuck',3,6,4),(205,208,1,'2019-10-18','Teaser of sample article 199','Jane Doe',5,6,1),(206,209,1,'2019-10-18','Teaser of sample article 200','John Doe',3,6,2),(207,210,1,'2019-10-18','Teaser of sample article 201','Jane Doe',5,4,4),(208,211,1,'2019-10-18','Teaser of sample article 202','John Doe',5,6,1),(209,212,1,'2019-10-18','Teaser of sample article 203','Jane Doe',5,6,1),(210,213,1,'2019-10-18','Teaser of sample article 204','Scrooge McDuck',3,4,3);
/*!40000 ALTER TABLE `SilverStripe_Example_ArticlePage_Versions` ENABLE KEYS */;
UNLOCK TABLES;

--
-- Table structure for table `SilverStripe_Example_Property`
--

DROP TABLE IF EXISTS `SilverStripe_Example_Property`;
/*!40101 SET @saved_cs_client     = @@character_set_client */;
/*!40101 SET character_set_client = utf8 */;
CREATE TABLE `SilverStripe_Example_Property` (
  `ID` int(11) NOT NULL AUTO_INCREMENT,
  `ClassName` enum('SilverStripe\\Example\\Property') DEFAULT 'SilverStripe\\Example\\Property',
  `LastEdited` datetime DEFAULT NULL,
  `Created` datetime DEFAULT NULL,
  `Version` int(11) NOT NULL DEFAULT '0',
  `Title` varchar(255) DEFAULT NULL,
  `PricePerNight` decimal(9,2) NOT NULL DEFAULT '0.00',
  `Bedrooms` int(11) NOT NULL DEFAULT '0',
  `Bathrooms` int(11) NOT NULL DEFAULT '0',
  `FeaturedOnHomepage` tinyint(1) unsigned NOT NULL DEFAULT '0',
  `RegionID` int(11) NOT NULL DEFAULT '0',
  `PrimaryPhotoID` int(11) NOT NULL DEFAULT '0',
  `AvailableStart` date DEFAULT NULL,
  `AvailableEnd` date DEFAULT NULL,
  `Description` mediumtext,
  PRIMARY KEY (`ID`),
  KEY `ClassName` (`ClassName`),
  KEY `RegionID` (`RegionID`),
  KEY `PrimaryPhotoID` (`PrimaryPhotoID`)
) ENGINE=InnoDB AUTO_INCREMENT=208 DEFAULT CHARSET=utf8;
/*!40101 SET character_set_client = @saved_cs_client */;

--
-- Dumping data for table `SilverStripe_Example_Property`
--

LOCK TABLES `SilverStripe_Example_Property` WRITE;
/*!40000 ALTER TABLE `SilverStripe_Example_Property` DISABLE KEYS */;
INSERT INTO `SilverStripe_Example_Property` VALUES (1,'SilverStripe\\Example\\Property','2019-10-17 22:05:17','2019-10-17 22:04:30',4,'Luxury Apartment with great views',950.00,4,3,1,4,15,'2019-10-31','2019-11-05',NULL),(2,'SilverStripe\\Example\\Property','2019-10-17 22:06:26','2019-10-17 22:06:25',2,'Stunning Villa with 5 bedrooms',1300.00,5,2,1,1,16,'2020-04-20','2020-05-02',NULL),(3,'SilverStripe\\Example\\Property','2019-10-17 22:08:41','2019-10-17 22:08:41',2,'Recent construction with 3 bedrooms',560.00,3,2,1,2,17,'2020-03-19','2020-03-24',NULL),(4,'SilverStripe\\Example\\Property','2019-10-17 22:10:18','2019-10-17 22:10:18',2,'Modern construction with parking space',85.00,1,2,1,1,18,'2020-05-19','2020-05-21',NULL),(5,'SilverStripe\\Example\\Property','2019-10-17 22:11:40','2019-10-17 22:11:40',2,'Single Family Townhouse',840.00,2,2,1,4,19,'2020-06-19','2020-06-29',NULL),(6,'SilverStripe\\Example\\Property','2019-10-17 22:12:42','2019-10-17 22:12:41',2,'3 bedroom villa with garage for rent',150.00,3,2,1,2,20,'2020-05-23','2020-05-27',NULL),(7,'SilverStripe\\Example\\Property','2019-10-17 21:13:59','2019-10-17 21:13:59',1,'Property 1',667.00,3,5,0,3,16,'2020-10-06','2020-10-08','Description of Property 1'),(8,'SilverStripe\\Example\\Property','2019-10-17 21:13:59','2019-10-17 21:13:59',1,'Property 2',1546.21,7,8,0,1,15,'2019-11-12','2019-11-13','Description of Property 2'),(9,'SilverStripe\\Example\\Property','2019-10-17 21:13:59','2019-10-17 21:13:59',1,'Property 3',878.08,1,3,0,1,15,'2020-03-22','2020-04-04','Description of Property 3'),(10,'SilverStripe\\Example\\Property','2019-10-17 21:13:59','2019-10-17 21:13:59',1,'Property 4',2395.03,8,7,0,1,16,'2020-09-25','2020-10-01','Description of Property 4'),(11,'SilverStripe\\Example\\Property','2019-10-17 21:13:59','2019-10-17 21:13:59',1,'Property 5',946.38,6,9,0,1,19,'2020-03-16','2020-03-21','Description of Property 5'),(12,'SilverStripe\\Example\\Property','2019-10-17 21:13:59','2019-10-17 21:13:59',1,'Property 6',117.81,4,9,0,2,15,'2020-01-15','2020-01-22','Description of Property 6'),(13,'SilverStripe\\Example\\Property','2019-10-17 21:13:59','2019-10-17 21:13:59',1,'Property 7',253.87,3,2,0,1,18,'2020-10-12','2020-10-19','Description of Property 7'),(14,'SilverStripe\\Example\\Property','2019-10-17 21:13:59','2019-10-17 21:13:59',1,'Property 8',1081.98,6,3,0,1,18,'2019-12-29','2019-12-30','Description of Property 8'),(15,'SilverStripe\\Example\\Property','2019-10-17 21:13:59','2019-10-17 21:13:59',1,'Property 9',636.44,2,4,0,1,18,'2019-10-31','2019-11-13','Description of Property 9'),(16,'SilverStripe\\Example\\Property','2019-10-17 21:13:59','2019-10-17 21:13:59',1,'Property 10',673.15,8,6,0,2,16,'2020-05-20','2020-05-24','Description of Property 10'),(17,'SilverStripe\\Example\\Property','2019-10-17 21:13:59','2019-10-17 21:13:59',1,'Property 11',836.15,6,4,0,1,15,'2020-08-19','2020-08-31','Description of Property 11'),(18,'SilverStripe\\Example\\Property','2019-10-17 21:13:59','2019-10-17 21:13:59',1,'Property 12',2252.69,2,5,0,3,16,'2020-03-23','2020-03-27','Description of Property 12'),(19,'SilverStripe\\Example\\Property','2019-10-17 21:13:59','2019-10-17 21:13:59',1,'Property 13',1776.53,1,6,0,1,15,'2020-06-06','2020-06-18','Description of Property 13'),(20,'SilverStripe\\Example\\Property','2019-10-17 21:13:59','2019-10-17 21:13:59',1,'Property 14',2476.61,6,4,0,1,17,'2020-09-06','2020-09-16','Description of Property 14'),(21,'SilverStripe\\Example\\Property','2019-10-17 21:13:59','2019-10-17 21:13:59',1,'Property 15',310.61,9,6,0,1,17,'2020-04-30','2020-05-11','Description of Property 15'),(22,'SilverStripe\\Example\\Property','2019-10-17 21:13:59','2019-10-17 21:13:59',1,'Property 16',1281.25,7,4,0,3,18,'2019-10-20','2019-11-02','Description of Property 16'),(23,'SilverStripe\\Example\\Property','2019-10-17 21:13:59','2019-10-17 21:13:59',1,'Property 17',515.03,9,1,0,3,16,'2020-03-21','2020-03-24','Description of Property 17'),(24,'SilverStripe\\Example\\Property','2019-10-17 21:13:59','2019-10-17 21:13:59',1,'Property 18',320.58,7,4,0,3,17,'2019-11-26','2019-12-02','Description of Property 18'),(25,'SilverStripe\\Example\\Property','2019-10-17 21:13:59','2019-10-17 21:13:59',1,'Property 19',2955.35,2,8,0,3,17,'2020-01-24','2020-01-30','Description of Property 19'),(26,'SilverStripe\\Example\\Property','2019-10-17 21:13:59','2019-10-17 21:13:59',1,'Property 20',1193.11,2,8,0,2,18,'2019-10-24','2019-11-06','Description of Property 20'),(27,'SilverStripe\\Example\\Property','2019-10-17 21:13:59','2019-10-17 21:13:59',1,'Property 21',737.39,3,7,0,3,17,'2020-01-31','2020-02-07','Description of Property 21'),(28,'SilverStripe\\Example\\Property','2019-10-17 21:13:59','2019-10-17 21:13:59',1,'Property 22',1622.97,1,5,0,1,19,'2020-03-07','2020-03-15','Description of Property 22'),(29,'SilverStripe\\Example\\Property','2019-10-17 21:13:59','2019-10-17 21:13:59',1,'Property 23',2598.97,5,1,0,3,17,'2019-11-12','2019-11-17','Description of Property 23'),(30,'SilverStripe\\Example\\Property','2019-10-17 21:13:59','2019-10-17 21:13:59',1,'Property 24',2744.15,3,8,0,2,16,'2019-12-27','2019-12-31','Description of Property 24'),(31,'SilverStripe\\Example\\Property','2019-10-17 21:13:59','2019-10-17 21:13:59',1,'Property 25',375.14,8,7,0,2,18,'2020-07-17','2020-07-21','Description of Property 25'),(32,'SilverStripe\\Example\\Property','2019-10-17 21:13:59','2019-10-17 21:13:59',1,'Property 26',1950.27,8,4,0,2,16,'2019-12-19','2019-12-28','Description of Property 26'),(33,'SilverStripe\\Example\\Property','2019-10-17 21:13:59','2019-10-17 21:13:59',1,'Property 27',1092.07,6,8,0,2,17,'2020-05-26','2020-05-30','Description of Property 27'),(34,'SilverStripe\\Example\\Property','2019-10-17 21:13:59','2019-10-17 21:13:59',1,'Property 28',1531.26,1,9,0,2,18,'2020-04-27','2020-05-06','Description of Property 28'),(35,'SilverStripe\\Example\\Property','2019-10-17 21:13:59','2019-10-17 21:13:59',1,'Property 29',2393.47,9,5,0,3,19,'2020-08-09','2020-08-13','Description of Property 29'),(36,'SilverStripe\\Example\\Property','2019-10-17 21:13:59','2019-10-17 21:13:59',1,'Property 30',2173.80,7,3,0,1,16,'2020-04-08','2020-04-15','Description of Property 30'),(37,'SilverStripe\\Example\\Property','2019-10-17 21:13:59','2019-10-17 21:13:59',1,'Property 31',2586.52,4,4,0,3,18,'2020-09-27','2020-10-06','Description of Property 31'),(38,'SilverStripe\\Example\\Property','2019-10-17 21:13:59','2019-10-17 21:13:59',1,'Property 32',983.70,6,1,0,2,19,'2020-02-05','2020-02-16','Description of Property 32'),(39,'SilverStripe\\Example\\Property','2019-10-17 21:13:59','2019-10-17 21:13:59',1,'Property 33',2727.60,1,8,0,3,19,'2020-06-20','2020-07-03','Description of Property 33'),(40,'SilverStripe\\Example\\Property','2019-10-17 21:13:59','2019-10-17 21:13:59',1,'Property 34',2676.68,5,8,0,3,19,'2020-04-07','2020-04-14','Description of Property 34'),(41,'SilverStripe\\Example\\Property','2019-10-17 21:13:59','2019-10-17 21:13:59',1,'Property 35',2341.94,9,5,0,2,18,'2020-02-17','2020-02-28','Description of Property 35'),(42,'SilverStripe\\Example\\Property','2019-10-17 21:13:59','2019-10-17 21:13:59',1,'Property 36',1834.75,7,6,0,3,19,'2020-01-21','2020-01-24','Description of Property 36'),(43,'SilverStripe\\Example\\Property','2019-10-17 21:13:59','2019-10-17 21:13:59',1,'Property 37',1760.48,3,6,0,1,18,'2020-02-03','2020-02-03','Description of Property 37'),(44,'SilverStripe\\Example\\Property','2019-10-17 21:13:59','2019-10-17 21:13:59',1,'Property 38',713.86,3,6,0,1,15,'2020-06-30','2020-07-06','Description of Property 38'),(45,'SilverStripe\\Example\\Property','2019-10-17 21:13:59','2019-10-17 21:13:59',1,'Property 39',149.80,8,1,0,3,15,'2020-06-02','2020-06-03','Description of Property 39'),(46,'SilverStripe\\Example\\Property','2019-10-17 21:13:59','2019-10-17 21:13:59',1,'Property 40',689.87,6,2,0,1,18,'2019-10-27','2019-10-28','Description of Property 40'),(47,'SilverStripe\\Example\\Property','2019-10-17 21:13:59','2019-10-17 21:13:59',1,'Property 41',2163.68,5,3,0,1,18,'2020-01-15','2020-01-18','Description of Property 41'),(48,'SilverStripe\\Example\\Property','2019-10-17 21:13:59','2019-10-17 21:13:59',1,'Property 42',439.52,5,3,0,3,16,'2019-12-10','2019-12-22','Description of Property 42'),(49,'SilverStripe\\Example\\Property','2019-10-17 21:13:59','2019-10-17 21:13:59',1,'Property 43',1962.85,6,9,0,1,19,'2020-10-14','2020-10-22','Description of Property 43'),(50,'SilverStripe\\Example\\Property','2019-10-17 21:13:59','2019-10-17 21:13:59',1,'Property 44',1044.64,7,7,0,1,15,'2020-04-30','2020-05-07','Description of Property 44'),(51,'SilverStripe\\Example\\Property','2019-10-17 21:13:59','2019-10-17 21:13:59',1,'Property 45',2274.86,5,3,0,3,18,'2020-06-29','2020-07-11','Description of Property 45'),(52,'SilverStripe\\Example\\Property','2019-10-17 21:13:59','2019-10-17 21:13:59',1,'Property 46',1527.69,4,4,0,3,16,'2020-09-07','2020-09-16','Description of Property 46'),(53,'SilverStripe\\Example\\Property','2019-10-17 21:13:59','2019-10-17 21:13:59',1,'Property 47',1754.13,9,8,0,2,19,'2020-02-25','2020-03-05','Description of Property 47'),(54,'SilverStripe\\Example\\Property','2019-10-17 21:13:59','2019-10-17 21:13:59',1,'Property 48',1060.28,8,9,0,2,16,'2019-11-27','2019-11-30','Description of Property 48'),(55,'SilverStripe\\Example\\Property','2019-10-17 21:13:59','2019-10-17 21:13:59',1,'Property 49',2308.00,2,8,0,1,19,'2020-04-09','2020-04-15','Description of Property 49'),(56,'SilverStripe\\Example\\Property','2019-10-17 21:13:59','2019-10-17 21:13:59',1,'Property 50',2351.90,2,6,0,2,16,'2019-11-11','2019-11-19','Description of Property 50'),(57,'SilverStripe\\Example\\Property','2019-10-17 21:13:59','2019-10-17 21:13:59',1,'Property 51',2858.93,1,5,0,1,17,'2020-09-08','2020-09-14','Description of Property 51'),(58,'SilverStripe\\Example\\Property','2019-10-17 21:13:59','2019-10-17 21:13:59',1,'Property 52',2560.13,8,5,0,1,17,'2020-01-24','2020-01-31','Description of Property 52'),(59,'SilverStripe\\Example\\Property','2019-10-17 21:13:59','2019-10-17 21:13:59',1,'Property 53',2066.30,1,1,0,1,16,'2020-06-18','2020-06-24','Description of Property 53'),(60,'SilverStripe\\Example\\Property','2019-10-17 21:13:59','2019-10-17 21:13:59',1,'Property 54',1176.22,2,6,0,2,19,'2020-04-29','2020-05-05','Description of Property 54'),(61,'SilverStripe\\Example\\Property','2019-10-17 21:13:59','2019-10-17 21:13:59',1,'Property 55',120.63,3,5,0,3,15,'2020-06-15','2020-06-15','Description of Property 55'),(62,'SilverStripe\\Example\\Property','2019-10-17 21:13:59','2019-10-17 21:13:59',1,'Property 56',1653.06,2,5,0,3,15,'2020-07-04','2020-07-15','Description of Property 56'),(63,'SilverStripe\\Example\\Property','2019-10-17 21:13:59','2019-10-17 21:13:59',1,'Property 57',2143.82,1,9,0,3,17,'2020-05-15','2020-05-28','Description of Property 57'),(64,'SilverStripe\\Example\\Property','2019-10-17 21:13:59','2019-10-17 21:13:59',1,'Property 58',2590.59,7,3,0,1,16,'2020-07-16','2020-07-22','Description of Property 58'),(65,'SilverStripe\\Example\\Property','2019-10-17 21:13:59','2019-10-17 21:13:59',1,'Property 59',2475.92,9,3,0,2,18,'2019-10-20','2019-10-25','Description of Property 59'),(66,'SilverStripe\\Example\\Property','2019-10-17 21:13:59','2019-10-17 21:13:59',1,'Property 60',2060.85,5,6,0,2,15,'2020-08-01','2020-08-09','Description of Property 60'),(67,'SilverStripe\\Example\\Property','2019-10-17 21:13:59','2019-10-17 21:13:59',1,'Property 61',1800.54,5,8,0,2,18,'2020-09-24','2020-10-07','Description of Property 61'),(68,'SilverStripe\\Example\\Property','2019-10-17 21:13:59','2019-10-17 21:13:59',1,'Property 62',1906.72,8,1,0,3,15,'2020-02-08','2020-02-20','Description of Property 62'),(69,'SilverStripe\\Example\\Property','2019-10-17 21:14:00','2019-10-17 21:14:00',1,'Property 63',535.75,4,4,0,1,18,'2020-07-16','2020-07-22','Description of Property 63'),(70,'SilverStripe\\Example\\Property','2019-10-17 21:14:00','2019-10-17 21:14:00',1,'Property 64',2805.08,3,5,0,3,15,'2020-08-03','2020-08-12','Description of Property 64'),(71,'SilverStripe\\Example\\Property','2019-10-17 21:14:00','2019-10-17 21:14:00',1,'Property 65',1608.92,4,5,0,2,16,'2020-07-13','2020-07-26','Description of Property 65'),(72,'SilverStripe\\Example\\Property','2019-10-17 21:14:00','2019-10-17 21:14:00',1,'Property 66',1577.04,6,4,0,1,16,'2020-02-06','2020-02-17','Description of Property 66'),(73,'SilverStripe\\Example\\Property','2019-10-17 21:14:00','2019-10-17 21:14:00',1,'Property 67',364.00,7,4,0,3,16,'2020-02-11','2020-02-13','Description of Property 67'),(74,'SilverStripe\\Example\\Property','2019-10-17 21:14:00','2019-10-17 21:14:00',1,'Property 68',675.22,3,9,0,3,18,'2020-06-19','2020-06-26','Description of Property 68'),(75,'SilverStripe\\Example\\Property','2019-10-17 21:14:00','2019-10-17 21:14:00',1,'Property 69',2252.53,4,7,0,2,18,'2020-03-15','2020-03-17','Description of Property 69'),(76,'SilverStripe\\Example\\Property','2019-10-17 21:14:00','2019-10-17 21:14:00',1,'Property 70',2298.35,7,1,0,2,15,'2019-10-28','2019-11-01','Description of Property 70'),(77,'SilverStripe\\Example\\Property','2019-10-17 21:14:00','2019-10-17 21:14:00',1,'Property 71',2256.38,6,1,0,1,18,'2020-09-15','2020-09-16','Description of Property 71'),(78,'SilverStripe\\Example\\Property','2019-10-17 21:14:00','2019-10-17 21:14:00',1,'Property 72',2963.54,8,4,0,2,19,'2020-04-13','2020-04-20','Description of Property 72'),(79,'SilverStripe\\Example\\Property','2019-10-17 21:14:00','2019-10-17 21:14:00',1,'Property 73',123.85,6,7,0,3,18,'2020-06-30','2020-07-06','Description of Property 73'),(80,'SilverStripe\\Example\\Property','2019-10-17 21:14:00','2019-10-17 21:14:00',1,'Property 74',2792.89,3,7,0,2,16,'2019-11-05','2019-11-13','Description of Property 74'),(81,'SilverStripe\\Example\\Property','2019-10-17 21:14:00','2019-10-17 21:14:00',1,'Property 75',1112.38,7,6,0,3,19,'2019-12-07','2019-12-16','Description of Property 75'),(82,'SilverStripe\\Example\\Property','2019-10-17 21:14:00','2019-10-17 21:14:00',1,'Property 76',793.31,6,3,0,2,15,'2020-05-03','2020-05-11','Description of Property 76'),(83,'SilverStripe\\Example\\Property','2019-10-17 21:14:00','2019-10-17 21:14:00',1,'Property 77',472.04,6,6,0,1,18,'2020-02-04','2020-02-17','Description of Property 77'),(84,'SilverStripe\\Example\\Property','2019-10-17 21:14:00','2019-10-17 21:14:00',1,'Property 78',2382.91,7,1,0,1,18,'2020-08-30','2020-08-31','Description of Property 78'),(85,'SilverStripe\\Example\\Property','2019-10-17 21:14:00','2019-10-17 21:14:00',1,'Property 79',2085.97,6,7,0,1,17,'2020-04-01','2020-04-09','Description of Property 79'),(86,'SilverStripe\\Example\\Property','2019-10-17 21:14:00','2019-10-17 21:14:00',1,'Property 80',2463.43,7,2,0,2,17,'2020-06-17','2020-06-28','Description of Property 80'),(87,'SilverStripe\\Example\\Property','2019-10-17 21:14:00','2019-10-17 21:14:00',1,'Property 81',62.65,3,6,0,1,15,'2020-10-06','2020-10-09','Description of Property 81'),(88,'SilverStripe\\Example\\Property','2019-10-17 21:14:00','2019-10-17 21:14:00',1,'Property 82',1603.42,6,4,0,3,19,'2020-08-24','2020-09-04','Description of Property 82'),(89,'SilverStripe\\Example\\Property','2019-10-17 21:14:00','2019-10-17 21:14:00',1,'Property 83',2018.65,5,7,0,3,17,'2020-02-22','2020-02-24','Description of Property 83'),(90,'SilverStripe\\Example\\Property','2019-10-17 21:14:00','2019-10-17 21:14:00',1,'Property 84',1124.42,6,7,0,1,15,'2019-12-25','2019-12-31','Description of Property 84'),(91,'SilverStripe\\Example\\Property','2019-10-17 21:14:00','2019-10-17 21:14:00',1,'Property 85',194.31,1,4,0,2,18,'2020-09-08','2020-09-21','Description of Property 85'),(92,'SilverStripe\\Example\\Property','2019-10-17 21:14:00','2019-10-17 21:14:00',1,'Property 86',1977.84,3,4,0,1,18,'2020-09-15','2020-09-17','Description of Property 86'),(93,'SilverStripe\\Example\\Property','2019-10-17 21:14:00','2019-10-17 21:14:00',1,'Property 87',146.59,1,9,0,3,15,'2020-09-03','2020-09-04','Description of Property 87'),(94,'SilverStripe\\Example\\Property','2019-10-17 21:14:00','2019-10-17 21:14:00',1,'Property 88',1505.42,9,9,0,1,15,'2020-06-16','2020-06-17','Description of Property 88'),(95,'SilverStripe\\Example\\Property','2019-10-17 21:14:00','2019-10-17 21:14:00',1,'Property 89',2276.26,6,5,0,1,18,'2020-06-23','2020-06-23','Description of Property 89'),(96,'SilverStripe\\Example\\Property','2019-10-17 21:14:00','2019-10-17 21:14:00',1,'Property 90',762.21,2,9,0,2,15,'2020-03-20','2020-04-01','Description of Property 90'),(97,'SilverStripe\\Example\\Property','2019-10-17 21:14:00','2019-10-17 21:14:00',1,'Property 91',2178.51,1,9,0,2,16,'2019-11-11','2019-11-15','Description of Property 91'),(98,'SilverStripe\\Example\\Property','2019-10-17 21:14:00','2019-10-17 21:14:00',1,'Property 92',1790.53,1,6,0,3,18,'2019-11-09','2019-11-10','Description of Property 92'),(99,'SilverStripe\\Example\\Property','2019-10-17 21:14:00','2019-10-17 21:14:00',1,'Property 93',2809.85,4,4,0,3,16,'2019-11-25','2019-12-01','Description of Property 93'),(100,'SilverStripe\\Example\\Property','2019-10-17 21:14:00','2019-10-17 21:14:00',1,'Property 94',1681.36,7,1,0,1,18,'2020-02-21','2020-03-05','Description of Property 94'),(101,'SilverStripe\\Example\\Property','2019-10-17 21:14:00','2019-10-17 21:14:00',1,'Property 95',1065.05,3,6,0,1,16,'2020-03-17','2020-03-24','Description of Property 95'),(102,'SilverStripe\\Example\\Property','2019-10-17 21:14:00','2019-10-17 21:14:00',1,'Property 96',473.87,1,7,0,2,19,'2019-10-29','2019-11-07','Description of Property 96'),(103,'SilverStripe\\Example\\Property','2019-10-17 21:14:00','2019-10-17 21:14:00',1,'Property 97',1001.78,9,5,0,1,18,'2020-09-17','2020-09-30','Description of Property 97'),(104,'SilverStripe\\Example\\Property','2019-10-17 21:14:00','2019-10-17 21:14:00',1,'Property 98',2925.24,9,9,0,1,15,'2020-04-17','2020-04-25','Description of Property 98'),(105,'SilverStripe\\Example\\Property','2019-10-17 21:14:00','2019-10-17 21:14:00',1,'Property 99',699.71,9,2,0,3,19,'2020-07-16','2020-07-18','Description of Property 99'),(106,'SilverStripe\\Example\\Property','2019-10-17 21:14:00','2019-10-17 21:14:00',1,'Property 100',83.79,3,3,0,3,19,'2020-01-11','2020-01-11','Description of Property 100'),(107,'SilverStripe\\Example\\Property','2019-10-17 21:14:00','2019-10-17 21:14:00',1,'Property 101',1157.07,1,2,0,2,19,'2020-09-19','2020-09-26','Description of Property 101'),(108,'SilverStripe\\Example\\Property','2019-10-17 21:14:00','2019-10-17 21:14:00',1,'Property 102',2269.39,4,4,0,1,15,'2020-09-17','2020-09-27','Description of Property 102'),(109,'SilverStripe\\Example\\Property','2019-10-17 21:14:00','2019-10-17 21:14:00',1,'Property 103',1526.34,1,8,0,3,17,'2020-08-14','2020-08-16','Description of Property 103'),(110,'SilverStripe\\Example\\Property','2019-10-17 21:14:00','2019-10-17 21:14:00',1,'Property 104',1093.33,2,7,0,3,17,'2020-03-02','2020-03-08','Description of Property 104'),(111,'SilverStripe\\Example\\Property','2019-10-17 21:14:00','2019-10-17 21:14:00',1,'Property 105',205.36,6,7,0,1,16,'2020-03-08','2020-03-18','Description of Property 105'),(112,'SilverStripe\\Example\\Property','2019-10-17 21:14:00','2019-10-17 21:14:00',1,'Property 106',2228.55,1,1,0,1,19,'2020-08-18','2020-08-24','Description of Property 106'),(113,'SilverStripe\\Example\\Property','2019-10-17 21:14:00','2019-10-17 21:14:00',1,'Property 107',1459.84,9,2,0,1,15,'2019-10-20','2019-11-01','Description of Property 107'),(114,'SilverStripe\\Example\\Property','2019-10-17 21:14:00','2019-10-17 21:14:00',1,'Property 108',1420.86,8,5,0,1,17,'2020-04-26','2020-04-30','Description of Property 108'),(115,'SilverStripe\\Example\\Property','2019-10-17 21:14:00','2019-10-17 21:14:00',1,'Property 109',922.84,7,6,0,3,15,'2020-05-23','2020-06-01','Description of Property 109'),(116,'SilverStripe\\Example\\Property','2019-10-17 21:14:00','2019-10-17 21:14:00',1,'Property 110',1522.80,1,5,0,2,16,'2020-03-19','2020-03-27','Description of Property 110'),(117,'SilverStripe\\Example\\Property','2019-10-17 21:14:00','2019-10-17 21:14:00',1,'Property 111',1531.11,8,6,0,2,15,'2020-02-09','2020-02-09','Description of Property 111'),(118,'SilverStripe\\Example\\Property','2019-10-17 21:14:00','2019-10-17 21:14:00',1,'Property 112',751.21,1,4,0,3,18,'2020-02-06','2020-02-09','Description of Property 112'),(119,'SilverStripe\\Example\\Property','2019-10-17 21:14:00','2019-10-17 21:14:00',1,'Property 113',1820.12,8,5,0,3,18,'2020-05-18','2020-05-20','Description of Property 113'),(120,'SilverStripe\\Example\\Property','2019-10-17 21:14:00','2019-10-17 21:14:00',1,'Property 114',935.14,2,2,0,3,17,'2019-10-21','2019-10-23','Description of Property 114'),(121,'SilverStripe\\Example\\Property','2019-10-17 21:14:00','2019-10-17 21:14:00',1,'Property 115',2294.24,2,6,0,3,17,'2020-02-03','2020-02-07','Description of Property 115'),(122,'SilverStripe\\Example\\Property','2019-10-17 21:14:00','2019-10-17 21:14:00',1,'Property 116',667.32,7,8,0,1,18,'2020-04-01','2020-04-02','Description of Property 116'),(123,'SilverStripe\\Example\\Property','2019-10-17 21:14:00','2019-10-17 21:14:00',1,'Property 117',2390.08,8,6,0,3,16,'2020-03-08','2020-03-16','Description of Property 117'),(124,'SilverStripe\\Example\\Property','2019-10-17 21:14:00','2019-10-17 21:14:00',1,'Property 118',607.23,8,8,0,2,16,'2020-05-17','2020-05-26','Description of Property 118'),(125,'SilverStripe\\Example\\Property','2019-10-17 21:14:00','2019-10-17 21:14:00',1,'Property 119',2582.13,2,2,0,1,18,'2020-07-14','2020-07-20','Description of Property 119'),(126,'SilverStripe\\Example\\Property','2019-10-17 21:14:00','2019-10-17 21:14:00',1,'Property 120',537.25,5,1,0,2,16,'2020-10-01','2020-10-06','Description of Property 120'),(127,'SilverStripe\\Example\\Property','2019-10-17 21:14:00','2019-10-17 21:14:00',1,'Property 121',191.27,6,9,0,3,17,'2020-05-11','2020-05-19','Description of Property 121'),(128,'SilverStripe\\Example\\Property','2019-10-17 21:14:00','2019-10-17 21:14:00',1,'Property 122',1520.93,3,8,0,2,15,'2020-09-29','2020-10-09','Description of Property 122'),(129,'SilverStripe\\Example\\Property','2019-10-17 21:14:00','2019-10-17 21:14:00',1,'Property 123',2489.08,8,8,0,2,17,'2019-11-12','2019-11-25','Description of Property 123'),(130,'SilverStripe\\Example\\Property','2019-10-17 21:14:00','2019-10-17 21:14:00',1,'Property 124',1159.35,6,8,0,2,15,'2020-04-13','2020-04-19','Description of Property 124'),(131,'SilverStripe\\Example\\Property','2019-10-17 21:14:00','2019-10-17 21:14:00',1,'Property 125',2296.15,6,6,0,2,18,'2020-01-12','2020-01-18','Description of Property 125'),(132,'SilverStripe\\Example\\Property','2019-10-17 21:14:00','2019-10-17 21:14:00',1,'Property 126',2095.65,5,4,0,3,15,'2020-07-04','2020-07-04','Description of Property 126'),(133,'SilverStripe\\Example\\Property','2019-10-17 21:14:00','2019-10-17 21:14:00',1,'Property 127',2424.20,5,9,0,2,15,'2020-08-25','2020-09-05','Description of Property 127'),(134,'SilverStripe\\Example\\Property','2019-10-17 21:14:00','2019-10-17 21:14:00',1,'Property 128',1804.49,5,6,0,2,16,'2019-12-08','2019-12-08','Description of Property 128'),(135,'SilverStripe\\Example\\Property','2019-10-17 21:14:00','2019-10-17 21:14:00',1,'Property 129',2036.93,2,1,0,2,19,'2019-12-08','2019-12-17','Description of Property 129'),(136,'SilverStripe\\Example\\Property','2019-10-17 21:14:00','2019-10-17 21:14:00',1,'Property 130',2826.49,8,3,0,3,17,'2020-01-27','2020-01-28','Description of Property 130'),(137,'SilverStripe\\Example\\Property','2019-10-17 21:14:00','2019-10-17 21:14:00',1,'Property 131',1752.25,6,4,0,1,19,'2020-10-05','2020-10-13','Description of Property 131'),(138,'SilverStripe\\Example\\Property','2019-10-17 21:14:00','2019-10-17 21:14:00',1,'Property 132',1279.80,6,9,0,3,19,'2019-10-21','2019-11-01','Description of Property 132'),(139,'SilverStripe\\Example\\Property','2019-10-17 21:14:00','2019-10-17 21:14:00',1,'Property 133',2061.00,6,2,0,1,17,'2019-12-07','2019-12-09','Description of Property 133'),(140,'SilverStripe\\Example\\Property','2019-10-17 21:14:00','2019-10-17 21:14:00',1,'Property 134',631.80,6,7,0,3,16,'2020-06-18','2020-06-26','Description of Property 134'),(141,'SilverStripe\\Example\\Property','2019-10-17 21:14:00','2019-10-17 21:14:00',1,'Property 135',776.36,4,4,0,3,17,'2020-09-22','2020-09-26','Description of Property 135'),(142,'SilverStripe\\Example\\Property','2019-10-17 21:14:00','2019-10-17 21:14:00',1,'Property 136',798.37,8,2,0,2,16,'2020-06-12','2020-06-23','Description of Property 136'),(143,'SilverStripe\\Example\\Property','2019-10-17 21:14:00','2019-10-17 21:14:00',1,'Property 137',1090.77,9,7,0,2,19,'2020-04-05','2020-04-05','Description of Property 137'),(144,'SilverStripe\\Example\\Property','2019-10-17 21:14:00','2019-10-17 21:14:00',1,'Property 138',2239.12,9,7,0,3,18,'2020-03-02','2020-03-13','Description of Property 138'),(145,'SilverStripe\\Example\\Property','2019-10-17 21:14:00','2019-10-17 21:14:00',1,'Property 139',2491.13,3,7,0,3,15,'2020-04-07','2020-04-20','Description of Property 139'),(146,'SilverStripe\\Example\\Property','2019-10-17 21:14:00','2019-10-17 21:14:00',1,'Property 140',767.49,7,8,0,1,19,'2020-01-15','2020-01-21','Description of Property 140'),(147,'SilverStripe\\Example\\Property','2019-10-17 21:14:00','2019-10-17 21:14:00',1,'Property 141',1998.40,3,5,0,3,17,'2020-08-06','2020-08-10','Description of Property 141'),(148,'SilverStripe\\Example\\Property','2019-10-17 21:14:00','2019-10-17 21:14:00',1,'Property 142',334.85,9,3,0,3,16,'2020-01-30','2020-01-31','Description of Property 142'),(149,'SilverStripe\\Example\\Property','2019-10-17 21:14:00','2019-10-17 21:14:00',1,'Property 143',2789.37,7,9,0,2,18,'2019-10-23','2019-11-03','Description of Property 143'),(150,'SilverStripe\\Example\\Property','2019-10-17 21:14:00','2019-10-17 21:14:00',1,'Property 144',700.76,8,5,0,3,15,'2020-01-06','2020-01-14','Description of Property 144'),(151,'SilverStripe\\Example\\Property','2019-10-17 21:14:00','2019-10-17 21:14:00',1,'Property 145',2204.23,4,7,0,2,17,'2019-11-07','2019-11-17','Description of Property 145'),(152,'SilverStripe\\Example\\Property','2019-10-17 21:14:00','2019-10-17 21:14:00',1,'Property 146',1550.04,3,9,0,3,15,'2020-05-31','2020-06-11','Description of Property 146'),(153,'SilverStripe\\Example\\Property','2019-10-17 21:14:00','2019-10-17 21:14:00',1,'Property 147',1738.33,3,7,0,2,18,'2020-09-22','2020-09-22','Description of Property 147'),(154,'SilverStripe\\Example\\Property','2019-10-17 21:14:00','2019-10-17 21:14:00',1,'Property 148',1826.36,1,6,0,3,15,'2020-08-08','2020-08-14','Description of Property 148'),(155,'SilverStripe\\Example\\Property','2019-10-17 21:14:00','2019-10-17 21:14:00',1,'Property 149',360.36,5,1,0,3,18,'2020-01-15','2020-01-19','Description of Property 149'),(156,'SilverStripe\\Example\\Property','2019-10-17 21:14:00','2019-10-17 21:14:00',1,'Property 150',2578.70,4,6,0,3,15,'2020-08-03','2020-08-04','Description of Property 150'),(157,'SilverStripe\\Example\\Property','2019-10-17 21:14:00','2019-10-17 21:14:00',1,'Property 151',2367.26,8,9,0,1,19,'2020-01-15','2020-01-23','Description of Property 151'),(158,'SilverStripe\\Example\\Property','2019-10-17 21:14:00','2019-10-17 21:14:00',1,'Property 152',1041.06,8,9,0,1,17,'2020-08-17','2020-08-25','Description of Property 152'),(159,'SilverStripe\\Example\\Property','2019-10-17 21:14:00','2019-10-17 21:14:00',1,'Property 153',1972.54,8,2,0,1,19,'2020-03-28','2020-03-31','Description of Property 153'),(160,'SilverStripe\\Example\\Property','2019-10-17 21:14:00','2019-10-17 21:14:00',1,'Property 154',1923.36,5,7,0,3,16,'2020-07-04','2020-07-10','Description of Property 154'),(161,'SilverStripe\\Example\\Property','2019-10-17 21:14:00','2019-10-17 21:14:00',1,'Property 155',979.51,4,9,0,2,15,'2020-01-13','2020-01-21','Description of Property 155'),(162,'SilverStripe\\Example\\Property','2019-10-17 21:14:00','2019-10-17 21:14:00',1,'Property 156',1353.29,2,3,0,3,19,'2019-11-09','2019-11-16','Description of Property 156'),(163,'SilverStripe\\Example\\Property','2019-10-17 21:14:00','2019-10-17 21:14:00',1,'Property 157',285.47,4,9,0,1,19,'2020-05-16','2020-05-16','Description of Property 157'),(164,'SilverStripe\\Example\\Property','2019-10-17 21:14:00','2019-10-17 21:14:00',1,'Property 158',1170.17,3,3,0,2,15,'2020-07-07','2020-07-14','Description of Property 158'),(165,'SilverStripe\\Example\\Property','2019-10-17 21:14:00','2019-10-17 21:14:00',1,'Property 159',2084.89,9,7,0,3,16,'2020-08-29','2020-09-04','Description of Property 159'),(166,'SilverStripe\\Example\\Property','2019-10-17 21:14:00','2019-10-17 21:14:00',1,'Property 160',555.38,2,2,0,2,16,'2019-12-19','2019-12-29','Description of Property 160'),(167,'SilverStripe\\Example\\Property','2019-10-17 21:14:00','2019-10-17 21:14:00',1,'Property 161',255.76,3,9,0,1,16,'2020-01-17','2020-01-21','Description of Property 161'),(168,'SilverStripe\\Example\\Property','2019-10-17 21:14:00','2019-10-17 21:14:00',1,'Property 162',783.58,5,6,0,2,18,'2020-07-16','2020-07-20','Description of Property 162'),(169,'SilverStripe\\Example\\Property','2019-10-17 21:14:00','2019-10-17 21:14:00',1,'Property 163',2536.56,3,7,0,3,17,'2020-10-10','2020-10-18','Description of Property 163'),(170,'SilverStripe\\Example\\Property','2019-10-17 21:14:00','2019-10-17 21:14:00',1,'Property 164',2569.93,6,6,0,1,16,'2020-06-19','2020-06-20','Description of Property 164'),(171,'SilverStripe\\Example\\Property','2019-10-17 21:14:00','2019-10-17 21:14:00',1,'Property 165',459.78,5,3,0,3,19,'2020-03-16','2020-03-27','Description of Property 165'),(172,'SilverStripe\\Example\\Property','2019-10-17 21:14:00','2019-10-17 21:14:00',1,'Property 166',977.08,1,3,0,2,17,'2019-11-04','2019-11-15','Description of Property 166'),(173,'SilverStripe\\Example\\Property','2019-10-17 21:14:00','2019-10-17 21:14:00',1,'Property 167',2371.09,6,5,0,1,17,'2019-10-18','2019-10-27','Description of Property 167'),(174,'SilverStripe\\Example\\Property','2019-10-17 21:14:00','2019-10-17 21:14:00',1,'Property 168',572.60,5,2,0,1,17,'2020-08-26','2020-09-07','Description of Property 168'),(175,'SilverStripe\\Example\\Property','2019-10-17 21:14:00','2019-10-17 21:14:00',1,'Property 169',367.42,9,2,0,1,16,'2020-02-02','2020-02-06','Description of Property 169'),(176,'SilverStripe\\Example\\Property','2019-10-17 21:14:00','2019-10-17 21:14:00',1,'Property 170',2001.36,6,3,0,2,15,'2020-09-09','2020-09-09','Description of Property 170'),(177,'SilverStripe\\Example\\Property','2019-10-17 21:14:00','2019-10-17 21:14:00',1,'Property 171',1620.67,3,6,0,2,19,'2020-05-24','2020-05-28','Description of Property 171'),(178,'SilverStripe\\Example\\Property','2019-10-17 21:14:00','2019-10-17 21:14:00',1,'Property 172',1809.36,2,2,0,1,19,'2020-02-10','2020-02-15','Description of Property 172'),(179,'SilverStripe\\Example\\Property','2019-10-17 21:14:00','2019-10-17 21:14:00',1,'Property 173',937.70,8,3,0,3,17,'2020-07-27','2020-08-08','Description of Property 173'),(180,'SilverStripe\\Example\\Property','2019-10-17 21:14:00','2019-10-17 21:14:00',1,'Property 174',2789.17,2,8,0,3,19,'2020-09-21','2020-09-24','Description of Property 174'),(181,'SilverStripe\\Example\\Property','2019-10-17 21:14:00','2019-10-17 21:14:00',1,'Property 175',1413.95,8,9,0,1,16,'2020-02-14','2020-02-23','Description of Property 175'),(182,'SilverStripe\\Example\\Property','2019-10-17 21:14:00','2019-10-17 21:14:00',1,'Property 176',1059.94,9,5,0,2,18,'2020-08-21','2020-08-28','Description of Property 176'),(183,'SilverStripe\\Example\\Property','2019-10-17 21:14:00','2019-10-17 21:14:00',1,'Property 177',1871.04,1,2,0,3,15,'2020-01-17','2020-01-28','Description of Property 177'),(184,'SilverStripe\\Example\\Property','2019-10-17 21:14:00','2019-10-17 21:14:00',1,'Property 178',1020.46,6,1,0,1,15,'2020-07-02','2020-07-06','Description of Property 178'),(185,'SilverStripe\\Example\\Property','2019-10-17 21:14:00','2019-10-17 21:14:00',1,'Property 179',713.72,5,1,0,3,18,'2020-08-02','2020-08-06','Description of Property 179'),(186,'SilverStripe\\Example\\Property','2019-10-17 21:14:00','2019-10-17 21:14:00',1,'Property 180',2766.74,6,4,0,1,15,'2020-08-18','2020-08-26','Description of Property 180'),(187,'SilverStripe\\Example\\Property','2019-10-17 21:14:00','2019-10-17 21:14:00',1,'Property 181',2110.76,2,7,0,3,18,'2020-08-08','2020-08-09','Description of Property 181'),(188,'SilverStripe\\Example\\Property','2019-10-17 21:14:00','2019-10-17 21:14:00',1,'Property 182',1803.61,9,7,0,1,16,'2020-04-29','2020-05-08','Description of Property 182'),(189,'SilverStripe\\Example\\Property','2019-10-17 21:14:00','2019-10-17 21:14:00',1,'Property 183',215.79,4,1,0,3,17,'2020-01-11','2020-01-11','Description of Property 183'),(190,'SilverStripe\\Example\\Property','2019-10-17 21:14:00','2019-10-17 21:14:00',1,'Property 184',1355.45,7,1,0,2,18,'2020-05-15','2020-05-16','Description of Property 184'),(191,'SilverStripe\\Example\\Property','2019-10-17 21:14:00','2019-10-17 21:14:00',1,'Property 185',250.04,4,8,0,1,19,'2019-12-22','2019-12-27','Description of Property 185'),(192,'SilverStripe\\Example\\Property','2019-10-17 21:14:00','2019-10-17 21:14:00',1,'Property 186',1482.85,5,2,0,1,19,'2019-12-19','2019-12-28','Description of Property 186'),(193,'SilverStripe\\Example\\Property','2019-10-17 21:14:00','2019-10-17 21:14:00',1,'Property 187',2839.60,8,3,0,3,18,'2020-02-08','2020-02-11','Description of Property 187'),(194,'SilverStripe\\Example\\Property','2019-10-17 21:14:00','2019-10-17 21:14:00',1,'Property 188',2332.38,7,6,0,2,18,'2019-11-02','2019-11-04','Description of Property 188'),(195,'SilverStripe\\Example\\Property','2019-10-17 21:14:00','2019-10-17 21:14:00',1,'Property 189',1239.24,7,2,0,3,16,'2020-01-27','2020-01-28','Description of Property 189'),(196,'SilverStripe\\Example\\Property','2019-10-17 21:14:00','2019-10-17 21:14:00',1,'Property 190',1863.32,2,8,0,2,17,'2020-01-24','2020-01-26','Description of Property 190'),(197,'SilverStripe\\Example\\Property','2019-10-17 21:14:00','2019-10-17 21:14:00',1,'Property 191',2106.41,1,1,0,2,19,'2020-04-20','2020-04-25','Description of Property 191'),(198,'SilverStripe\\Example\\Property','2019-10-17 21:14:00','2019-10-17 21:14:00',1,'Property 192',2525.16,7,1,0,1,17,'2020-07-11','2020-07-17','Description of Property 192'),(199,'SilverStripe\\Example\\Property','2019-10-17 21:14:00','2019-10-17 21:14:00',1,'Property 193',608.31,4,4,0,2,15,'2019-12-07','2019-12-08','Description of Property 193'),(200,'SilverStripe\\Example\\Property','2019-10-17 21:14:00','2019-10-17 21:14:00',1,'Property 194',847.92,3,6,0,1,18,'2020-04-15','2020-04-16','Description of Property 194'),(201,'SilverStripe\\Example\\Property','2019-10-17 21:14:00','2019-10-17 21:14:00',1,'Property 195',2905.09,9,7,0,3,16,'2019-11-08','2019-11-11','Description of Property 195'),(202,'SilverStripe\\Example\\Property','2019-10-17 21:14:00','2019-10-17 21:14:00',1,'Property 196',2466.27,9,4,0,3,17,'2020-08-10','2020-08-21','Description of Property 196'),(203,'SilverStripe\\Example\\Property','2019-10-17 21:14:00','2019-10-17 21:14:00',1,'Property 197',2862.72,2,7,0,2,19,'2020-09-09','2020-09-14','Description of Property 197'),(204,'SilverStripe\\Example\\Property','2019-10-17 21:14:00','2019-10-17 21:14:00',1,'Property 198',1008.28,8,2,0,2,16,'2019-11-03','2019-11-10','Description of Property 198'),(205,'SilverStripe\\Example\\Property','2019-10-17 21:14:00','2019-10-17 21:14:00',1,'Property 199',1378.48,3,3,0,2,16,'2020-04-28','2020-05-06','Description of Property 199'),(206,'SilverStripe\\Example\\Property','2019-10-17 21:14:00','2019-10-17 21:14:00',1,'Property 200',952.14,6,9,0,3,17,'2020-04-22','2020-04-28','Description of Property 200'),(207,'SilverStripe\\Example\\Property','2019-10-17 21:14:00','2019-10-17 21:14:00',1,'Property 201',1927.61,9,6,0,2,18,'2020-10-10','2020-10-14','Description of Property 201');
/*!40000 ALTER TABLE `SilverStripe_Example_Property` ENABLE KEYS */;
UNLOCK TABLES;

--
-- Table structure for table `SilverStripe_Example_Property_Live`
--

DROP TABLE IF EXISTS `SilverStripe_Example_Property_Live`;
/*!40101 SET @saved_cs_client     = @@character_set_client */;
/*!40101 SET character_set_client = utf8 */;
CREATE TABLE `SilverStripe_Example_Property_Live` (
  `ID` int(11) NOT NULL AUTO_INCREMENT,
  `ClassName` enum('SilverStripe\\Example\\Property') DEFAULT 'SilverStripe\\Example\\Property',
  `LastEdited` datetime DEFAULT NULL,
  `Created` datetime DEFAULT NULL,
  `Version` int(11) NOT NULL DEFAULT '0',
  `Title` varchar(255) DEFAULT NULL,
  `PricePerNight` decimal(9,2) NOT NULL DEFAULT '0.00',
  `Bedrooms` int(11) NOT NULL DEFAULT '0',
  `Bathrooms` int(11) NOT NULL DEFAULT '0',
  `FeaturedOnHomepage` tinyint(1) unsigned NOT NULL DEFAULT '0',
  `RegionID` int(11) NOT NULL DEFAULT '0',
  `PrimaryPhotoID` int(11) NOT NULL DEFAULT '0',
  `AvailableStart` date DEFAULT NULL,
  `AvailableEnd` date DEFAULT NULL,
  `Description` mediumtext,
  PRIMARY KEY (`ID`),
  KEY `ClassName` (`ClassName`),
  KEY `RegionID` (`RegionID`),
  KEY `PrimaryPhotoID` (`PrimaryPhotoID`)
) ENGINE=InnoDB AUTO_INCREMENT=208 DEFAULT CHARSET=utf8;
/*!40101 SET character_set_client = @saved_cs_client */;

--
-- Dumping data for table `SilverStripe_Example_Property_Live`
--

LOCK TABLES `SilverStripe_Example_Property_Live` WRITE;
/*!40000 ALTER TABLE `SilverStripe_Example_Property_Live` DISABLE KEYS */;
INSERT INTO `SilverStripe_Example_Property_Live` VALUES (1,'SilverStripe\\Example\\Property','2019-10-17 22:05:17','2019-10-17 22:04:30',4,'Luxury Apartment with great views',950.00,4,3,1,4,15,'2019-10-31','2019-11-05',NULL),(2,'SilverStripe\\Example\\Property','2019-10-17 22:06:26','2019-10-17 22:06:25',2,'Stunning Villa with 5 bedrooms',1300.00,5,2,1,1,16,'2020-04-20','2020-05-02',NULL),(3,'SilverStripe\\Example\\Property','2019-10-17 22:08:41','2019-10-17 22:08:41',2,'Recent construction with 3 bedrooms',560.00,3,2,1,2,17,'2020-03-19','2020-03-24',NULL),(4,'SilverStripe\\Example\\Property','2019-10-17 22:10:18','2019-10-17 22:10:18',2,'Modern construction with parking space',85.00,1,2,1,1,18,'2020-05-19','2020-05-21',NULL),(5,'SilverStripe\\Example\\Property','2019-10-17 22:11:40','2019-10-17 22:11:40',2,'Single Family Townhouse',840.00,2,2,1,4,19,'2020-06-19','2020-06-29',NULL),(6,'SilverStripe\\Example\\Property','2019-10-17 22:12:42','2019-10-17 22:12:41',2,'3 bedroom villa with garage for rent',150.00,3,2,1,2,20,'2020-05-23','2020-05-27',NULL),(7,'SilverStripe\\Example\\Property','2019-10-17 21:13:59','2019-10-17 21:13:59',1,'Property 1',667.00,3,5,0,3,16,'2020-10-06','2020-10-08','Description of Property 1'),(8,'SilverStripe\\Example\\Property','2019-10-17 21:13:59','2019-10-17 21:13:59',1,'Property 2',1546.21,7,8,0,1,15,'2019-11-12','2019-11-13','Description of Property 2'),(9,'SilverStripe\\Example\\Property','2019-10-17 21:13:59','2019-10-17 21:13:59',1,'Property 3',878.08,1,3,0,1,15,'2020-03-22','2020-04-04','Description of Property 3'),(10,'SilverStripe\\Example\\Property','2019-10-17 21:13:59','2019-10-17 21:13:59',1,'Property 4',2395.03,8,7,0,1,16,'2020-09-25','2020-10-01','Description of Property 4'),(11,'SilverStripe\\Example\\Property','2019-10-17 21:13:59','2019-10-17 21:13:59',1,'Property 5',946.38,6,9,0,1,19,'2020-03-16','2020-03-21','Description of Property 5'),(12,'SilverStripe\\Example\\Property','2019-10-17 21:13:59','2019-10-17 21:13:59',1,'Property 6',117.81,4,9,0,2,15,'2020-01-15','2020-01-22','Description of Property 6'),(13,'SilverStripe\\Example\\Property','2019-10-17 21:13:59','2019-10-17 21:13:59',1,'Property 7',253.87,3,2,0,1,18,'2020-10-12','2020-10-19','Description of Property 7'),(14,'SilverStripe\\Example\\Property','2019-10-17 21:13:59','2019-10-17 21:13:59',1,'Property 8',1081.98,6,3,0,1,18,'2019-12-29','2019-12-30','Description of Property 8'),(15,'SilverStripe\\Example\\Property','2019-10-17 21:13:59','2019-10-17 21:13:59',1,'Property 9',636.44,2,4,0,1,18,'2019-10-31','2019-11-13','Description of Property 9'),(16,'SilverStripe\\Example\\Property','2019-10-17 21:13:59','2019-10-17 21:13:59',1,'Property 10',673.15,8,6,0,2,16,'2020-05-20','2020-05-24','Description of Property 10'),(17,'SilverStripe\\Example\\Property','2019-10-17 21:13:59','2019-10-17 21:13:59',1,'Property 11',836.15,6,4,0,1,15,'2020-08-19','2020-08-31','Description of Property 11'),(18,'SilverStripe\\Example\\Property','2019-10-17 21:13:59','2019-10-17 21:13:59',1,'Property 12',2252.69,2,5,0,3,16,'2020-03-23','2020-03-27','Description of Property 12'),(19,'SilverStripe\\Example\\Property','2019-10-17 21:13:59','2019-10-17 21:13:59',1,'Property 13',1776.53,1,6,0,1,15,'2020-06-06','2020-06-18','Description of Property 13'),(20,'SilverStripe\\Example\\Property','2019-10-17 21:13:59','2019-10-17 21:13:59',1,'Property 14',2476.61,6,4,0,1,17,'2020-09-06','2020-09-16','Description of Property 14'),(21,'SilverStripe\\Example\\Property','2019-10-17 21:13:59','2019-10-17 21:13:59',1,'Property 15',310.61,9,6,0,1,17,'2020-04-30','2020-05-11','Description of Property 15'),(22,'SilverStripe\\Example\\Property','2019-10-17 21:13:59','2019-10-17 21:13:59',1,'Property 16',1281.25,7,4,0,3,18,'2019-10-20','2019-11-02','Description of Property 16'),(23,'SilverStripe\\Example\\Property','2019-10-17 21:13:59','2019-10-17 21:13:59',1,'Property 17',515.03,9,1,0,3,16,'2020-03-21','2020-03-24','Description of Property 17'),(24,'SilverStripe\\Example\\Property','2019-10-17 21:13:59','2019-10-17 21:13:59',1,'Property 18',320.58,7,4,0,3,17,'2019-11-26','2019-12-02','Description of Property 18'),(25,'SilverStripe\\Example\\Property','2019-10-17 21:13:59','2019-10-17 21:13:59',1,'Property 19',2955.35,2,8,0,3,17,'2020-01-24','2020-01-30','Description of Property 19'),(26,'SilverStripe\\Example\\Property','2019-10-17 21:13:59','2019-10-17 21:13:59',1,'Property 20',1193.11,2,8,0,2,18,'2019-10-24','2019-11-06','Description of Property 20'),(27,'SilverStripe\\Example\\Property','2019-10-17 21:13:59','2019-10-17 21:13:59',1,'Property 21',737.39,3,7,0,3,17,'2020-01-31','2020-02-07','Description of Property 21'),(28,'SilverStripe\\Example\\Property','2019-10-17 21:13:59','2019-10-17 21:13:59',1,'Property 22',1622.97,1,5,0,1,19,'2020-03-07','2020-03-15','Description of Property 22'),(29,'SilverStripe\\Example\\Property','2019-10-17 21:13:59','2019-10-17 21:13:59',1,'Property 23',2598.97,5,1,0,3,17,'2019-11-12','2019-11-17','Description of Property 23'),(30,'SilverStripe\\Example\\Property','2019-10-17 21:13:59','2019-10-17 21:13:59',1,'Property 24',2744.15,3,8,0,2,16,'2019-12-27','2019-12-31','Description of Property 24'),(31,'SilverStripe\\Example\\Property','2019-10-17 21:13:59','2019-10-17 21:13:59',1,'Property 25',375.14,8,7,0,2,18,'2020-07-17','2020-07-21','Description of Property 25'),(32,'SilverStripe\\Example\\Property','2019-10-17 21:13:59','2019-10-17 21:13:59',1,'Property 26',1950.27,8,4,0,2,16,'2019-12-19','2019-12-28','Description of Property 26'),(33,'SilverStripe\\Example\\Property','2019-10-17 21:13:59','2019-10-17 21:13:59',1,'Property 27',1092.07,6,8,0,2,17,'2020-05-26','2020-05-30','Description of Property 27'),(34,'SilverStripe\\Example\\Property','2019-10-17 21:13:59','2019-10-17 21:13:59',1,'Property 28',1531.26,1,9,0,2,18,'2020-04-27','2020-05-06','Description of Property 28'),(35,'SilverStripe\\Example\\Property','2019-10-17 21:13:59','2019-10-17 21:13:59',1,'Property 29',2393.47,9,5,0,3,19,'2020-08-09','2020-08-13','Description of Property 29'),(36,'SilverStripe\\Example\\Property','2019-10-17 21:13:59','2019-10-17 21:13:59',1,'Property 30',2173.80,7,3,0,1,16,'2020-04-08','2020-04-15','Description of Property 30'),(37,'SilverStripe\\Example\\Property','2019-10-17 21:13:59','2019-10-17 21:13:59',1,'Property 31',2586.52,4,4,0,3,18,'2020-09-27','2020-10-06','Description of Property 31'),(38,'SilverStripe\\Example\\Property','2019-10-17 21:13:59','2019-10-17 21:13:59',1,'Property 32',983.70,6,1,0,2,19,'2020-02-05','2020-02-16','Description of Property 32'),(39,'SilverStripe\\Example\\Property','2019-10-17 21:13:59','2019-10-17 21:13:59',1,'Property 33',2727.60,1,8,0,3,19,'2020-06-20','2020-07-03','Description of Property 33'),(40,'SilverStripe\\Example\\Property','2019-10-17 21:13:59','2019-10-17 21:13:59',1,'Property 34',2676.68,5,8,0,3,19,'2020-04-07','2020-04-14','Description of Property 34'),(41,'SilverStripe\\Example\\Property','2019-10-17 21:13:59','2019-10-17 21:13:59',1,'Property 35',2341.94,9,5,0,2,18,'2020-02-17','2020-02-28','Description of Property 35'),(42,'SilverStripe\\Example\\Property','2019-10-17 21:13:59','2019-10-17 21:13:59',1,'Property 36',1834.75,7,6,0,3,19,'2020-01-21','2020-01-24','Description of Property 36'),(43,'SilverStripe\\Example\\Property','2019-10-17 21:13:59','2019-10-17 21:13:59',1,'Property 37',1760.48,3,6,0,1,18,'2020-02-03','2020-02-03','Description of Property 37'),(44,'SilverStripe\\Example\\Property','2019-10-17 21:13:59','2019-10-17 21:13:59',1,'Property 38',713.86,3,6,0,1,15,'2020-06-30','2020-07-06','Description of Property 38'),(45,'SilverStripe\\Example\\Property','2019-10-17 21:13:59','2019-10-17 21:13:59',1,'Property 39',149.80,8,1,0,3,15,'2020-06-02','2020-06-03','Description of Property 39'),(46,'SilverStripe\\Example\\Property','2019-10-17 21:13:59','2019-10-17 21:13:59',1,'Property 40',689.87,6,2,0,1,18,'2019-10-27','2019-10-28','Description of Property 40'),(47,'SilverStripe\\Example\\Property','2019-10-17 21:13:59','2019-10-17 21:13:59',1,'Property 41',2163.68,5,3,0,1,18,'2020-01-15','2020-01-18','Description of Property 41'),(48,'SilverStripe\\Example\\Property','2019-10-17 21:13:59','2019-10-17 21:13:59',1,'Property 42',439.52,5,3,0,3,16,'2019-12-10','2019-12-22','Description of Property 42'),(49,'SilverStripe\\Example\\Property','2019-10-17 21:13:59','2019-10-17 21:13:59',1,'Property 43',1962.85,6,9,0,1,19,'2020-10-14','2020-10-22','Description of Property 43'),(50,'SilverStripe\\Example\\Property','2019-10-17 21:13:59','2019-10-17 21:13:59',1,'Property 44',1044.64,7,7,0,1,15,'2020-04-30','2020-05-07','Description of Property 44'),(51,'SilverStripe\\Example\\Property','2019-10-17 21:13:59','2019-10-17 21:13:59',1,'Property 45',2274.86,5,3,0,3,18,'2020-06-29','2020-07-11','Description of Property 45'),(52,'SilverStripe\\Example\\Property','2019-10-17 21:13:59','2019-10-17 21:13:59',1,'Property 46',1527.69,4,4,0,3,16,'2020-09-07','2020-09-16','Description of Property 46'),(53,'SilverStripe\\Example\\Property','2019-10-17 21:13:59','2019-10-17 21:13:59',1,'Property 47',1754.13,9,8,0,2,19,'2020-02-25','2020-03-05','Description of Property 47'),(54,'SilverStripe\\Example\\Property','2019-10-17 21:13:59','2019-10-17 21:13:59',1,'Property 48',1060.28,8,9,0,2,16,'2019-11-27','2019-11-30','Description of Property 48'),(55,'SilverStripe\\Example\\Property','2019-10-17 21:13:59','2019-10-17 21:13:59',1,'Property 49',2308.00,2,8,0,1,19,'2020-04-09','2020-04-15','Description of Property 49'),(56,'SilverStripe\\Example\\Property','2019-10-17 21:13:59','2019-10-17 21:13:59',1,'Property 50',2351.90,2,6,0,2,16,'2019-11-11','2019-11-19','Description of Property 50'),(57,'SilverStripe\\Example\\Property','2019-10-17 21:13:59','2019-10-17 21:13:59',1,'Property 51',2858.93,1,5,0,1,17,'2020-09-08','2020-09-14','Description of Property 51'),(58,'SilverStripe\\Example\\Property','2019-10-17 21:13:59','2019-10-17 21:13:59',1,'Property 52',2560.13,8,5,0,1,17,'2020-01-24','2020-01-31','Description of Property 52'),(59,'SilverStripe\\Example\\Property','2019-10-17 21:13:59','2019-10-17 21:13:59',1,'Property 53',2066.30,1,1,0,1,16,'2020-06-18','2020-06-24','Description of Property 53'),(60,'SilverStripe\\Example\\Property','2019-10-17 21:13:59','2019-10-17 21:13:59',1,'Property 54',1176.22,2,6,0,2,19,'2020-04-29','2020-05-05','Description of Property 54'),(61,'SilverStripe\\Example\\Property','2019-10-17 21:13:59','2019-10-17 21:13:59',1,'Property 55',120.63,3,5,0,3,15,'2020-06-15','2020-06-15','Description of Property 55'),(62,'SilverStripe\\Example\\Property','2019-10-17 21:13:59','2019-10-17 21:13:59',1,'Property 56',1653.06,2,5,0,3,15,'2020-07-04','2020-07-15','Description of Property 56'),(63,'SilverStripe\\Example\\Property','2019-10-17 21:13:59','2019-10-17 21:13:59',1,'Property 57',2143.82,1,9,0,3,17,'2020-05-15','2020-05-28','Description of Property 57'),(64,'SilverStripe\\Example\\Property','2019-10-17 21:13:59','2019-10-17 21:13:59',1,'Property 58',2590.59,7,3,0,1,16,'2020-07-16','2020-07-22','Description of Property 58'),(65,'SilverStripe\\Example\\Property','2019-10-17 21:13:59','2019-10-17 21:13:59',1,'Property 59',2475.92,9,3,0,2,18,'2019-10-20','2019-10-25','Description of Property 59'),(66,'SilverStripe\\Example\\Property','2019-10-17 21:13:59','2019-10-17 21:13:59',1,'Property 60',2060.85,5,6,0,2,15,'2020-08-01','2020-08-09','Description of Property 60'),(67,'SilverStripe\\Example\\Property','2019-10-17 21:13:59','2019-10-17 21:13:59',1,'Property 61',1800.54,5,8,0,2,18,'2020-09-24','2020-10-07','Description of Property 61'),(68,'SilverStripe\\Example\\Property','2019-10-17 21:13:59','2019-10-17 21:13:59',1,'Property 62',1906.72,8,1,0,3,15,'2020-02-08','2020-02-20','Description of Property 62'),(69,'SilverStripe\\Example\\Property','2019-10-17 21:14:00','2019-10-17 21:14:00',1,'Property 63',535.75,4,4,0,1,18,'2020-07-16','2020-07-22','Description of Property 63'),(70,'SilverStripe\\Example\\Property','2019-10-17 21:14:00','2019-10-17 21:14:00',1,'Property 64',2805.08,3,5,0,3,15,'2020-08-03','2020-08-12','Description of Property 64'),(71,'SilverStripe\\Example\\Property','2019-10-17 21:14:00','2019-10-17 21:14:00',1,'Property 65',1608.92,4,5,0,2,16,'2020-07-13','2020-07-26','Description of Property 65'),(72,'SilverStripe\\Example\\Property','2019-10-17 21:14:00','2019-10-17 21:14:00',1,'Property 66',1577.04,6,4,0,1,16,'2020-02-06','2020-02-17','Description of Property 66'),(73,'SilverStripe\\Example\\Property','2019-10-17 21:14:00','2019-10-17 21:14:00',1,'Property 67',364.00,7,4,0,3,16,'2020-02-11','2020-02-13','Description of Property 67'),(74,'SilverStripe\\Example\\Property','2019-10-17 21:14:00','2019-10-17 21:14:00',1,'Property 68',675.22,3,9,0,3,18,'2020-06-19','2020-06-26','Description of Property 68'),(75,'SilverStripe\\Example\\Property','2019-10-17 21:14:00','2019-10-17 21:14:00',1,'Property 69',2252.53,4,7,0,2,18,'2020-03-15','2020-03-17','Description of Property 69'),(76,'SilverStripe\\Example\\Property','2019-10-17 21:14:00','2019-10-17 21:14:00',1,'Property 70',2298.35,7,1,0,2,15,'2019-10-28','2019-11-01','Description of Property 70'),(77,'SilverStripe\\Example\\Property','2019-10-17 21:14:00','2019-10-17 21:14:00',1,'Property 71',2256.38,6,1,0,1,18,'2020-09-15','2020-09-16','Description of Property 71'),(78,'SilverStripe\\Example\\Property','2019-10-17 21:14:00','2019-10-17 21:14:00',1,'Property 72',2963.54,8,4,0,2,19,'2020-04-13','2020-04-20','Description of Property 72'),(79,'SilverStripe\\Example\\Property','2019-10-17 21:14:00','2019-10-17 21:14:00',1,'Property 73',123.85,6,7,0,3,18,'2020-06-30','2020-07-06','Description of Property 73'),(80,'SilverStripe\\Example\\Property','2019-10-17 21:14:00','2019-10-17 21:14:00',1,'Property 74',2792.89,3,7,0,2,16,'2019-11-05','2019-11-13','Description of Property 74'),(81,'SilverStripe\\Example\\Property','2019-10-17 21:14:00','2019-10-17 21:14:00',1,'Property 75',1112.38,7,6,0,3,19,'2019-12-07','2019-12-16','Description of Property 75'),(82,'SilverStripe\\Example\\Property','2019-10-17 21:14:00','2019-10-17 21:14:00',1,'Property 76',793.31,6,3,0,2,15,'2020-05-03','2020-05-11','Description of Property 76'),(83,'SilverStripe\\Example\\Property','2019-10-17 21:14:00','2019-10-17 21:14:00',1,'Property 77',472.04,6,6,0,1,18,'2020-02-04','2020-02-17','Description of Property 77'),(84,'SilverStripe\\Example\\Property','2019-10-17 21:14:00','2019-10-17 21:14:00',1,'Property 78',2382.91,7,1,0,1,18,'2020-08-30','2020-08-31','Description of Property 78'),(85,'SilverStripe\\Example\\Property','2019-10-17 21:14:00','2019-10-17 21:14:00',1,'Property 79',2085.97,6,7,0,1,17,'2020-04-01','2020-04-09','Description of Property 79'),(86,'SilverStripe\\Example\\Property','2019-10-17 21:14:00','2019-10-17 21:14:00',1,'Property 80',2463.43,7,2,0,2,17,'2020-06-17','2020-06-28','Description of Property 80'),(87,'SilverStripe\\Example\\Property','2019-10-17 21:14:00','2019-10-17 21:14:00',1,'Property 81',62.65,3,6,0,1,15,'2020-10-06','2020-10-09','Description of Property 81'),(88,'SilverStripe\\Example\\Property','2019-10-17 21:14:00','2019-10-17 21:14:00',1,'Property 82',1603.42,6,4,0,3,19,'2020-08-24','2020-09-04','Description of Property 82'),(89,'SilverStripe\\Example\\Property','2019-10-17 21:14:00','2019-10-17 21:14:00',1,'Property 83',2018.65,5,7,0,3,17,'2020-02-22','2020-02-24','Description of Property 83'),(90,'SilverStripe\\Example\\Property','2019-10-17 21:14:00','2019-10-17 21:14:00',1,'Property 84',1124.42,6,7,0,1,15,'2019-12-25','2019-12-31','Description of Property 84'),(91,'SilverStripe\\Example\\Property','2019-10-17 21:14:00','2019-10-17 21:14:00',1,'Property 85',194.31,1,4,0,2,18,'2020-09-08','2020-09-21','Description of Property 85'),(92,'SilverStripe\\Example\\Property','2019-10-17 21:14:00','2019-10-17 21:14:00',1,'Property 86',1977.84,3,4,0,1,18,'2020-09-15','2020-09-17','Description of Property 86'),(93,'SilverStripe\\Example\\Property','2019-10-17 21:14:00','2019-10-17 21:14:00',1,'Property 87',146.59,1,9,0,3,15,'2020-09-03','2020-09-04','Description of Property 87'),(94,'SilverStripe\\Example\\Property','2019-10-17 21:14:00','2019-10-17 21:14:00',1,'Property 88',1505.42,9,9,0,1,15,'2020-06-16','2020-06-17','Description of Property 88'),(95,'SilverStripe\\Example\\Property','2019-10-17 21:14:00','2019-10-17 21:14:00',1,'Property 89',2276.26,6,5,0,1,18,'2020-06-23','2020-06-23','Description of Property 89'),(96,'SilverStripe\\Example\\Property','2019-10-17 21:14:00','2019-10-17 21:14:00',1,'Property 90',762.21,2,9,0,2,15,'2020-03-20','2020-04-01','Description of Property 90'),(97,'SilverStripe\\Example\\Property','2019-10-17 21:14:00','2019-10-17 21:14:00',1,'Property 91',2178.51,1,9,0,2,16,'2019-11-11','2019-11-15','Description of Property 91'),(98,'SilverStripe\\Example\\Property','2019-10-17 21:14:00','2019-10-17 21:14:00',1,'Property 92',1790.53,1,6,0,3,18,'2019-11-09','2019-11-10','Description of Property 92'),(99,'SilverStripe\\Example\\Property','2019-10-17 21:14:00','2019-10-17 21:14:00',1,'Property 93',2809.85,4,4,0,3,16,'2019-11-25','2019-12-01','Description of Property 93'),(100,'SilverStripe\\Example\\Property','2019-10-17 21:14:00','2019-10-17 21:14:00',1,'Property 94',1681.36,7,1,0,1,18,'2020-02-21','2020-03-05','Description of Property 94'),(101,'SilverStripe\\Example\\Property','2019-10-17 21:14:00','2019-10-17 21:14:00',1,'Property 95',1065.05,3,6,0,1,16,'2020-03-17','2020-03-24','Description of Property 95'),(102,'SilverStripe\\Example\\Property','2019-10-17 21:14:00','2019-10-17 21:14:00',1,'Property 96',473.87,1,7,0,2,19,'2019-10-29','2019-11-07','Description of Property 96'),(103,'SilverStripe\\Example\\Property','2019-10-17 21:14:00','2019-10-17 21:14:00',1,'Property 97',1001.78,9,5,0,1,18,'2020-09-17','2020-09-30','Description of Property 97'),(104,'SilverStripe\\Example\\Property','2019-10-17 21:14:00','2019-10-17 21:14:00',1,'Property 98',2925.24,9,9,0,1,15,'2020-04-17','2020-04-25','Description of Property 98'),(105,'SilverStripe\\Example\\Property','2019-10-17 21:14:00','2019-10-17 21:14:00',1,'Property 99',699.71,9,2,0,3,19,'2020-07-16','2020-07-18','Description of Property 99'),(106,'SilverStripe\\Example\\Property','2019-10-17 21:14:00','2019-10-17 21:14:00',1,'Property 100',83.79,3,3,0,3,19,'2020-01-11','2020-01-11','Description of Property 100'),(107,'SilverStripe\\Example\\Property','2019-10-17 21:14:00','2019-10-17 21:14:00',1,'Property 101',1157.07,1,2,0,2,19,'2020-09-19','2020-09-26','Description of Property 101'),(108,'SilverStripe\\Example\\Property','2019-10-17 21:14:00','2019-10-17 21:14:00',1,'Property 102',2269.39,4,4,0,1,15,'2020-09-17','2020-09-27','Description of Property 102'),(109,'SilverStripe\\Example\\Property','2019-10-17 21:14:00','2019-10-17 21:14:00',1,'Property 103',1526.34,1,8,0,3,17,'2020-08-14','2020-08-16','Description of Property 103'),(110,'SilverStripe\\Example\\Property','2019-10-17 21:14:00','2019-10-17 21:14:00',1,'Property 104',1093.33,2,7,0,3,17,'2020-03-02','2020-03-08','Description of Property 104'),(111,'SilverStripe\\Example\\Property','2019-10-17 21:14:00','2019-10-17 21:14:00',1,'Property 105',205.36,6,7,0,1,16,'2020-03-08','2020-03-18','Description of Property 105'),(112,'SilverStripe\\Example\\Property','2019-10-17 21:14:00','2019-10-17 21:14:00',1,'Property 106',2228.55,1,1,0,1,19,'2020-08-18','2020-08-24','Description of Property 106'),(113,'SilverStripe\\Example\\Property','2019-10-17 21:14:00','2019-10-17 21:14:00',1,'Property 107',1459.84,9,2,0,1,15,'2019-10-20','2019-11-01','Description of Property 107'),(114,'SilverStripe\\Example\\Property','2019-10-17 21:14:00','2019-10-17 21:14:00',1,'Property 108',1420.86,8,5,0,1,17,'2020-04-26','2020-04-30','Description of Property 108'),(115,'SilverStripe\\Example\\Property','2019-10-17 21:14:00','2019-10-17 21:14:00',1,'Property 109',922.84,7,6,0,3,15,'2020-05-23','2020-06-01','Description of Property 109'),(116,'SilverStripe\\Example\\Property','2019-10-17 21:14:00','2019-10-17 21:14:00',1,'Property 110',1522.80,1,5,0,2,16,'2020-03-19','2020-03-27','Description of Property 110'),(117,'SilverStripe\\Example\\Property','2019-10-17 21:14:00','2019-10-17 21:14:00',1,'Property 111',1531.11,8,6,0,2,15,'2020-02-09','2020-02-09','Description of Property 111'),(118,'SilverStripe\\Example\\Property','2019-10-17 21:14:00','2019-10-17 21:14:00',1,'Property 112',751.21,1,4,0,3,18,'2020-02-06','2020-02-09','Description of Property 112'),(119,'SilverStripe\\Example\\Property','2019-10-17 21:14:00','2019-10-17 21:14:00',1,'Property 113',1820.12,8,5,0,3,18,'2020-05-18','2020-05-20','Description of Property 113'),(120,'SilverStripe\\Example\\Property','2019-10-17 21:14:00','2019-10-17 21:14:00',1,'Property 114',935.14,2,2,0,3,17,'2019-10-21','2019-10-23','Description of Property 114'),(121,'SilverStripe\\Example\\Property','2019-10-17 21:14:00','2019-10-17 21:14:00',1,'Property 115',2294.24,2,6,0,3,17,'2020-02-03','2020-02-07','Description of Property 115'),(122,'SilverStripe\\Example\\Property','2019-10-17 21:14:00','2019-10-17 21:14:00',1,'Property 116',667.32,7,8,0,1,18,'2020-04-01','2020-04-02','Description of Property 116'),(123,'SilverStripe\\Example\\Property','2019-10-17 21:14:00','2019-10-17 21:14:00',1,'Property 117',2390.08,8,6,0,3,16,'2020-03-08','2020-03-16','Description of Property 117'),(124,'SilverStripe\\Example\\Property','2019-10-17 21:14:00','2019-10-17 21:14:00',1,'Property 118',607.23,8,8,0,2,16,'2020-05-17','2020-05-26','Description of Property 118'),(125,'SilverStripe\\Example\\Property','2019-10-17 21:14:00','2019-10-17 21:14:00',1,'Property 119',2582.13,2,2,0,1,18,'2020-07-14','2020-07-20','Description of Property 119'),(126,'SilverStripe\\Example\\Property','2019-10-17 21:14:00','2019-10-17 21:14:00',1,'Property 120',537.25,5,1,0,2,16,'2020-10-01','2020-10-06','Description of Property 120'),(127,'SilverStripe\\Example\\Property','2019-10-17 21:14:00','2019-10-17 21:14:00',1,'Property 121',191.27,6,9,0,3,17,'2020-05-11','2020-05-19','Description of Property 121'),(128,'SilverStripe\\Example\\Property','2019-10-17 21:14:00','2019-10-17 21:14:00',1,'Property 122',1520.93,3,8,0,2,15,'2020-09-29','2020-10-09','Description of Property 122'),(129,'SilverStripe\\Example\\Property','2019-10-17 21:14:00','2019-10-17 21:14:00',1,'Property 123',2489.08,8,8,0,2,17,'2019-11-12','2019-11-25','Description of Property 123'),(130,'SilverStripe\\Example\\Property','2019-10-17 21:14:00','2019-10-17 21:14:00',1,'Property 124',1159.35,6,8,0,2,15,'2020-04-13','2020-04-19','Description of Property 124'),(131,'SilverStripe\\Example\\Property','2019-10-17 21:14:00','2019-10-17 21:14:00',1,'Property 125',2296.15,6,6,0,2,18,'2020-01-12','2020-01-18','Description of Property 125'),(132,'SilverStripe\\Example\\Property','2019-10-17 21:14:00','2019-10-17 21:14:00',1,'Property 126',2095.65,5,4,0,3,15,'2020-07-04','2020-07-04','Description of Property 126'),(133,'SilverStripe\\Example\\Property','2019-10-17 21:14:00','2019-10-17 21:14:00',1,'Property 127',2424.20,5,9,0,2,15,'2020-08-25','2020-09-05','Description of Property 127'),(134,'SilverStripe\\Example\\Property','2019-10-17 21:14:00','2019-10-17 21:14:00',1,'Property 128',1804.49,5,6,0,2,16,'2019-12-08','2019-12-08','Description of Property 128'),(135,'SilverStripe\\Example\\Property','2019-10-17 21:14:00','2019-10-17 21:14:00',1,'Property 129',2036.93,2,1,0,2,19,'2019-12-08','2019-12-17','Description of Property 129'),(136,'SilverStripe\\Example\\Property','2019-10-17 21:14:00','2019-10-17 21:14:00',1,'Property 130',2826.49,8,3,0,3,17,'2020-01-27','2020-01-28','Description of Property 130'),(137,'SilverStripe\\Example\\Property','2019-10-17 21:14:00','2019-10-17 21:14:00',1,'Property 131',1752.25,6,4,0,1,19,'2020-10-05','2020-10-13','Description of Property 131'),(138,'SilverStripe\\Example\\Property','2019-10-17 21:14:00','2019-10-17 21:14:00',1,'Property 132',1279.80,6,9,0,3,19,'2019-10-21','2019-11-01','Description of Property 132'),(139,'SilverStripe\\Example\\Property','2019-10-17 21:14:00','2019-10-17 21:14:00',1,'Property 133',2061.00,6,2,0,1,17,'2019-12-07','2019-12-09','Description of Property 133'),(140,'SilverStripe\\Example\\Property','2019-10-17 21:14:00','2019-10-17 21:14:00',1,'Property 134',631.80,6,7,0,3,16,'2020-06-18','2020-06-26','Description of Property 134'),(141,'SilverStripe\\Example\\Property','2019-10-17 21:14:00','2019-10-17 21:14:00',1,'Property 135',776.36,4,4,0,3,17,'2020-09-22','2020-09-26','Description of Property 135'),(142,'SilverStripe\\Example\\Property','2019-10-17 21:14:00','2019-10-17 21:14:00',1,'Property 136',798.37,8,2,0,2,16,'2020-06-12','2020-06-23','Description of Property 136'),(143,'SilverStripe\\Example\\Property','2019-10-17 21:14:00','2019-10-17 21:14:00',1,'Property 137',1090.77,9,7,0,2,19,'2020-04-05','2020-04-05','Description of Property 137'),(144,'SilverStripe\\Example\\Property','2019-10-17 21:14:00','2019-10-17 21:14:00',1,'Property 138',2239.12,9,7,0,3,18,'2020-03-02','2020-03-13','Description of Property 138'),(145,'SilverStripe\\Example\\Property','2019-10-17 21:14:00','2019-10-17 21:14:00',1,'Property 139',2491.13,3,7,0,3,15,'2020-04-07','2020-04-20','Description of Property 139'),(146,'SilverStripe\\Example\\Property','2019-10-17 21:14:00','2019-10-17 21:14:00',1,'Property 140',767.49,7,8,0,1,19,'2020-01-15','2020-01-21','Description of Property 140'),(147,'SilverStripe\\Example\\Property','2019-10-17 21:14:00','2019-10-17 21:14:00',1,'Property 141',1998.40,3,5,0,3,17,'2020-08-06','2020-08-10','Description of Property 141'),(148,'SilverStripe\\Example\\Property','2019-10-17 21:14:00','2019-10-17 21:14:00',1,'Property 142',334.85,9,3,0,3,16,'2020-01-30','2020-01-31','Description of Property 142'),(149,'SilverStripe\\Example\\Property','2019-10-17 21:14:00','2019-10-17 21:14:00',1,'Property 143',2789.37,7,9,0,2,18,'2019-10-23','2019-11-03','Description of Property 143'),(150,'SilverStripe\\Example\\Property','2019-10-17 21:14:00','2019-10-17 21:14:00',1,'Property 144',700.76,8,5,0,3,15,'2020-01-06','2020-01-14','Description of Property 144'),(151,'SilverStripe\\Example\\Property','2019-10-17 21:14:00','2019-10-17 21:14:00',1,'Property 145',2204.23,4,7,0,2,17,'2019-11-07','2019-11-17','Description of Property 145'),(152,'SilverStripe\\Example\\Property','2019-10-17 21:14:00','2019-10-17 21:14:00',1,'Property 146',1550.04,3,9,0,3,15,'2020-05-31','2020-06-11','Description of Property 146'),(153,'SilverStripe\\Example\\Property','2019-10-17 21:14:00','2019-10-17 21:14:00',1,'Property 147',1738.33,3,7,0,2,18,'2020-09-22','2020-09-22','Description of Property 147'),(154,'SilverStripe\\Example\\Property','2019-10-17 21:14:00','2019-10-17 21:14:00',1,'Property 148',1826.36,1,6,0,3,15,'2020-08-08','2020-08-14','Description of Property 148'),(155,'SilverStripe\\Example\\Property','2019-10-17 21:14:00','2019-10-17 21:14:00',1,'Property 149',360.36,5,1,0,3,18,'2020-01-15','2020-01-19','Description of Property 149'),(156,'SilverStripe\\Example\\Property','2019-10-17 21:14:00','2019-10-17 21:14:00',1,'Property 150',2578.70,4,6,0,3,15,'2020-08-03','2020-08-04','Description of Property 150'),(157,'SilverStripe\\Example\\Property','2019-10-17 21:14:00','2019-10-17 21:14:00',1,'Property 151',2367.26,8,9,0,1,19,'2020-01-15','2020-01-23','Description of Property 151'),(158,'SilverStripe\\Example\\Property','2019-10-17 21:14:00','2019-10-17 21:14:00',1,'Property 152',1041.06,8,9,0,1,17,'2020-08-17','2020-08-25','Description of Property 152'),(159,'SilverStripe\\Example\\Property','2019-10-17 21:14:00','2019-10-17 21:14:00',1,'Property 153',1972.54,8,2,0,1,19,'2020-03-28','2020-03-31','Description of Property 153'),(160,'SilverStripe\\Example\\Property','2019-10-17 21:14:00','2019-10-17 21:14:00',1,'Property 154',1923.36,5,7,0,3,16,'2020-07-04','2020-07-10','Description of Property 154'),(161,'SilverStripe\\Example\\Property','2019-10-17 21:14:00','2019-10-17 21:14:00',1,'Property 155',979.51,4,9,0,2,15,'2020-01-13','2020-01-21','Description of Property 155'),(162,'SilverStripe\\Example\\Property','2019-10-17 21:14:00','2019-10-17 21:14:00',1,'Property 156',1353.29,2,3,0,3,19,'2019-11-09','2019-11-16','Description of Property 156'),(163,'SilverStripe\\Example\\Property','2019-10-17 21:14:00','2019-10-17 21:14:00',1,'Property 157',285.47,4,9,0,1,19,'2020-05-16','2020-05-16','Description of Property 157'),(164,'SilverStripe\\Example\\Property','2019-10-17 21:14:00','2019-10-17 21:14:00',1,'Property 158',1170.17,3,3,0,2,15,'2020-07-07','2020-07-14','Description of Property 158'),(165,'SilverStripe\\Example\\Property','2019-10-17 21:14:00','2019-10-17 21:14:00',1,'Property 159',2084.89,9,7,0,3,16,'2020-08-29','2020-09-04','Description of Property 159'),(166,'SilverStripe\\Example\\Property','2019-10-17 21:14:00','2019-10-17 21:14:00',1,'Property 160',555.38,2,2,0,2,16,'2019-12-19','2019-12-29','Description of Property 160'),(167,'SilverStripe\\Example\\Property','2019-10-17 21:14:00','2019-10-17 21:14:00',1,'Property 161',255.76,3,9,0,1,16,'2020-01-17','2020-01-21','Description of Property 161'),(168,'SilverStripe\\Example\\Property','2019-10-17 21:14:00','2019-10-17 21:14:00',1,'Property 162',783.58,5,6,0,2,18,'2020-07-16','2020-07-20','Description of Property 162'),(169,'SilverStripe\\Example\\Property','2019-10-17 21:14:00','2019-10-17 21:14:00',1,'Property 163',2536.56,3,7,0,3,17,'2020-10-10','2020-10-18','Description of Property 163'),(170,'SilverStripe\\Example\\Property','2019-10-17 21:14:00','2019-10-17 21:14:00',1,'Property 164',2569.93,6,6,0,1,16,'2020-06-19','2020-06-20','Description of Property 164'),(171,'SilverStripe\\Example\\Property','2019-10-17 21:14:00','2019-10-17 21:14:00',1,'Property 165',459.78,5,3,0,3,19,'2020-03-16','2020-03-27','Description of Property 165'),(172,'SilverStripe\\Example\\Property','2019-10-17 21:14:00','2019-10-17 21:14:00',1,'Property 166',977.08,1,3,0,2,17,'2019-11-04','2019-11-15','Description of Property 166'),(173,'SilverStripe\\Example\\Property','2019-10-17 21:14:00','2019-10-17 21:14:00',1,'Property 167',2371.09,6,5,0,1,17,'2019-10-18','2019-10-27','Description of Property 167'),(174,'SilverStripe\\Example\\Property','2019-10-17 21:14:00','2019-10-17 21:14:00',1,'Property 168',572.60,5,2,0,1,17,'2020-08-26','2020-09-07','Description of Property 168'),(175,'SilverStripe\\Example\\Property','2019-10-17 21:14:00','2019-10-17 21:14:00',1,'Property 169',367.42,9,2,0,1,16,'2020-02-02','2020-02-06','Description of Property 169'),(176,'SilverStripe\\Example\\Property','2019-10-17 21:14:00','2019-10-17 21:14:00',1,'Property 170',2001.36,6,3,0,2,15,'2020-09-09','2020-09-09','Description of Property 170'),(177,'SilverStripe\\Example\\Property','2019-10-17 21:14:00','2019-10-17 21:14:00',1,'Property 171',1620.67,3,6,0,2,19,'2020-05-24','2020-05-28','Description of Property 171'),(178,'SilverStripe\\Example\\Property','2019-10-17 21:14:00','2019-10-17 21:14:00',1,'Property 172',1809.36,2,2,0,1,19,'2020-02-10','2020-02-15','Description of Property 172'),(179,'SilverStripe\\Example\\Property','2019-10-17 21:14:00','2019-10-17 21:14:00',1,'Property 173',937.70,8,3,0,3,17,'2020-07-27','2020-08-08','Description of Property 173'),(180,'SilverStripe\\Example\\Property','2019-10-17 21:14:00','2019-10-17 21:14:00',1,'Property 174',2789.17,2,8,0,3,19,'2020-09-21','2020-09-24','Description of Property 174'),(181,'SilverStripe\\Example\\Property','2019-10-17 21:14:00','2019-10-17 21:14:00',1,'Property 175',1413.95,8,9,0,1,16,'2020-02-14','2020-02-23','Description of Property 175'),(182,'SilverStripe\\Example\\Property','2019-10-17 21:14:00','2019-10-17 21:14:00',1,'Property 176',1059.94,9,5,0,2,18,'2020-08-21','2020-08-28','Description of Property 176'),(183,'SilverStripe\\Example\\Property','2019-10-17 21:14:00','2019-10-17 21:14:00',1,'Property 177',1871.04,1,2,0,3,15,'2020-01-17','2020-01-28','Description of Property 177'),(184,'SilverStripe\\Example\\Property','2019-10-17 21:14:00','2019-10-17 21:14:00',1,'Property 178',1020.46,6,1,0,1,15,'2020-07-02','2020-07-06','Description of Property 178'),(185,'SilverStripe\\Example\\Property','2019-10-17 21:14:00','2019-10-17 21:14:00',1,'Property 179',713.72,5,1,0,3,18,'2020-08-02','2020-08-06','Description of Property 179'),(186,'SilverStripe\\Example\\Property','2019-10-17 21:14:00','2019-10-17 21:14:00',1,'Property 180',2766.74,6,4,0,1,15,'2020-08-18','2020-08-26','Description of Property 180'),(187,'SilverStripe\\Example\\Property','2019-10-17 21:14:00','2019-10-17 21:14:00',1,'Property 181',2110.76,2,7,0,3,18,'2020-08-08','2020-08-09','Description of Property 181'),(188,'SilverStripe\\Example\\Property','2019-10-17 21:14:00','2019-10-17 21:14:00',1,'Property 182',1803.61,9,7,0,1,16,'2020-04-29','2020-05-08','Description of Property 182'),(189,'SilverStripe\\Example\\Property','2019-10-17 21:14:00','2019-10-17 21:14:00',1,'Property 183',215.79,4,1,0,3,17,'2020-01-11','2020-01-11','Description of Property 183'),(190,'SilverStripe\\Example\\Property','2019-10-17 21:14:00','2019-10-17 21:14:00',1,'Property 184',1355.45,7,1,0,2,18,'2020-05-15','2020-05-16','Description of Property 184'),(191,'SilverStripe\\Example\\Property','2019-10-17 21:14:00','2019-10-17 21:14:00',1,'Property 185',250.04,4,8,0,1,19,'2019-12-22','2019-12-27','Description of Property 185'),(192,'SilverStripe\\Example\\Property','2019-10-17 21:14:00','2019-10-17 21:14:00',1,'Property 186',1482.85,5,2,0,1,19,'2019-12-19','2019-12-28','Description of Property 186'),(193,'SilverStripe\\Example\\Property','2019-10-17 21:14:00','2019-10-17 21:14:00',1,'Property 187',2839.60,8,3,0,3,18,'2020-02-08','2020-02-11','Description of Property 187'),(194,'SilverStripe\\Example\\Property','2019-10-17 21:14:00','2019-10-17 21:14:00',1,'Property 188',2332.38,7,6,0,2,18,'2019-11-02','2019-11-04','Description of Property 188'),(195,'SilverStripe\\Example\\Property','2019-10-17 21:14:00','2019-10-17 21:14:00',1,'Property 189',1239.24,7,2,0,3,16,'2020-01-27','2020-01-28','Description of Property 189'),(196,'SilverStripe\\Example\\Property','2019-10-17 21:14:00','2019-10-17 21:14:00',1,'Property 190',1863.32,2,8,0,2,17,'2020-01-24','2020-01-26','Description of Property 190'),(197,'SilverStripe\\Example\\Property','2019-10-17 21:14:00','2019-10-17 21:14:00',1,'Property 191',2106.41,1,1,0,2,19,'2020-04-20','2020-04-25','Description of Property 191'),(198,'SilverStripe\\Example\\Property','2019-10-17 21:14:00','2019-10-17 21:14:00',1,'Property 192',2525.16,7,1,0,1,17,'2020-07-11','2020-07-17','Description of Property 192'),(199,'SilverStripe\\Example\\Property','2019-10-17 21:14:00','2019-10-17 21:14:00',1,'Property 193',608.31,4,4,0,2,15,'2019-12-07','2019-12-08','Description of Property 193'),(200,'SilverStripe\\Example\\Property','2019-10-17 21:14:00','2019-10-17 21:14:00',1,'Property 194',847.92,3,6,0,1,18,'2020-04-15','2020-04-16','Description of Property 194'),(201,'SilverStripe\\Example\\Property','2019-10-17 21:14:00','2019-10-17 21:14:00',1,'Property 195',2905.09,9,7,0,3,16,'2019-11-08','2019-11-11','Description of Property 195'),(202,'SilverStripe\\Example\\Property','2019-10-17 21:14:00','2019-10-17 21:14:00',1,'Property 196',2466.27,9,4,0,3,17,'2020-08-10','2020-08-21','Description of Property 196'),(203,'SilverStripe\\Example\\Property','2019-10-17 21:14:00','2019-10-17 21:14:00',1,'Property 197',2862.72,2,7,0,2,19,'2020-09-09','2020-09-14','Description of Property 197'),(204,'SilverStripe\\Example\\Property','2019-10-17 21:14:00','2019-10-17 21:14:00',1,'Property 198',1008.28,8,2,0,2,16,'2019-11-03','2019-11-10','Description of Property 198'),(205,'SilverStripe\\Example\\Property','2019-10-17 21:14:00','2019-10-17 21:14:00',1,'Property 199',1378.48,3,3,0,2,16,'2020-04-28','2020-05-06','Description of Property 199'),(206,'SilverStripe\\Example\\Property','2019-10-17 21:14:00','2019-10-17 21:14:00',1,'Property 200',952.14,6,9,0,3,17,'2020-04-22','2020-04-28','Description of Property 200'),(207,'SilverStripe\\Example\\Property','2019-10-17 21:14:00','2019-10-17 21:14:00',1,'Property 201',1927.61,9,6,0,2,18,'2020-10-10','2020-10-14','Description of Property 201');
/*!40000 ALTER TABLE `SilverStripe_Example_Property_Live` ENABLE KEYS */;
UNLOCK TABLES;

--
-- Table structure for table `SilverStripe_Example_Property_Versions`
--

DROP TABLE IF EXISTS `SilverStripe_Example_Property_Versions`;
/*!40101 SET @saved_cs_client     = @@character_set_client */;
/*!40101 SET character_set_client = utf8 */;
CREATE TABLE `SilverStripe_Example_Property_Versions` (
  `ID` int(11) NOT NULL AUTO_INCREMENT,
  `RecordID` int(11) NOT NULL DEFAULT '0',
  `Version` int(11) NOT NULL DEFAULT '0',
  `WasPublished` tinyint(1) unsigned NOT NULL DEFAULT '0',
  `WasDeleted` tinyint(1) unsigned NOT NULL DEFAULT '0',
  `WasDraft` tinyint(1) unsigned NOT NULL DEFAULT '0',
  `AuthorID` int(11) NOT NULL DEFAULT '0',
  `PublisherID` int(11) NOT NULL DEFAULT '0',
  `ClassName` enum('SilverStripe\\Example\\Property') DEFAULT 'SilverStripe\\Example\\Property',
  `LastEdited` datetime DEFAULT NULL,
  `Created` datetime DEFAULT NULL,
  `Title` varchar(255) DEFAULT NULL,
  `PricePerNight` decimal(9,2) NOT NULL DEFAULT '0.00',
  `Bedrooms` int(11) NOT NULL DEFAULT '0',
  `Bathrooms` int(11) NOT NULL DEFAULT '0',
  `FeaturedOnHomepage` tinyint(1) unsigned NOT NULL DEFAULT '0',
  `RegionID` int(11) NOT NULL DEFAULT '0',
  `PrimaryPhotoID` int(11) NOT NULL DEFAULT '0',
  `AvailableStart` date DEFAULT NULL,
  `AvailableEnd` date DEFAULT NULL,
  `Description` mediumtext,
  PRIMARY KEY (`ID`),
  KEY `RecordID_Version` (`RecordID`,`Version`),
  KEY `RecordID` (`RecordID`),
  KEY `Version` (`Version`),
  KEY `AuthorID` (`AuthorID`),
  KEY `PublisherID` (`PublisherID`),
  KEY `ClassName` (`ClassName`),
  KEY `RegionID` (`RegionID`),
  KEY `PrimaryPhotoID` (`PrimaryPhotoID`)
) ENGINE=InnoDB AUTO_INCREMENT=216 DEFAULT CHARSET=utf8;
/*!40101 SET character_set_client = @saved_cs_client */;

--
-- Dumping data for table `SilverStripe_Example_Property_Versions`
--

LOCK TABLES `SilverStripe_Example_Property_Versions` WRITE;
/*!40000 ALTER TABLE `SilverStripe_Example_Property_Versions` DISABLE KEYS */;
INSERT INTO `SilverStripe_Example_Property_Versions` VALUES (1,1,1,0,0,1,1,0,'SilverStripe\\Example\\Property','2019-10-17 22:04:30','2019-10-17 22:04:30','Luxury Apartment with great views',0.00,4,3,1,4,15,'2020-02-02','2020-02-14',NULL),(2,1,2,1,0,1,1,1,'SilverStripe\\Example\\Property','2019-10-17 22:04:30','2019-10-17 22:04:30','Luxury Apartment with great views',0.00,4,3,1,4,15,'2020-02-02','2020-02-14',NULL),(3,1,3,0,0,1,1,0,'SilverStripe\\Example\\Property','2019-10-17 22:05:17','2019-10-17 22:04:30','Luxury Apartment with great views',950.00,4,3,1,4,15,'2020-02-02','2020-02-14',NULL),(4,1,4,1,0,1,1,1,'SilverStripe\\Example\\Property','2019-10-17 22:05:17','2019-10-17 22:04:30','Luxury Apartment with great views',950.00,4,3,1,4,15,'2019-10-31','2019-11-05',NULL),(5,2,1,0,0,1,1,0,'SilverStripe\\Example\\Property','2019-10-17 22:06:25','2019-10-17 22:06:25','Stunning Villa with 5 bedrooms',1300.00,5,2,1,1,16,'2020-01-27','2020-01-28',NULL),(6,2,2,1,0,1,1,1,'SilverStripe\\Example\\Property','2019-10-17 22:06:26','2019-10-17 22:06:25','Stunning Villa with 5 bedrooms',1300.00,5,2,1,1,16,'2020-04-20','2020-05-02',NULL),(7,3,1,0,0,1,1,0,'SilverStripe\\Example\\Property','2019-10-17 22:08:41','2019-10-17 22:08:41','Recent construction with 3 bedrooms',560.00,3,2,1,2,17,'2020-04-19','2020-05-01',NULL),(8,3,2,1,0,1,1,1,'SilverStripe\\Example\\Property','2019-10-17 22:08:41','2019-10-17 22:08:41','Recent construction with 3 bedrooms',560.00,3,2,1,2,17,'2020-03-19','2020-03-24',NULL),(9,4,1,0,0,1,1,0,'SilverStripe\\Example\\Property','2019-10-17 22:10:18','2019-10-17 22:10:18','Modern construction with parking space',85.00,1,2,1,1,18,'2020-06-28','2020-06-28',NULL),(10,4,2,1,0,1,1,1,'SilverStripe\\Example\\Property','2019-10-17 22:10:18','2019-10-17 22:10:18','Modern construction with parking space',85.00,1,2,1,1,18,'2020-05-19','2020-05-21',NULL),(11,5,1,0,0,1,1,0,'SilverStripe\\Example\\Property','2019-10-17 22:11:40','2019-10-17 22:11:40','Single Family Townhouse',840.00,2,2,1,4,19,'2020-10-05','2020-10-12',NULL),(12,5,2,1,0,1,1,1,'SilverStripe\\Example\\Property','2019-10-17 22:11:40','2019-10-17 22:11:40','Single Family Townhouse',840.00,2,2,1,4,19,'2020-06-19','2020-06-29',NULL),(13,6,1,0,0,1,1,0,'SilverStripe\\Example\\Property','2019-10-17 22:12:41','2019-10-17 22:12:41','3 bedroom villa with garage for rent',150.00,3,2,1,2,20,'2020-07-20','2020-07-29',NULL),(14,6,2,1,0,1,1,1,'SilverStripe\\Example\\Property','2019-10-17 22:12:42','2019-10-17 22:12:41','3 bedroom villa with garage for rent',150.00,3,2,1,2,20,'2020-05-23','2020-05-27',NULL),(15,7,1,1,0,0,1,1,'SilverStripe\\Example\\Property','2019-10-17 21:13:59','2019-10-17 21:13:59','Property 1',667.00,3,5,0,3,16,'2020-10-06','2020-10-08','Description of Property 1'),(16,8,1,1,0,0,1,1,'SilverStripe\\Example\\Property','2019-10-17 21:13:59','2019-10-17 21:13:59','Property 2',1546.21,7,8,0,1,15,'2019-11-12','2019-11-13','Description of Property 2'),(17,9,1,1,0,0,1,1,'SilverStripe\\Example\\Property','2019-10-17 21:13:59','2019-10-17 21:13:59','Property 3',878.08,1,3,0,1,15,'2020-03-22','2020-04-04','Description of Property 3'),(18,10,1,1,0,0,1,1,'SilverStripe\\Example\\Property','2019-10-17 21:13:59','2019-10-17 21:13:59','Property 4',2395.03,8,7,0,1,16,'2020-09-25','2020-10-01','Description of Property 4'),(19,11,1,1,0,0,1,1,'SilverStripe\\Example\\Property','2019-10-17 21:13:59','2019-10-17 21:13:59','Property 5',946.38,6,9,0,1,19,'2020-03-16','2020-03-21','Description of Property 5'),(20,12,1,1,0,0,1,1,'SilverStripe\\Example\\Property','2019-10-17 21:13:59','2019-10-17 21:13:59','Property 6',117.81,4,9,0,2,15,'2020-01-15','2020-01-22','Description of Property 6'),(21,13,1,1,0,0,1,1,'SilverStripe\\Example\\Property','2019-10-17 21:13:59','2019-10-17 21:13:59','Property 7',253.87,3,2,0,1,18,'2020-10-12','2020-10-19','Description of Property 7'),(22,14,1,1,0,0,1,1,'SilverStripe\\Example\\Property','2019-10-17 21:13:59','2019-10-17 21:13:59','Property 8',1081.98,6,3,0,1,18,'2019-12-29','2019-12-30','Description of Property 8'),(23,15,1,1,0,0,1,1,'SilverStripe\\Example\\Property','2019-10-17 21:13:59','2019-10-17 21:13:59','Property 9',636.44,2,4,0,1,18,'2019-10-31','2019-11-13','Description of Property 9'),(24,16,1,1,0,0,1,1,'SilverStripe\\Example\\Property','2019-10-17 21:13:59','2019-10-17 21:13:59','Property 10',673.15,8,6,0,2,16,'2020-05-20','2020-05-24','Description of Property 10'),(25,17,1,1,0,0,1,1,'SilverStripe\\Example\\Property','2019-10-17 21:13:59','2019-10-17 21:13:59','Property 11',836.15,6,4,0,1,15,'2020-08-19','2020-08-31','Description of Property 11'),(26,18,1,1,0,0,1,1,'SilverStripe\\Example\\Property','2019-10-17 21:13:59','2019-10-17 21:13:59','Property 12',2252.69,2,5,0,3,16,'2020-03-23','2020-03-27','Description of Property 12'),(27,19,1,1,0,0,1,1,'SilverStripe\\Example\\Property','2019-10-17 21:13:59','2019-10-17 21:13:59','Property 13',1776.53,1,6,0,1,15,'2020-06-06','2020-06-18','Description of Property 13'),(28,20,1,1,0,0,1,1,'SilverStripe\\Example\\Property','2019-10-17 21:13:59','2019-10-17 21:13:59','Property 14',2476.61,6,4,0,1,17,'2020-09-06','2020-09-16','Description of Property 14'),(29,21,1,1,0,0,1,1,'SilverStripe\\Example\\Property','2019-10-17 21:13:59','2019-10-17 21:13:59','Property 15',310.61,9,6,0,1,17,'2020-04-30','2020-05-11','Description of Property 15'),(30,22,1,1,0,0,1,1,'SilverStripe\\Example\\Property','2019-10-17 21:13:59','2019-10-17 21:13:59','Property 16',1281.25,7,4,0,3,18,'2019-10-20','2019-11-02','Description of Property 16'),(31,23,1,1,0,0,1,1,'SilverStripe\\Example\\Property','2019-10-17 21:13:59','2019-10-17 21:13:59','Property 17',515.03,9,1,0,3,16,'2020-03-21','2020-03-24','Description of Property 17'),(32,24,1,1,0,0,1,1,'SilverStripe\\Example\\Property','2019-10-17 21:13:59','2019-10-17 21:13:59','Property 18',320.58,7,4,0,3,17,'2019-11-26','2019-12-02','Description of Property 18'),(33,25,1,1,0,0,1,1,'SilverStripe\\Example\\Property','2019-10-17 21:13:59','2019-10-17 21:13:59','Property 19',2955.35,2,8,0,3,17,'2020-01-24','2020-01-30','Description of Property 19'),(34,26,1,1,0,0,1,1,'SilverStripe\\Example\\Property','2019-10-17 21:13:59','2019-10-17 21:13:59','Property 20',1193.11,2,8,0,2,18,'2019-10-24','2019-11-06','Description of Property 20'),(35,27,1,1,0,0,1,1,'SilverStripe\\Example\\Property','2019-10-17 21:13:59','2019-10-17 21:13:59','Property 21',737.39,3,7,0,3,17,'2020-01-31','2020-02-07','Description of Property 21'),(36,28,1,1,0,0,1,1,'SilverStripe\\Example\\Property','2019-10-17 21:13:59','2019-10-17 21:13:59','Property 22',1622.97,1,5,0,1,19,'2020-03-07','2020-03-15','Description of Property 22'),(37,29,1,1,0,0,1,1,'SilverStripe\\Example\\Property','2019-10-17 21:13:59','2019-10-17 21:13:59','Property 23',2598.97,5,1,0,3,17,'2019-11-12','2019-11-17','Description of Property 23'),(38,30,1,1,0,0,1,1,'SilverStripe\\Example\\Property','2019-10-17 21:13:59','2019-10-17 21:13:59','Property 24',2744.15,3,8,0,2,16,'2019-12-27','2019-12-31','Description of Property 24'),(39,31,1,1,0,0,1,1,'SilverStripe\\Example\\Property','2019-10-17 21:13:59','2019-10-17 21:13:59','Property 25',375.14,8,7,0,2,18,'2020-07-17','2020-07-21','Description of Property 25'),(40,32,1,1,0,0,1,1,'SilverStripe\\Example\\Property','2019-10-17 21:13:59','2019-10-17 21:13:59','Property 26',1950.27,8,4,0,2,16,'2019-12-19','2019-12-28','Description of Property 26'),(41,33,1,1,0,0,1,1,'SilverStripe\\Example\\Property','2019-10-17 21:13:59','2019-10-17 21:13:59','Property 27',1092.07,6,8,0,2,17,'2020-05-26','2020-05-30','Description of Property 27'),(42,34,1,1,0,0,1,1,'SilverStripe\\Example\\Property','2019-10-17 21:13:59','2019-10-17 21:13:59','Property 28',1531.26,1,9,0,2,18,'2020-04-27','2020-05-06','Description of Property 28'),(43,35,1,1,0,0,1,1,'SilverStripe\\Example\\Property','2019-10-17 21:13:59','2019-10-17 21:13:59','Property 29',2393.47,9,5,0,3,19,'2020-08-09','2020-08-13','Description of Property 29'),(44,36,1,1,0,0,1,1,'SilverStripe\\Example\\Property','2019-10-17 21:13:59','2019-10-17 21:13:59','Property 30',2173.80,7,3,0,1,16,'2020-04-08','2020-04-15','Description of Property 30'),(45,37,1,1,0,0,1,1,'SilverStripe\\Example\\Property','2019-10-17 21:13:59','2019-10-17 21:13:59','Property 31',2586.52,4,4,0,3,18,'2020-09-27','2020-10-06','Description of Property 31'),(46,38,1,1,0,0,1,1,'SilverStripe\\Example\\Property','2019-10-17 21:13:59','2019-10-17 21:13:59','Property 32',983.70,6,1,0,2,19,'2020-02-05','2020-02-16','Description of Property 32'),(47,39,1,1,0,0,1,1,'SilverStripe\\Example\\Property','2019-10-17 21:13:59','2019-10-17 21:13:59','Property 33',2727.60,1,8,0,3,19,'2020-06-20','2020-07-03','Description of Property 33'),(48,40,1,1,0,0,1,1,'SilverStripe\\Example\\Property','2019-10-17 21:13:59','2019-10-17 21:13:59','Property 34',2676.68,5,8,0,3,19,'2020-04-07','2020-04-14','Description of Property 34'),(49,41,1,1,0,0,1,1,'SilverStripe\\Example\\Property','2019-10-17 21:13:59','2019-10-17 21:13:59','Property 35',2341.94,9,5,0,2,18,'2020-02-17','2020-02-28','Description of Property 35'),(50,42,1,1,0,0,1,1,'SilverStripe\\Example\\Property','2019-10-17 21:13:59','2019-10-17 21:13:59','Property 36',1834.75,7,6,0,3,19,'2020-01-21','2020-01-24','Description of Property 36'),(51,43,1,1,0,0,1,1,'SilverStripe\\Example\\Property','2019-10-17 21:13:59','2019-10-17 21:13:59','Property 37',1760.48,3,6,0,1,18,'2020-02-03','2020-02-03','Description of Property 37'),(52,44,1,1,0,0,1,1,'SilverStripe\\Example\\Property','2019-10-17 21:13:59','2019-10-17 21:13:59','Property 38',713.86,3,6,0,1,15,'2020-06-30','2020-07-06','Description of Property 38'),(53,45,1,1,0,0,1,1,'SilverStripe\\Example\\Property','2019-10-17 21:13:59','2019-10-17 21:13:59','Property 39',149.80,8,1,0,3,15,'2020-06-02','2020-06-03','Description of Property 39'),(54,46,1,1,0,0,1,1,'SilverStripe\\Example\\Property','2019-10-17 21:13:59','2019-10-17 21:13:59','Property 40',689.87,6,2,0,1,18,'2019-10-27','2019-10-28','Description of Property 40'),(55,47,1,1,0,0,1,1,'SilverStripe\\Example\\Property','2019-10-17 21:13:59','2019-10-17 21:13:59','Property 41',2163.68,5,3,0,1,18,'2020-01-15','2020-01-18','Description of Property 41'),(56,48,1,1,0,0,1,1,'SilverStripe\\Example\\Property','2019-10-17 21:13:59','2019-10-17 21:13:59','Property 42',439.52,5,3,0,3,16,'2019-12-10','2019-12-22','Description of Property 42'),(57,49,1,1,0,0,1,1,'SilverStripe\\Example\\Property','2019-10-17 21:13:59','2019-10-17 21:13:59','Property 43',1962.85,6,9,0,1,19,'2020-10-14','2020-10-22','Description of Property 43'),(58,50,1,1,0,0,1,1,'SilverStripe\\Example\\Property','2019-10-17 21:13:59','2019-10-17 21:13:59','Property 44',1044.64,7,7,0,1,15,'2020-04-30','2020-05-07','Description of Property 44'),(59,51,1,1,0,0,1,1,'SilverStripe\\Example\\Property','2019-10-17 21:13:59','2019-10-17 21:13:59','Property 45',2274.86,5,3,0,3,18,'2020-06-29','2020-07-11','Description of Property 45'),(60,52,1,1,0,0,1,1,'SilverStripe\\Example\\Property','2019-10-17 21:13:59','2019-10-17 21:13:59','Property 46',1527.69,4,4,0,3,16,'2020-09-07','2020-09-16','Description of Property 46'),(61,53,1,1,0,0,1,1,'SilverStripe\\Example\\Property','2019-10-17 21:13:59','2019-10-17 21:13:59','Property 47',1754.13,9,8,0,2,19,'2020-02-25','2020-03-05','Description of Property 47'),(62,54,1,1,0,0,1,1,'SilverStripe\\Example\\Property','2019-10-17 21:13:59','2019-10-17 21:13:59','Property 48',1060.28,8,9,0,2,16,'2019-11-27','2019-11-30','Description of Property 48'),(63,55,1,1,0,0,1,1,'SilverStripe\\Example\\Property','2019-10-17 21:13:59','2019-10-17 21:13:59','Property 49',2308.00,2,8,0,1,19,'2020-04-09','2020-04-15','Description of Property 49'),(64,56,1,1,0,0,1,1,'SilverStripe\\Example\\Property','2019-10-17 21:13:59','2019-10-17 21:13:59','Property 50',2351.90,2,6,0,2,16,'2019-11-11','2019-11-19','Description of Property 50'),(65,57,1,1,0,0,1,1,'SilverStripe\\Example\\Property','2019-10-17 21:13:59','2019-10-17 21:13:59','Property 51',2858.93,1,5,0,1,17,'2020-09-08','2020-09-14','Description of Property 51'),(66,58,1,1,0,0,1,1,'SilverStripe\\Example\\Property','2019-10-17 21:13:59','2019-10-17 21:13:59','Property 52',2560.13,8,5,0,1,17,'2020-01-24','2020-01-31','Description of Property 52'),(67,59,1,1,0,0,1,1,'SilverStripe\\Example\\Property','2019-10-17 21:13:59','2019-10-17 21:13:59','Property 53',2066.30,1,1,0,1,16,'2020-06-18','2020-06-24','Description of Property 53'),(68,60,1,1,0,0,1,1,'SilverStripe\\Example\\Property','2019-10-17 21:13:59','2019-10-17 21:13:59','Property 54',1176.22,2,6,0,2,19,'2020-04-29','2020-05-05','Description of Property 54'),(69,61,1,1,0,0,1,1,'SilverStripe\\Example\\Property','2019-10-17 21:13:59','2019-10-17 21:13:59','Property 55',120.63,3,5,0,3,15,'2020-06-15','2020-06-15','Description of Property 55'),(70,62,1,1,0,0,1,1,'SilverStripe\\Example\\Property','2019-10-17 21:13:59','2019-10-17 21:13:59','Property 56',1653.06,2,5,0,3,15,'2020-07-04','2020-07-15','Description of Property 56'),(71,63,1,1,0,0,1,1,'SilverStripe\\Example\\Property','2019-10-17 21:13:59','2019-10-17 21:13:59','Property 57',2143.82,1,9,0,3,17,'2020-05-15','2020-05-28','Description of Property 57'),(72,64,1,1,0,0,1,1,'SilverStripe\\Example\\Property','2019-10-17 21:13:59','2019-10-17 21:13:59','Property 58',2590.59,7,3,0,1,16,'2020-07-16','2020-07-22','Description of Property 58'),(73,65,1,1,0,0,1,1,'SilverStripe\\Example\\Property','2019-10-17 21:13:59','2019-10-17 21:13:59','Property 59',2475.92,9,3,0,2,18,'2019-10-20','2019-10-25','Description of Property 59'),(74,66,1,1,0,0,1,1,'SilverStripe\\Example\\Property','2019-10-17 21:13:59','2019-10-17 21:13:59','Property 60',2060.85,5,6,0,2,15,'2020-08-01','2020-08-09','Description of Property 60'),(75,67,1,1,0,0,1,1,'SilverStripe\\Example\\Property','2019-10-17 21:13:59','2019-10-17 21:13:59','Property 61',1800.54,5,8,0,2,18,'2020-09-24','2020-10-07','Description of Property 61'),(76,68,1,1,0,0,1,1,'SilverStripe\\Example\\Property','2019-10-17 21:13:59','2019-10-17 21:13:59','Property 62',1906.72,8,1,0,3,15,'2020-02-08','2020-02-20','Description of Property 62'),(77,69,1,1,0,0,1,1,'SilverStripe\\Example\\Property','2019-10-17 21:14:00','2019-10-17 21:14:00','Property 63',535.75,4,4,0,1,18,'2020-07-16','2020-07-22','Description of Property 63'),(78,70,1,1,0,0,1,1,'SilverStripe\\Example\\Property','2019-10-17 21:14:00','2019-10-17 21:14:00','Property 64',2805.08,3,5,0,3,15,'2020-08-03','2020-08-12','Description of Property 64'),(79,71,1,1,0,0,1,1,'SilverStripe\\Example\\Property','2019-10-17 21:14:00','2019-10-17 21:14:00','Property 65',1608.92,4,5,0,2,16,'2020-07-13','2020-07-26','Description of Property 65'),(80,72,1,1,0,0,1,1,'SilverStripe\\Example\\Property','2019-10-17 21:14:00','2019-10-17 21:14:00','Property 66',1577.04,6,4,0,1,16,'2020-02-06','2020-02-17','Description of Property 66'),(81,73,1,1,0,0,1,1,'SilverStripe\\Example\\Property','2019-10-17 21:14:00','2019-10-17 21:14:00','Property 67',364.00,7,4,0,3,16,'2020-02-11','2020-02-13','Description of Property 67'),(82,74,1,1,0,0,1,1,'SilverStripe\\Example\\Property','2019-10-17 21:14:00','2019-10-17 21:14:00','Property 68',675.22,3,9,0,3,18,'2020-06-19','2020-06-26','Description of Property 68'),(83,75,1,1,0,0,1,1,'SilverStripe\\Example\\Property','2019-10-17 21:14:00','2019-10-17 21:14:00','Property 69',2252.53,4,7,0,2,18,'2020-03-15','2020-03-17','Description of Property 69'),(84,76,1,1,0,0,1,1,'SilverStripe\\Example\\Property','2019-10-17 21:14:00','2019-10-17 21:14:00','Property 70',2298.35,7,1,0,2,15,'2019-10-28','2019-11-01','Description of Property 70'),(85,77,1,1,0,0,1,1,'SilverStripe\\Example\\Property','2019-10-17 21:14:00','2019-10-17 21:14:00','Property 71',2256.38,6,1,0,1,18,'2020-09-15','2020-09-16','Description of Property 71'),(86,78,1,1,0,0,1,1,'SilverStripe\\Example\\Property','2019-10-17 21:14:00','2019-10-17 21:14:00','Property 72',2963.54,8,4,0,2,19,'2020-04-13','2020-04-20','Description of Property 72'),(87,79,1,1,0,0,1,1,'SilverStripe\\Example\\Property','2019-10-17 21:14:00','2019-10-17 21:14:00','Property 73',123.85,6,7,0,3,18,'2020-06-30','2020-07-06','Description of Property 73'),(88,80,1,1,0,0,1,1,'SilverStripe\\Example\\Property','2019-10-17 21:14:00','2019-10-17 21:14:00','Property 74',2792.89,3,7,0,2,16,'2019-11-05','2019-11-13','Description of Property 74'),(89,81,1,1,0,0,1,1,'SilverStripe\\Example\\Property','2019-10-17 21:14:00','2019-10-17 21:14:00','Property 75',1112.38,7,6,0,3,19,'2019-12-07','2019-12-16','Description of Property 75'),(90,82,1,1,0,0,1,1,'SilverStripe\\Example\\Property','2019-10-17 21:14:00','2019-10-17 21:14:00','Property 76',793.31,6,3,0,2,15,'2020-05-03','2020-05-11','Description of Property 76'),(91,83,1,1,0,0,1,1,'SilverStripe\\Example\\Property','2019-10-17 21:14:00','2019-10-17 21:14:00','Property 77',472.04,6,6,0,1,18,'2020-02-04','2020-02-17','Description of Property 77'),(92,84,1,1,0,0,1,1,'SilverStripe\\Example\\Property','2019-10-17 21:14:00','2019-10-17 21:14:00','Property 78',2382.91,7,1,0,1,18,'2020-08-30','2020-08-31','Description of Property 78'),(93,85,1,1,0,0,1,1,'SilverStripe\\Example\\Property','2019-10-17 21:14:00','2019-10-17 21:14:00','Property 79',2085.97,6,7,0,1,17,'2020-04-01','2020-04-09','Description of Property 79'),(94,86,1,1,0,0,1,1,'SilverStripe\\Example\\Property','2019-10-17 21:14:00','2019-10-17 21:14:00','Property 80',2463.43,7,2,0,2,17,'2020-06-17','2020-06-28','Description of Property 80'),(95,87,1,1,0,0,1,1,'SilverStripe\\Example\\Property','2019-10-17 21:14:00','2019-10-17 21:14:00','Property 81',62.65,3,6,0,1,15,'2020-10-06','2020-10-09','Description of Property 81'),(96,88,1,1,0,0,1,1,'SilverStripe\\Example\\Property','2019-10-17 21:14:00','2019-10-17 21:14:00','Property 82',1603.42,6,4,0,3,19,'2020-08-24','2020-09-04','Description of Property 82'),(97,89,1,1,0,0,1,1,'SilverStripe\\Example\\Property','2019-10-17 21:14:00','2019-10-17 21:14:00','Property 83',2018.65,5,7,0,3,17,'2020-02-22','2020-02-24','Description of Property 83'),(98,90,1,1,0,0,1,1,'SilverStripe\\Example\\Property','2019-10-17 21:14:00','2019-10-17 21:14:00','Property 84',1124.42,6,7,0,1,15,'2019-12-25','2019-12-31','Description of Property 84'),(99,91,1,1,0,0,1,1,'SilverStripe\\Example\\Property','2019-10-17 21:14:00','2019-10-17 21:14:00','Property 85',194.31,1,4,0,2,18,'2020-09-08','2020-09-21','Description of Property 85'),(100,92,1,1,0,0,1,1,'SilverStripe\\Example\\Property','2019-10-17 21:14:00','2019-10-17 21:14:00','Property 86',1977.84,3,4,0,1,18,'2020-09-15','2020-09-17','Description of Property 86'),(101,93,1,1,0,0,1,1,'SilverStripe\\Example\\Property','2019-10-17 21:14:00','2019-10-17 21:14:00','Property 87',146.59,1,9,0,3,15,'2020-09-03','2020-09-04','Description of Property 87'),(102,94,1,1,0,0,1,1,'SilverStripe\\Example\\Property','2019-10-17 21:14:00','2019-10-17 21:14:00','Property 88',1505.42,9,9,0,1,15,'2020-06-16','2020-06-17','Description of Property 88'),(103,95,1,1,0,0,1,1,'SilverStripe\\Example\\Property','2019-10-17 21:14:00','2019-10-17 21:14:00','Property 89',2276.26,6,5,0,1,18,'2020-06-23','2020-06-23','Description of Property 89'),(104,96,1,1,0,0,1,1,'SilverStripe\\Example\\Property','2019-10-17 21:14:00','2019-10-17 21:14:00','Property 90',762.21,2,9,0,2,15,'2020-03-20','2020-04-01','Description of Property 90'),(105,97,1,1,0,0,1,1,'SilverStripe\\Example\\Property','2019-10-17 21:14:00','2019-10-17 21:14:00','Property 91',2178.51,1,9,0,2,16,'2019-11-11','2019-11-15','Description of Property 91'),(106,98,1,1,0,0,1,1,'SilverStripe\\Example\\Property','2019-10-17 21:14:00','2019-10-17 21:14:00','Property 92',1790.53,1,6,0,3,18,'2019-11-09','2019-11-10','Description of Property 92'),(107,99,1,1,0,0,1,1,'SilverStripe\\Example\\Property','2019-10-17 21:14:00','2019-10-17 21:14:00','Property 93',2809.85,4,4,0,3,16,'2019-11-25','2019-12-01','Description of Property 93'),(108,100,1,1,0,0,1,1,'SilverStripe\\Example\\Property','2019-10-17 21:14:00','2019-10-17 21:14:00','Property 94',1681.36,7,1,0,1,18,'2020-02-21','2020-03-05','Description of Property 94'),(109,101,1,1,0,0,1,1,'SilverStripe\\Example\\Property','2019-10-17 21:14:00','2019-10-17 21:14:00','Property 95',1065.05,3,6,0,1,16,'2020-03-17','2020-03-24','Description of Property 95'),(110,102,1,1,0,0,1,1,'SilverStripe\\Example\\Property','2019-10-17 21:14:00','2019-10-17 21:14:00','Property 96',473.87,1,7,0,2,19,'2019-10-29','2019-11-07','Description of Property 96'),(111,103,1,1,0,0,1,1,'SilverStripe\\Example\\Property','2019-10-17 21:14:00','2019-10-17 21:14:00','Property 97',1001.78,9,5,0,1,18,'2020-09-17','2020-09-30','Description of Property 97'),(112,104,1,1,0,0,1,1,'SilverStripe\\Example\\Property','2019-10-17 21:14:00','2019-10-17 21:14:00','Property 98',2925.24,9,9,0,1,15,'2020-04-17','2020-04-25','Description of Property 98'),(113,105,1,1,0,0,1,1,'SilverStripe\\Example\\Property','2019-10-17 21:14:00','2019-10-17 21:14:00','Property 99',699.71,9,2,0,3,19,'2020-07-16','2020-07-18','Description of Property 99'),(114,106,1,1,0,0,1,1,'SilverStripe\\Example\\Property','2019-10-17 21:14:00','2019-10-17 21:14:00','Property 100',83.79,3,3,0,3,19,'2020-01-11','2020-01-11','Description of Property 100'),(115,107,1,1,0,0,1,1,'SilverStripe\\Example\\Property','2019-10-17 21:14:00','2019-10-17 21:14:00','Property 101',1157.07,1,2,0,2,19,'2020-09-19','2020-09-26','Description of Property 101'),(116,108,1,1,0,0,1,1,'SilverStripe\\Example\\Property','2019-10-17 21:14:00','2019-10-17 21:14:00','Property 102',2269.39,4,4,0,1,15,'2020-09-17','2020-09-27','Description of Property 102'),(117,109,1,1,0,0,1,1,'SilverStripe\\Example\\Property','2019-10-17 21:14:00','2019-10-17 21:14:00','Property 103',1526.34,1,8,0,3,17,'2020-08-14','2020-08-16','Description of Property 103'),(118,110,1,1,0,0,1,1,'SilverStripe\\Example\\Property','2019-10-17 21:14:00','2019-10-17 21:14:00','Property 104',1093.33,2,7,0,3,17,'2020-03-02','2020-03-08','Description of Property 104'),(119,111,1,1,0,0,1,1,'SilverStripe\\Example\\Property','2019-10-17 21:14:00','2019-10-17 21:14:00','Property 105',205.36,6,7,0,1,16,'2020-03-08','2020-03-18','Description of Property 105'),(120,112,1,1,0,0,1,1,'SilverStripe\\Example\\Property','2019-10-17 21:14:00','2019-10-17 21:14:00','Property 106',2228.55,1,1,0,1,19,'2020-08-18','2020-08-24','Description of Property 106'),(121,113,1,1,0,0,1,1,'SilverStripe\\Example\\Property','2019-10-17 21:14:00','2019-10-17 21:14:00','Property 107',1459.84,9,2,0,1,15,'2019-10-20','2019-11-01','Description of Property 107'),(122,114,1,1,0,0,1,1,'SilverStripe\\Example\\Property','2019-10-17 21:14:00','2019-10-17 21:14:00','Property 108',1420.86,8,5,0,1,17,'2020-04-26','2020-04-30','Description of Property 108'),(123,115,1,1,0,0,1,1,'SilverStripe\\Example\\Property','2019-10-17 21:14:00','2019-10-17 21:14:00','Property 109',922.84,7,6,0,3,15,'2020-05-23','2020-06-01','Description of Property 109'),(124,116,1,1,0,0,1,1,'SilverStripe\\Example\\Property','2019-10-17 21:14:00','2019-10-17 21:14:00','Property 110',1522.80,1,5,0,2,16,'2020-03-19','2020-03-27','Description of Property 110'),(125,117,1,1,0,0,1,1,'SilverStripe\\Example\\Property','2019-10-17 21:14:00','2019-10-17 21:14:00','Property 111',1531.11,8,6,0,2,15,'2020-02-09','2020-02-09','Description of Property 111'),(126,118,1,1,0,0,1,1,'SilverStripe\\Example\\Property','2019-10-17 21:14:00','2019-10-17 21:14:00','Property 112',751.21,1,4,0,3,18,'2020-02-06','2020-02-09','Description of Property 112'),(127,119,1,1,0,0,1,1,'SilverStripe\\Example\\Property','2019-10-17 21:14:00','2019-10-17 21:14:00','Property 113',1820.12,8,5,0,3,18,'2020-05-18','2020-05-20','Description of Property 113'),(128,120,1,1,0,0,1,1,'SilverStripe\\Example\\Property','2019-10-17 21:14:00','2019-10-17 21:14:00','Property 114',935.14,2,2,0,3,17,'2019-10-21','2019-10-23','Description of Property 114'),(129,121,1,1,0,0,1,1,'SilverStripe\\Example\\Property','2019-10-17 21:14:00','2019-10-17 21:14:00','Property 115',2294.24,2,6,0,3,17,'2020-02-03','2020-02-07','Description of Property 115'),(130,122,1,1,0,0,1,1,'SilverStripe\\Example\\Property','2019-10-17 21:14:00','2019-10-17 21:14:00','Property 116',667.32,7,8,0,1,18,'2020-04-01','2020-04-02','Description of Property 116'),(131,123,1,1,0,0,1,1,'SilverStripe\\Example\\Property','2019-10-17 21:14:00','2019-10-17 21:14:00','Property 117',2390.08,8,6,0,3,16,'2020-03-08','2020-03-16','Description of Property 117'),(132,124,1,1,0,0,1,1,'SilverStripe\\Example\\Property','2019-10-17 21:14:00','2019-10-17 21:14:00','Property 118',607.23,8,8,0,2,16,'2020-05-17','2020-05-26','Description of Property 118'),(133,125,1,1,0,0,1,1,'SilverStripe\\Example\\Property','2019-10-17 21:14:00','2019-10-17 21:14:00','Property 119',2582.13,2,2,0,1,18,'2020-07-14','2020-07-20','Description of Property 119'),(134,126,1,1,0,0,1,1,'SilverStripe\\Example\\Property','2019-10-17 21:14:00','2019-10-17 21:14:00','Property 120',537.25,5,1,0,2,16,'2020-10-01','2020-10-06','Description of Property 120'),(135,127,1,1,0,0,1,1,'SilverStripe\\Example\\Property','2019-10-17 21:14:00','2019-10-17 21:14:00','Property 121',191.27,6,9,0,3,17,'2020-05-11','2020-05-19','Description of Property 121'),(136,128,1,1,0,0,1,1,'SilverStripe\\Example\\Property','2019-10-17 21:14:00','2019-10-17 21:14:00','Property 122',1520.93,3,8,0,2,15,'2020-09-29','2020-10-09','Description of Property 122'),(137,129,1,1,0,0,1,1,'SilverStripe\\Example\\Property','2019-10-17 21:14:00','2019-10-17 21:14:00','Property 123',2489.08,8,8,0,2,17,'2019-11-12','2019-11-25','Description of Property 123'),(138,130,1,1,0,0,1,1,'SilverStripe\\Example\\Property','2019-10-17 21:14:00','2019-10-17 21:14:00','Property 124',1159.35,6,8,0,2,15,'2020-04-13','2020-04-19','Description of Property 124'),(139,131,1,1,0,0,1,1,'SilverStripe\\Example\\Property','2019-10-17 21:14:00','2019-10-17 21:14:00','Property 125',2296.15,6,6,0,2,18,'2020-01-12','2020-01-18','Description of Property 125'),(140,132,1,1,0,0,1,1,'SilverStripe\\Example\\Property','2019-10-17 21:14:00','2019-10-17 21:14:00','Property 126',2095.65,5,4,0,3,15,'2020-07-04','2020-07-04','Description of Property 126'),(141,133,1,1,0,0,1,1,'SilverStripe\\Example\\Property','2019-10-17 21:14:00','2019-10-17 21:14:00','Property 127',2424.20,5,9,0,2,15,'2020-08-25','2020-09-05','Description of Property 127'),(142,134,1,1,0,0,1,1,'SilverStripe\\Example\\Property','2019-10-17 21:14:00','2019-10-17 21:14:00','Property 128',1804.49,5,6,0,2,16,'2019-12-08','2019-12-08','Description of Property 128'),(143,135,1,1,0,0,1,1,'SilverStripe\\Example\\Property','2019-10-17 21:14:00','2019-10-17 21:14:00','Property 129',2036.93,2,1,0,2,19,'2019-12-08','2019-12-17','Description of Property 129'),(144,136,1,1,0,0,1,1,'SilverStripe\\Example\\Property','2019-10-17 21:14:00','2019-10-17 21:14:00','Property 130',2826.49,8,3,0,3,17,'2020-01-27','2020-01-28','Description of Property 130'),(145,137,1,1,0,0,1,1,'SilverStripe\\Example\\Property','2019-10-17 21:14:00','2019-10-17 21:14:00','Property 131',1752.25,6,4,0,1,19,'2020-10-05','2020-10-13','Description of Property 131'),(146,138,1,1,0,0,1,1,'SilverStripe\\Example\\Property','2019-10-17 21:14:00','2019-10-17 21:14:00','Property 132',1279.80,6,9,0,3,19,'2019-10-21','2019-11-01','Description of Property 132'),(147,139,1,1,0,0,1,1,'SilverStripe\\Example\\Property','2019-10-17 21:14:00','2019-10-17 21:14:00','Property 133',2061.00,6,2,0,1,17,'2019-12-07','2019-12-09','Description of Property 133'),(148,140,1,1,0,0,1,1,'SilverStripe\\Example\\Property','2019-10-17 21:14:00','2019-10-17 21:14:00','Property 134',631.80,6,7,0,3,16,'2020-06-18','2020-06-26','Description of Property 134'),(149,141,1,1,0,0,1,1,'SilverStripe\\Example\\Property','2019-10-17 21:14:00','2019-10-17 21:14:00','Property 135',776.36,4,4,0,3,17,'2020-09-22','2020-09-26','Description of Property 135'),(150,142,1,1,0,0,1,1,'SilverStripe\\Example\\Property','2019-10-17 21:14:00','2019-10-17 21:14:00','Property 136',798.37,8,2,0,2,16,'2020-06-12','2020-06-23','Description of Property 136'),(151,143,1,1,0,0,1,1,'SilverStripe\\Example\\Property','2019-10-17 21:14:00','2019-10-17 21:14:00','Property 137',1090.77,9,7,0,2,19,'2020-04-05','2020-04-05','Description of Property 137'),(152,144,1,1,0,0,1,1,'SilverStripe\\Example\\Property','2019-10-17 21:14:00','2019-10-17 21:14:00','Property 138',2239.12,9,7,0,3,18,'2020-03-02','2020-03-13','Description of Property 138'),(153,145,1,1,0,0,1,1,'SilverStripe\\Example\\Property','2019-10-17 21:14:00','2019-10-17 21:14:00','Property 139',2491.13,3,7,0,3,15,'2020-04-07','2020-04-20','Description of Property 139'),(154,146,1,1,0,0,1,1,'SilverStripe\\Example\\Property','2019-10-17 21:14:00','2019-10-17 21:14:00','Property 140',767.49,7,8,0,1,19,'2020-01-15','2020-01-21','Description of Property 140'),(155,147,1,1,0,0,1,1,'SilverStripe\\Example\\Property','2019-10-17 21:14:00','2019-10-17 21:14:00','Property 141',1998.40,3,5,0,3,17,'2020-08-06','2020-08-10','Description of Property 141'),(156,148,1,1,0,0,1,1,'SilverStripe\\Example\\Property','2019-10-17 21:14:00','2019-10-17 21:14:00','Property 142',334.85,9,3,0,3,16,'2020-01-30','2020-01-31','Description of Property 142'),(157,149,1,1,0,0,1,1,'SilverStripe\\Example\\Property','2019-10-17 21:14:00','2019-10-17 21:14:00','Property 143',2789.37,7,9,0,2,18,'2019-10-23','2019-11-03','Description of Property 143'),(158,150,1,1,0,0,1,1,'SilverStripe\\Example\\Property','2019-10-17 21:14:00','2019-10-17 21:14:00','Property 144',700.76,8,5,0,3,15,'2020-01-06','2020-01-14','Description of Property 144'),(159,151,1,1,0,0,1,1,'SilverStripe\\Example\\Property','2019-10-17 21:14:00','2019-10-17 21:14:00','Property 145',2204.23,4,7,0,2,17,'2019-11-07','2019-11-17','Description of Property 145'),(160,152,1,1,0,0,1,1,'SilverStripe\\Example\\Property','2019-10-17 21:14:00','2019-10-17 21:14:00','Property 146',1550.04,3,9,0,3,15,'2020-05-31','2020-06-11','Description of Property 146'),(161,153,1,1,0,0,1,1,'SilverStripe\\Example\\Property','2019-10-17 21:14:00','2019-10-17 21:14:00','Property 147',1738.33,3,7,0,2,18,'2020-09-22','2020-09-22','Description of Property 147'),(162,154,1,1,0,0,1,1,'SilverStripe\\Example\\Property','2019-10-17 21:14:00','2019-10-17 21:14:00','Property 148',1826.36,1,6,0,3,15,'2020-08-08','2020-08-14','Description of Property 148'),(163,155,1,1,0,0,1,1,'SilverStripe\\Example\\Property','2019-10-17 21:14:00','2019-10-17 21:14:00','Property 149',360.36,5,1,0,3,18,'2020-01-15','2020-01-19','Description of Property 149'),(164,156,1,1,0,0,1,1,'SilverStripe\\Example\\Property','2019-10-17 21:14:00','2019-10-17 21:14:00','Property 150',2578.70,4,6,0,3,15,'2020-08-03','2020-08-04','Description of Property 150'),(165,157,1,1,0,0,1,1,'SilverStripe\\Example\\Property','2019-10-17 21:14:00','2019-10-17 21:14:00','Property 151',2367.26,8,9,0,1,19,'2020-01-15','2020-01-23','Description of Property 151'),(166,158,1,1,0,0,1,1,'SilverStripe\\Example\\Property','2019-10-17 21:14:00','2019-10-17 21:14:00','Property 152',1041.06,8,9,0,1,17,'2020-08-17','2020-08-25','Description of Property 152'),(167,159,1,1,0,0,1,1,'SilverStripe\\Example\\Property','2019-10-17 21:14:00','2019-10-17 21:14:00','Property 153',1972.54,8,2,0,1,19,'2020-03-28','2020-03-31','Description of Property 153'),(168,160,1,1,0,0,1,1,'SilverStripe\\Example\\Property','2019-10-17 21:14:00','2019-10-17 21:14:00','Property 154',1923.36,5,7,0,3,16,'2020-07-04','2020-07-10','Description of Property 154'),(169,161,1,1,0,0,1,1,'SilverStripe\\Example\\Property','2019-10-17 21:14:00','2019-10-17 21:14:00','Property 155',979.51,4,9,0,2,15,'2020-01-13','2020-01-21','Description of Property 155'),(170,162,1,1,0,0,1,1,'SilverStripe\\Example\\Property','2019-10-17 21:14:00','2019-10-17 21:14:00','Property 156',1353.29,2,3,0,3,19,'2019-11-09','2019-11-16','Description of Property 156'),(171,163,1,1,0,0,1,1,'SilverStripe\\Example\\Property','2019-10-17 21:14:00','2019-10-17 21:14:00','Property 157',285.47,4,9,0,1,19,'2020-05-16','2020-05-16','Description of Property 157'),(172,164,1,1,0,0,1,1,'SilverStripe\\Example\\Property','2019-10-17 21:14:00','2019-10-17 21:14:00','Property 158',1170.17,3,3,0,2,15,'2020-07-07','2020-07-14','Description of Property 158'),(173,165,1,1,0,0,1,1,'SilverStripe\\Example\\Property','2019-10-17 21:14:00','2019-10-17 21:14:00','Property 159',2084.89,9,7,0,3,16,'2020-08-29','2020-09-04','Description of Property 159'),(174,166,1,1,0,0,1,1,'SilverStripe\\Example\\Property','2019-10-17 21:14:00','2019-10-17 21:14:00','Property 160',555.38,2,2,0,2,16,'2019-12-19','2019-12-29','Description of Property 160'),(175,167,1,1,0,0,1,1,'SilverStripe\\Example\\Property','2019-10-17 21:14:00','2019-10-17 21:14:00','Property 161',255.76,3,9,0,1,16,'2020-01-17','2020-01-21','Description of Property 161'),(176,168,1,1,0,0,1,1,'SilverStripe\\Example\\Property','2019-10-17 21:14:00','2019-10-17 21:14:00','Property 162',783.58,5,6,0,2,18,'2020-07-16','2020-07-20','Description of Property 162'),(177,169,1,1,0,0,1,1,'SilverStripe\\Example\\Property','2019-10-17 21:14:00','2019-10-17 21:14:00','Property 163',2536.56,3,7,0,3,17,'2020-10-10','2020-10-18','Description of Property 163'),(178,170,1,1,0,0,1,1,'SilverStripe\\Example\\Property','2019-10-17 21:14:00','2019-10-17 21:14:00','Property 164',2569.93,6,6,0,1,16,'2020-06-19','2020-06-20','Description of Property 164'),(179,171,1,1,0,0,1,1,'SilverStripe\\Example\\Property','2019-10-17 21:14:00','2019-10-17 21:14:00','Property 165',459.78,5,3,0,3,19,'2020-03-16','2020-03-27','Description of Property 165'),(180,172,1,1,0,0,1,1,'SilverStripe\\Example\\Property','2019-10-17 21:14:00','2019-10-17 21:14:00','Property 166',977.08,1,3,0,2,17,'2019-11-04','2019-11-15','Description of Property 166'),(181,173,1,1,0,0,1,1,'SilverStripe\\Example\\Property','2019-10-17 21:14:00','2019-10-17 21:14:00','Property 167',2371.09,6,5,0,1,17,'2019-10-18','2019-10-27','Description of Property 167'),(182,174,1,1,0,0,1,1,'SilverStripe\\Example\\Property','2019-10-17 21:14:00','2019-10-17 21:14:00','Property 168',572.60,5,2,0,1,17,'2020-08-26','2020-09-07','Description of Property 168'),(183,175,1,1,0,0,1,1,'SilverStripe\\Example\\Property','2019-10-17 21:14:00','2019-10-17 21:14:00','Property 169',367.42,9,2,0,1,16,'2020-02-02','2020-02-06','Description of Property 169'),(184,176,1,1,0,0,1,1,'SilverStripe\\Example\\Property','2019-10-17 21:14:00','2019-10-17 21:14:00','Property 170',2001.36,6,3,0,2,15,'2020-09-09','2020-09-09','Description of Property 170'),(185,177,1,1,0,0,1,1,'SilverStripe\\Example\\Property','2019-10-17 21:14:00','2019-10-17 21:14:00','Property 171',1620.67,3,6,0,2,19,'2020-05-24','2020-05-28','Description of Property 171'),(186,178,1,1,0,0,1,1,'SilverStripe\\Example\\Property','2019-10-17 21:14:00','2019-10-17 21:14:00','Property 172',1809.36,2,2,0,1,19,'2020-02-10','2020-02-15','Description of Property 172'),(187,179,1,1,0,0,1,1,'SilverStripe\\Example\\Property','2019-10-17 21:14:00','2019-10-17 21:14:00','Property 173',937.70,8,3,0,3,17,'2020-07-27','2020-08-08','Description of Property 173'),(188,180,1,1,0,0,1,1,'SilverStripe\\Example\\Property','2019-10-17 21:14:00','2019-10-17 21:14:00','Property 174',2789.17,2,8,0,3,19,'2020-09-21','2020-09-24','Description of Property 174'),(189,181,1,1,0,0,1,1,'SilverStripe\\Example\\Property','2019-10-17 21:14:00','2019-10-17 21:14:00','Property 175',1413.95,8,9,0,1,16,'2020-02-14','2020-02-23','Description of Property 175'),(190,182,1,1,0,0,1,1,'SilverStripe\\Example\\Property','2019-10-17 21:14:00','2019-10-17 21:14:00','Property 176',1059.94,9,5,0,2,18,'2020-08-21','2020-08-28','Description of Property 176'),(191,183,1,1,0,0,1,1,'SilverStripe\\Example\\Property','2019-10-17 21:14:00','2019-10-17 21:14:00','Property 177',1871.04,1,2,0,3,15,'2020-01-17','2020-01-28','Description of Property 177'),(192,184,1,1,0,0,1,1,'SilverStripe\\Example\\Property','2019-10-17 21:14:00','2019-10-17 21:14:00','Property 178',1020.46,6,1,0,1,15,'2020-07-02','2020-07-06','Description of Property 178'),(193,185,1,1,0,0,1,1,'SilverStripe\\Example\\Property','2019-10-17 21:14:00','2019-10-17 21:14:00','Property 179',713.72,5,1,0,3,18,'2020-08-02','2020-08-06','Description of Property 179'),(194,186,1,1,0,0,1,1,'SilverStripe\\Example\\Property','2019-10-17 21:14:00','2019-10-17 21:14:00','Property 180',2766.74,6,4,0,1,15,'2020-08-18','2020-08-26','Description of Property 180'),(195,187,1,1,0,0,1,1,'SilverStripe\\Example\\Property','2019-10-17 21:14:00','2019-10-17 21:14:00','Property 181',2110.76,2,7,0,3,18,'2020-08-08','2020-08-09','Description of Property 181'),(196,188,1,1,0,0,1,1,'SilverStripe\\Example\\Property','2019-10-17 21:14:00','2019-10-17 21:14:00','Property 182',1803.61,9,7,0,1,16,'2020-04-29','2020-05-08','Description of Property 182'),(197,189,1,1,0,0,1,1,'SilverStripe\\Example\\Property','2019-10-17 21:14:00','2019-10-17 21:14:00','Property 183',215.79,4,1,0,3,17,'2020-01-11','2020-01-11','Description of Property 183'),(198,190,1,1,0,0,1,1,'SilverStripe\\Example\\Property','2019-10-17 21:14:00','2019-10-17 21:14:00','Property 184',1355.45,7,1,0,2,18,'2020-05-15','2020-05-16','Description of Property 184'),(199,191,1,1,0,0,1,1,'SilverStripe\\Example\\Property','2019-10-17 21:14:00','2019-10-17 21:14:00','Property 185',250.04,4,8,0,1,19,'2019-12-22','2019-12-27','Description of Property 185'),(200,192,1,1,0,0,1,1,'SilverStripe\\Example\\Property','2019-10-17 21:14:00','2019-10-17 21:14:00','Property 186',1482.85,5,2,0,1,19,'2019-12-19','2019-12-28','Description of Property 186'),(201,193,1,1,0,0,1,1,'SilverStripe\\Example\\Property','2019-10-17 21:14:00','2019-10-17 21:14:00','Property 187',2839.60,8,3,0,3,18,'2020-02-08','2020-02-11','Description of Property 187'),(202,194,1,1,0,0,1,1,'SilverStripe\\Example\\Property','2019-10-17 21:14:00','2019-10-17 21:14:00','Property 188',2332.38,7,6,0,2,18,'2019-11-02','2019-11-04','Description of Property 188'),(203,195,1,1,0,0,1,1,'SilverStripe\\Example\\Property','2019-10-17 21:14:00','2019-10-17 21:14:00','Property 189',1239.24,7,2,0,3,16,'2020-01-27','2020-01-28','Description of Property 189'),(204,196,1,1,0,0,1,1,'SilverStripe\\Example\\Property','2019-10-17 21:14:00','2019-10-17 21:14:00','Property 190',1863.32,2,8,0,2,17,'2020-01-24','2020-01-26','Description of Property 190'),(205,197,1,1,0,0,1,1,'SilverStripe\\Example\\Property','2019-10-17 21:14:00','2019-10-17 21:14:00','Property 191',2106.41,1,1,0,2,19,'2020-04-20','2020-04-25','Description of Property 191'),(206,198,1,1,0,0,1,1,'SilverStripe\\Example\\Property','2019-10-17 21:14:00','2019-10-17 21:14:00','Property 192',2525.16,7,1,0,1,17,'2020-07-11','2020-07-17','Description of Property 192'),(207,199,1,1,0,0,1,1,'SilverStripe\\Example\\Property','2019-10-17 21:14:00','2019-10-17 21:14:00','Property 193',608.31,4,4,0,2,15,'2019-12-07','2019-12-08','Description of Property 193'),(208,200,1,1,0,0,1,1,'SilverStripe\\Example\\Property','2019-10-17 21:14:00','2019-10-17 21:14:00','Property 194',847.92,3,6,0,1,18,'2020-04-15','2020-04-16','Description of Property 194'),(209,201,1,1,0,0,1,1,'SilverStripe\\Example\\Property','2019-10-17 21:14:00','2019-10-17 21:14:00','Property 195',2905.09,9,7,0,3,16,'2019-11-08','2019-11-11','Description of Property 195'),(210,202,1,1,0,0,1,1,'SilverStripe\\Example\\Property','2019-10-17 21:14:00','2019-10-17 21:14:00','Property 196',2466.27,9,4,0,3,17,'2020-08-10','2020-08-21','Description of Property 196'),(211,203,1,1,0,0,1,1,'SilverStripe\\Example\\Property','2019-10-17 21:14:00','2019-10-17 21:14:00','Property 197',2862.72,2,7,0,2,19,'2020-09-09','2020-09-14','Description of Property 197'),(212,204,1,1,0,0,1,1,'SilverStripe\\Example\\Property','2019-10-17 21:14:00','2019-10-17 21:14:00','Property 198',1008.28,8,2,0,2,16,'2019-11-03','2019-11-10','Description of Property 198'),(213,205,1,1,0,0,1,1,'SilverStripe\\Example\\Property','2019-10-17 21:14:00','2019-10-17 21:14:00','Property 199',1378.48,3,3,0,2,16,'2020-04-28','2020-05-06','Description of Property 199'),(214,206,1,1,0,0,1,1,'SilverStripe\\Example\\Property','2019-10-17 21:14:00','2019-10-17 21:14:00','Property 200',952.14,6,9,0,3,17,'2020-04-22','2020-04-28','Description of Property 200'),(215,207,1,1,0,0,1,1,'SilverStripe\\Example\\Property','2019-10-17 21:14:00','2019-10-17 21:14:00','Property 201',1927.61,9,6,0,2,18,'2020-10-10','2020-10-14','Description of Property 201');
/*!40000 ALTER TABLE `SilverStripe_Example_Property_Versions` ENABLE KEYS */;
UNLOCK TABLES;

--
-- Table structure for table `SilverStripe_Example_Region`
--

DROP TABLE IF EXISTS `SilverStripe_Example_Region`;
/*!40101 SET @saved_cs_client     = @@character_set_client */;
/*!40101 SET character_set_client = utf8 */;
CREATE TABLE `SilverStripe_Example_Region` (
  `ID` int(11) NOT NULL AUTO_INCREMENT,
  `ClassName` enum('SilverStripe\\Example\\Region') DEFAULT 'SilverStripe\\Example\\Region',
  `LastEdited` datetime DEFAULT NULL,
  `Created` datetime DEFAULT NULL,
  `Version` int(11) NOT NULL DEFAULT '0',
  `Title` varchar(255) DEFAULT NULL,
  `Description` mediumtext,
  `PhotoID` int(11) NOT NULL DEFAULT '0',
  `RegionsPageID` int(11) NOT NULL DEFAULT '0',
  PRIMARY KEY (`ID`),
  KEY `ClassName` (`ClassName`),
  KEY `PhotoID` (`PhotoID`),
  KEY `RegionsPageID` (`RegionsPageID`)
) ENGINE=InnoDB AUTO_INCREMENT=5 DEFAULT CHARSET=utf8;
/*!40101 SET character_set_client = @saved_cs_client */;

--
-- Dumping data for table `SilverStripe_Example_Region`
--

LOCK TABLES `SilverStripe_Example_Region` WRITE;
/*!40000 ALTER TABLE `SilverStripe_Example_Region` DISABLE KEYS */;
INSERT INTO `SilverStripe_Example_Region` VALUES (1,'SilverStripe\\Example\\Region','2019-10-17 02:37:16','2019-10-17 02:32:51',2,'The Northeast','Description about the Northeast',10,8),(2,'SilverStripe\\Example\\Region','2019-10-17 02:37:16','2019-10-17 02:33:43',2,'The Northwest','Description about the Northwest',11,8),(3,'SilverStripe\\Example\\Region','2019-10-17 02:37:16','2019-10-17 02:34:33',2,'The Southeast','Description about the Southeast',12,8),(4,'SilverStripe\\Example\\Region','2019-10-17 02:37:16','2019-10-17 02:35:40',2,'The Southwest','Description about the Southwest',13,8);
/*!40000 ALTER TABLE `SilverStripe_Example_Region` ENABLE KEYS */;
UNLOCK TABLES;

--
-- Table structure for table `SilverStripe_Example_Region_Live`
--

DROP TABLE IF EXISTS `SilverStripe_Example_Region_Live`;
/*!40101 SET @saved_cs_client     = @@character_set_client */;
/*!40101 SET character_set_client = utf8 */;
CREATE TABLE `SilverStripe_Example_Region_Live` (
  `ID` int(11) NOT NULL AUTO_INCREMENT,
  `ClassName` enum('SilverStripe\\Example\\Region') DEFAULT 'SilverStripe\\Example\\Region',
  `LastEdited` datetime DEFAULT NULL,
  `Created` datetime DEFAULT NULL,
  `Version` int(11) NOT NULL DEFAULT '0',
  `Title` varchar(255) DEFAULT NULL,
  `Description` mediumtext,
  `PhotoID` int(11) NOT NULL DEFAULT '0',
  `RegionsPageID` int(11) NOT NULL DEFAULT '0',
  PRIMARY KEY (`ID`),
  KEY `ClassName` (`ClassName`),
  KEY `PhotoID` (`PhotoID`),
  KEY `RegionsPageID` (`RegionsPageID`)
) ENGINE=InnoDB AUTO_INCREMENT=5 DEFAULT CHARSET=utf8;
/*!40101 SET character_set_client = @saved_cs_client */;

--
-- Dumping data for table `SilverStripe_Example_Region_Live`
--

LOCK TABLES `SilverStripe_Example_Region_Live` WRITE;
/*!40000 ALTER TABLE `SilverStripe_Example_Region_Live` DISABLE KEYS */;
INSERT INTO `SilverStripe_Example_Region_Live` VALUES (1,'SilverStripe\\Example\\Region','2019-10-17 02:37:16','2019-10-17 02:32:51',2,'The Northeast','Description about the Northeast',10,8),(2,'SilverStripe\\Example\\Region','2019-10-17 02:37:16','2019-10-17 02:33:43',2,'The Northwest','Description about the Northwest',11,8),(3,'SilverStripe\\Example\\Region','2019-10-17 02:37:16','2019-10-17 02:34:33',2,'The Southeast','Description about the Southeast',12,8),(4,'SilverStripe\\Example\\Region','2019-10-17 02:37:16','2019-10-17 02:35:40',2,'The Southwest','Description about the Southwest',13,8);
/*!40000 ALTER TABLE `SilverStripe_Example_Region_Live` ENABLE KEYS */;
UNLOCK TABLES;

--
-- Table structure for table `SilverStripe_Example_Region_Versions`
--

DROP TABLE IF EXISTS `SilverStripe_Example_Region_Versions`;
/*!40101 SET @saved_cs_client     = @@character_set_client */;
/*!40101 SET character_set_client = utf8 */;
CREATE TABLE `SilverStripe_Example_Region_Versions` (
  `ID` int(11) NOT NULL AUTO_INCREMENT,
  `RecordID` int(11) NOT NULL DEFAULT '0',
  `Version` int(11) NOT NULL DEFAULT '0',
  `WasPublished` tinyint(1) unsigned NOT NULL DEFAULT '0',
  `WasDeleted` tinyint(1) unsigned NOT NULL DEFAULT '0',
  `WasDraft` tinyint(1) unsigned NOT NULL DEFAULT '0',
  `AuthorID` int(11) NOT NULL DEFAULT '0',
  `PublisherID` int(11) NOT NULL DEFAULT '0',
  `ClassName` enum('SilverStripe\\Example\\Region') DEFAULT 'SilverStripe\\Example\\Region',
  `LastEdited` datetime DEFAULT NULL,
  `Created` datetime DEFAULT NULL,
  `Title` varchar(255) DEFAULT NULL,
  `Description` mediumtext,
  `PhotoID` int(11) NOT NULL DEFAULT '0',
  `RegionsPageID` int(11) NOT NULL DEFAULT '0',
  PRIMARY KEY (`ID`),
  KEY `RecordID_Version` (`RecordID`,`Version`),
  KEY `RecordID` (`RecordID`),
  KEY `Version` (`Version`),
  KEY `AuthorID` (`AuthorID`),
  KEY `PublisherID` (`PublisherID`),
  KEY `ClassName` (`ClassName`),
  KEY `PhotoID` (`PhotoID`),
  KEY `RegionsPageID` (`RegionsPageID`)
) ENGINE=InnoDB AUTO_INCREMENT=9 DEFAULT CHARSET=utf8;
/*!40101 SET character_set_client = @saved_cs_client */;

--
-- Dumping data for table `SilverStripe_Example_Region_Versions`
--

LOCK TABLES `SilverStripe_Example_Region_Versions` WRITE;
/*!40000 ALTER TABLE `SilverStripe_Example_Region_Versions` DISABLE KEYS */;
INSERT INTO `SilverStripe_Example_Region_Versions` VALUES (1,1,1,0,0,1,1,0,'SilverStripe\\Example\\Region','2019-10-17 02:32:51','2019-10-17 02:32:51','The Northeast','Description about the Northeast',10,8),(2,2,1,0,0,1,1,0,'SilverStripe\\Example\\Region','2019-10-17 02:33:43','2019-10-17 02:33:43','The Northwest','Description about the Northwest',11,8),(3,3,1,0,0,1,1,0,'SilverStripe\\Example\\Region','2019-10-17 02:34:33','2019-10-17 02:34:33','The Southeast','Description about the Southeast',12,8),(4,4,1,0,0,1,1,0,'SilverStripe\\Example\\Region','2019-10-17 02:35:40','2019-10-17 02:35:40','The Southwest','Description about the Southwest',13,8),(5,1,2,1,0,1,1,1,'SilverStripe\\Example\\Region','2019-10-17 02:37:16','2019-10-17 02:32:51','The Northeast','Description about the Northeast',10,8),(6,2,2,1,0,1,1,1,'SilverStripe\\Example\\Region','2019-10-17 02:37:16','2019-10-17 02:33:43','The Northwest','Description about the Northwest',11,8),(7,3,2,1,0,1,1,1,'SilverStripe\\Example\\Region','2019-10-17 02:37:16','2019-10-17 02:34:33','The Southeast','Description about the Southeast',12,8),(8,4,2,1,0,1,1,1,'SilverStripe\\Example\\Region','2019-10-17 02:37:16','2019-10-17 02:35:40','The Southwest','Description about the Southwest',13,8);
/*!40000 ALTER TABLE `SilverStripe_Example_Region_Versions` ENABLE KEYS */;
UNLOCK TABLES;

--
-- Table structure for table `SiteConfig`
--

DROP TABLE IF EXISTS `SiteConfig`;
/*!40101 SET @saved_cs_client     = @@character_set_client */;
/*!40101 SET character_set_client = utf8 */;
CREATE TABLE `SiteConfig` (
  `ID` int(11) NOT NULL AUTO_INCREMENT,
  `ClassName` enum('SilverStripe\\SiteConfig\\SiteConfig') DEFAULT 'SilverStripe\\SiteConfig\\SiteConfig',
  `LastEdited` datetime DEFAULT NULL,
  `Created` datetime DEFAULT NULL,
  `Title` varchar(255) DEFAULT NULL,
  `Tagline` varchar(255) DEFAULT NULL,
  `CanViewType` enum('Anyone','LoggedInUsers','OnlyTheseUsers') DEFAULT 'Anyone',
  `CanEditType` enum('LoggedInUsers','OnlyTheseUsers') DEFAULT 'LoggedInUsers',
  `CanCreateTopLevelType` enum('LoggedInUsers','OnlyTheseUsers') DEFAULT 'LoggedInUsers',
  `FacebookLink` varchar(255) DEFAULT NULL,
  `TwitterLink` varchar(255) DEFAULT NULL,
  `YouTubeLink` varchar(255) DEFAULT NULL,
  PRIMARY KEY (`ID`),
  KEY `ClassName` (`ClassName`)
) ENGINE=InnoDB AUTO_INCREMENT=2 DEFAULT CHARSET=utf8;
/*!40101 SET character_set_client = @saved_cs_client */;

--
-- Dumping data for table `SiteConfig`
--

LOCK TABLES `SiteConfig` WRITE;
/*!40000 ALTER TABLE `SiteConfig` DISABLE KEYS */;
INSERT INTO `SiteConfig` VALUES (1,'SilverStripe\\SiteConfig\\SiteConfig','2019-10-17 21:20:54','2019-10-15 05:07:36','Your Site Name','your tagline here','Anyone','LoggedInUsers','LoggedInUsers','https://www.facebook.com/silverstripe/','https://twitter.com/silverstripe','https://www.youtube.com/user/SilverStripeSoftware');
/*!40000 ALTER TABLE `SiteConfig` ENABLE KEYS */;
UNLOCK TABLES;

--
-- Table structure for table `SiteConfig_CreateTopLevelGroups`
--

DROP TABLE IF EXISTS `SiteConfig_CreateTopLevelGroups`;
/*!40101 SET @saved_cs_client     = @@character_set_client */;
/*!40101 SET character_set_client = utf8 */;
CREATE TABLE `SiteConfig_CreateTopLevelGroups` (
  `ID` int(11) NOT NULL AUTO_INCREMENT,
  `SiteConfigID` int(11) NOT NULL DEFAULT '0',
  `GroupID` int(11) NOT NULL DEFAULT '0',
  PRIMARY KEY (`ID`),
  KEY `SiteConfigID` (`SiteConfigID`),
  KEY `GroupID` (`GroupID`)
) ENGINE=InnoDB DEFAULT CHARSET=utf8;
/*!40101 SET character_set_client = @saved_cs_client */;

--
-- Dumping data for table `SiteConfig_CreateTopLevelGroups`
--

LOCK TABLES `SiteConfig_CreateTopLevelGroups` WRITE;
/*!40000 ALTER TABLE `SiteConfig_CreateTopLevelGroups` DISABLE KEYS */;
/*!40000 ALTER TABLE `SiteConfig_CreateTopLevelGroups` ENABLE KEYS */;
UNLOCK TABLES;

--
-- Table structure for table `SiteConfig_EditorGroups`
--

DROP TABLE IF EXISTS `SiteConfig_EditorGroups`;
/*!40101 SET @saved_cs_client     = @@character_set_client */;
/*!40101 SET character_set_client = utf8 */;
CREATE TABLE `SiteConfig_EditorGroups` (
  `ID` int(11) NOT NULL AUTO_INCREMENT,
  `SiteConfigID` int(11) NOT NULL DEFAULT '0',
  `GroupID` int(11) NOT NULL DEFAULT '0',
  PRIMARY KEY (`ID`),
  KEY `SiteConfigID` (`SiteConfigID`),
  KEY `GroupID` (`GroupID`)
) ENGINE=InnoDB DEFAULT CHARSET=utf8;
/*!40101 SET character_set_client = @saved_cs_client */;

--
-- Dumping data for table `SiteConfig_EditorGroups`
--

LOCK TABLES `SiteConfig_EditorGroups` WRITE;
/*!40000 ALTER TABLE `SiteConfig_EditorGroups` DISABLE KEYS */;
/*!40000 ALTER TABLE `SiteConfig_EditorGroups` ENABLE KEYS */;
UNLOCK TABLES;

--
-- Table structure for table `SiteConfig_ViewerGroups`
--

DROP TABLE IF EXISTS `SiteConfig_ViewerGroups`;
/*!40101 SET @saved_cs_client     = @@character_set_client */;
/*!40101 SET character_set_client = utf8 */;
CREATE TABLE `SiteConfig_ViewerGroups` (
  `ID` int(11) NOT NULL AUTO_INCREMENT,
  `SiteConfigID` int(11) NOT NULL DEFAULT '0',
  `GroupID` int(11) NOT NULL DEFAULT '0',
  PRIMARY KEY (`ID`),
  KEY `SiteConfigID` (`SiteConfigID`),
  KEY `GroupID` (`GroupID`)
) ENGINE=InnoDB DEFAULT CHARSET=utf8;
/*!40101 SET character_set_client = @saved_cs_client */;

--
-- Dumping data for table `SiteConfig_ViewerGroups`
--

LOCK TABLES `SiteConfig_ViewerGroups` WRITE;
/*!40000 ALTER TABLE `SiteConfig_ViewerGroups` DISABLE KEYS */;
/*!40000 ALTER TABLE `SiteConfig_ViewerGroups` ENABLE KEYS */;
UNLOCK TABLES;

--
-- Table structure for table `SiteTree`
--

DROP TABLE IF EXISTS `SiteTree`;
/*!40101 SET @saved_cs_client     = @@character_set_client */;
/*!40101 SET character_set_client = utf8 */;
CREATE TABLE `SiteTree` (
  `ID` int(11) NOT NULL AUTO_INCREMENT,
  `ClassName` enum('SilverStripe\\CMS\\Model\\SiteTree','Page','SilverStripe\\Example\\ArticleHolder','SilverStripe\\Example\\ArticlePage','SilverStripe\\Example\\HomePage','SilverStripe\\Example\\PropertySearchPage','SilverStripe\\Example\\RegionsPage','SilverStripe\\ErrorPage\\ErrorPage','SilverStripe\\CMS\\Model\\RedirectorPage','SilverStripe\\CMS\\Model\\VirtualPage') DEFAULT 'Page',
  `LastEdited` datetime DEFAULT NULL,
  `Created` datetime DEFAULT NULL,
  `CanViewType` enum('Anyone','LoggedInUsers','OnlyTheseUsers','Inherit') DEFAULT 'Inherit',
  `CanEditType` enum('LoggedInUsers','OnlyTheseUsers','Inherit') DEFAULT 'Inherit',
  `Version` int(11) NOT NULL DEFAULT '0',
  `URLSegment` varchar(255) DEFAULT NULL,
  `Title` varchar(255) DEFAULT NULL,
  `MenuTitle` varchar(100) DEFAULT NULL,
  `Content` mediumtext,
  `MetaDescription` mediumtext,
  `ExtraMeta` mediumtext,
  `ShowInMenus` tinyint(1) unsigned NOT NULL DEFAULT '0',
  `ShowInSearch` tinyint(1) unsigned NOT NULL DEFAULT '0',
  `Sort` int(11) NOT NULL DEFAULT '0',
  `HasBrokenFile` tinyint(1) unsigned NOT NULL DEFAULT '0',
  `HasBrokenLink` tinyint(1) unsigned NOT NULL DEFAULT '0',
  `ReportClass` varchar(255) DEFAULT NULL,
  `ParentID` int(11) NOT NULL DEFAULT '0',
  PRIMARY KEY (`ID`),
  KEY `Sort` (`Sort`),
  KEY `ClassName` (`ClassName`),
  KEY `ParentID` (`ParentID`),
  KEY `URLSegment` (`URLSegment`)
) ENGINE=InnoDB AUTO_INCREMENT=214 DEFAULT CHARSET=utf8;
/*!40101 SET character_set_client = @saved_cs_client */;

--
-- Dumping data for table `SiteTree`
--

LOCK TABLES `SiteTree` WRITE;
/*!40000 ALTER TABLE `SiteTree` DISABLE KEYS */;
INSERT INTO `SiteTree` VALUES (1,'SilverStripe\\Example\\HomePage','2019-10-15 05:07:36','2019-10-15 05:07:36','Inherit','Inherit',2,'home','Home',NULL,'<p>Welcome to SilverStripe! This is the default homepage. You can edit this page by opening <a href=\"admin/\">the CMS</a>.</p><p>You can now access the <a href=\"http://docs.silverstripe.org\">developer documentation</a>, or begin the <a href=\"http://www.silverstripe.org/learn/lessons\">SilverStripe lessons</a>.</p>',NULL,NULL,1,1,1,0,0,NULL,0),(2,'Page','2019-10-15 09:51:18','2019-10-15 05:07:36','Inherit','Inherit',4,'about-us','About Us',NULL,'<p>You can fill this page out with your own content, or delete it and create your own pages.</p>',NULL,NULL,1,1,6,0,0,NULL,0),(3,'Page','2019-10-15 09:52:33','2019-10-15 05:07:37','Inherit','Inherit',6,'contact-us','Contact Us',NULL,'<p>You can fill this page out with your own content, or delete it and create your own pages.</p>',NULL,NULL,1,1,7,0,0,NULL,0),(4,'SilverStripe\\ErrorPage\\ErrorPage','2019-10-15 05:07:37','2019-10-15 05:07:37','Inherit','Inherit',2,'page-not-found','Page not found',NULL,'<p>Sorry, it seems you were trying to access a page that doesn\'t exist.</p><p>Please check the spelling of the URL you were trying to access and try again.</p>',NULL,NULL,0,0,8,0,0,NULL,0),(5,'SilverStripe\\ErrorPage\\ErrorPage','2019-10-15 05:07:37','2019-10-15 05:07:37','Inherit','Inherit',2,'server-error','Server error',NULL,'<p>Sorry, there was a problem with handling your request.</p>',NULL,NULL,0,0,9,0,0,NULL,0),(6,'SilverStripe\\Example\\PropertySearchPage','2019-10-18 08:33:05','2019-10-15 05:51:22','Inherit','Inherit',7,'find-a-rental','Find a Rental',NULL,NULL,NULL,NULL,1,1,2,0,0,NULL,0),(7,'Page','2019-10-15 05:59:28','2019-10-15 05:53:30','Inherit','Inherit',5,'list-your-rental','List Your Rental',NULL,NULL,NULL,NULL,1,1,3,0,0,NULL,0),(8,'SilverStripe\\Example\\RegionsPage','2019-10-17 02:37:16','2019-10-15 05:55:16','Inherit','Inherit',7,'regions','Regions',NULL,NULL,NULL,NULL,1,1,4,0,0,NULL,0),(9,'SilverStripe\\Example\\ArticleHolder','2019-10-15 10:28:48','2019-10-15 06:00:25','Inherit','Inherit',7,'travel-guides','Travel Guides',NULL,NULL,NULL,NULL,1,1,5,0,0,NULL,0),(10,'SilverStripe\\Example\\ArticlePage','2019-10-17 03:21:47','2019-10-15 09:58:45','Inherit','Inherit',9,'sample-article-1','Sample Article 1',NULL,'<p><span>This is sample article 1.</span></p>',NULL,NULL,1,1,1,0,0,NULL,9),(11,'SilverStripe\\Example\\ArticlePage','2019-10-17 03:22:53','2019-10-15 10:01:16','Inherit','Inherit',7,'sample-article-2','Sample Article 2',NULL,'<p><span>This is sample article 2.</span></p>',NULL,NULL,1,1,2,0,0,NULL,9),(12,'SilverStripe\\Example\\ArticlePage','2019-10-17 03:24:24','2019-10-15 10:05:04','Inherit','Inherit',7,'sample-article-3','Sample Article 3',NULL,NULL,NULL,NULL,1,1,3,0,0,NULL,9),(13,'SilverStripe\\Example\\ArticlePage','2019-10-18 00:00:20','2019-10-18 00:00:20','Inherit','Inherit',1,'test-article-4','Test Article 4',NULL,'Content of test article4','','',1,1,4,0,0,NULL,9),(14,'SilverStripe\\Example\\ArticlePage','2019-10-18 00:00:20','2019-10-18 00:00:20','Inherit','Inherit',1,'test-article-5','Test Article 5',NULL,'Content of test article5','','',1,1,5,0,0,NULL,9),(15,'SilverStripe\\Example\\ArticlePage','2019-10-18 00:00:20','2019-10-18 00:00:20','Inherit','Inherit',1,'test-article-6','Test Article 6',NULL,'Content of test article6','','',1,1,6,0,0,NULL,9),(16,'SilverStripe\\Example\\ArticlePage','2019-10-18 00:00:20','2019-10-18 00:00:20','Inherit','Inherit',1,'test-article-7','Test Article 7',NULL,'Content of test article7','','',1,1,7,0,0,NULL,9),(17,'SilverStripe\\Example\\ArticlePage','2019-10-18 00:00:20','2019-10-18 00:00:20','Inherit','Inherit',1,'test-article-8','Test Article 8',NULL,'Content of test article8','','',1,1,8,0,0,NULL,9),(18,'SilverStripe\\Example\\ArticlePage','2019-10-18 00:00:20','2019-10-18 00:00:20','Inherit','Inherit',1,'test-article-9','Test Article 9',NULL,'Content of test article9','','',1,1,9,0,0,NULL,9),(19,'SilverStripe\\Example\\ArticlePage','2019-10-18 00:00:20','2019-10-18 00:00:20','Inherit','Inherit',1,'test-article-10','Test Article 10',NULL,'Content of test article10','','',1,1,10,0,0,NULL,9),(20,'SilverStripe\\Example\\ArticlePage','2019-10-18 00:00:20','2019-10-18 00:00:20','Inherit','Inherit',1,'test-article-11','Test Article 11',NULL,'Content of test article11','','',1,1,11,0,0,NULL,9),(21,'SilverStripe\\Example\\ArticlePage','2019-10-18 00:00:20','2019-10-18 00:00:20','Inherit','Inherit',1,'test-article-12','Test Article 12',NULL,'Content of test article12','','',1,1,12,0,0,NULL,9),(22,'SilverStripe\\Example\\ArticlePage','2019-10-18 00:00:20','2019-10-18 00:00:20','Inherit','Inherit',1,'test-article-13','Test Article 13',NULL,'Content of test article13','','',1,1,13,0,0,NULL,9),(23,'SilverStripe\\Example\\ArticlePage','2019-10-18 00:00:20','2019-10-18 00:00:20','Inherit','Inherit',1,'test-article-14','Test Article 14',NULL,'Content of test article14','','',1,1,14,0,0,NULL,9),(24,'SilverStripe\\Example\\ArticlePage','2019-10-18 00:00:20','2019-10-18 00:00:20','Inherit','Inherit',1,'test-article-15','Test Article 15',NULL,'Content of test article15','','',1,1,15,0,0,NULL,9),(25,'SilverStripe\\Example\\ArticlePage','2019-10-18 00:00:20','2019-10-18 00:00:20','Inherit','Inherit',1,'test-article-16','Test Article 16',NULL,'Content of test article16','','',1,1,16,0,0,NULL,9),(26,'SilverStripe\\Example\\ArticlePage','2019-10-18 00:00:20','2019-10-18 00:00:20','Inherit','Inherit',1,'test-article-17','Test Article 17',NULL,'Content of test article17','','',1,1,17,0,0,NULL,9),(27,'SilverStripe\\Example\\ArticlePage','2019-10-18 00:00:20','2019-10-18 00:00:20','Inherit','Inherit',1,'test-article-18','Test Article 18',NULL,'Content of test article18','','',1,1,18,0,0,NULL,9),(28,'SilverStripe\\Example\\ArticlePage','2019-10-18 00:00:20','2019-10-18 00:00:20','Inherit','Inherit',1,'test-article-19','Test Article 19',NULL,'Content of test article19','','',1,1,19,0,0,NULL,9),(29,'SilverStripe\\Example\\ArticlePage','2019-10-18 00:00:20','2019-10-18 00:00:20','Inherit','Inherit',1,'test-article-20','Test Article 20',NULL,'Content of test article20','','',1,1,20,0,0,NULL,9),(30,'SilverStripe\\Example\\ArticlePage','2019-10-18 00:00:20','2019-10-18 00:00:20','Inherit','Inherit',1,'test-article-21','Test Article 21',NULL,'Content of test article21','','',1,1,21,0,0,NULL,9),(31,'SilverStripe\\Example\\ArticlePage','2019-10-18 00:00:20','2019-10-18 00:00:20','Inherit','Inherit',1,'test-article-22','Test Article 22',NULL,'Content of test article22','','',1,1,22,0,0,NULL,9),(32,'SilverStripe\\Example\\ArticlePage','2019-10-18 00:00:20','2019-10-18 00:00:20','Inherit','Inherit',1,'test-article-23','Test Article 23',NULL,'Content of test article23','','',1,1,23,0,0,NULL,9),(33,'SilverStripe\\Example\\ArticlePage','2019-10-18 00:00:20','2019-10-18 00:00:20','Inherit','Inherit',1,'test-article-24','Test Article 24',NULL,'Content of test article24','','',1,1,24,0,0,NULL,9),(34,'SilverStripe\\Example\\ArticlePage','2019-10-18 00:00:20','2019-10-18 00:00:20','Inherit','Inherit',1,'test-article-25','Test Article 25',NULL,'Content of test article25','','',1,1,25,0,0,NULL,9),(35,'SilverStripe\\Example\\ArticlePage','2019-10-18 00:00:20','2019-10-18 00:00:20','Inherit','Inherit',1,'test-article-26','Test Article 26',NULL,'Content of test article26','','',1,1,26,0,0,NULL,9),(36,'SilverStripe\\Example\\ArticlePage','2019-10-18 00:00:20','2019-10-18 00:00:20','Inherit','Inherit',1,'test-article-27','Test Article 27',NULL,'Content of test article27','','',1,1,27,0,0,NULL,9),(37,'SilverStripe\\Example\\ArticlePage','2019-10-18 00:00:21','2019-10-18 00:00:21','Inherit','Inherit',1,'test-article-28','Test Article 28',NULL,'Content of test article28','','',1,1,28,0,0,NULL,9),(38,'SilverStripe\\Example\\ArticlePage','2019-10-18 00:00:21','2019-10-18 00:00:21','Inherit','Inherit',1,'test-article-29','Test Article 29',NULL,'Content of test article29','','',1,1,29,0,0,NULL,9),(39,'SilverStripe\\Example\\ArticlePage','2019-10-18 00:00:21','2019-10-18 00:00:21','Inherit','Inherit',1,'test-article-30','Test Article 30',NULL,'Content of test article30','','',1,1,30,0,0,NULL,9),(40,'SilverStripe\\Example\\ArticlePage','2019-10-18 00:00:21','2019-10-18 00:00:21','Inherit','Inherit',1,'test-article-31','Test Article 31',NULL,'Content of test article31','','',1,1,31,0,0,NULL,9),(41,'SilverStripe\\Example\\ArticlePage','2019-10-18 00:00:21','2019-10-18 00:00:21','Inherit','Inherit',1,'test-article-32','Test Article 32',NULL,'Content of test article32','','',1,1,32,0,0,NULL,9),(42,'SilverStripe\\Example\\ArticlePage','2019-10-18 00:00:21','2019-10-18 00:00:21','Inherit','Inherit',1,'test-article-33','Test Article 33',NULL,'Content of test article33','','',1,1,33,0,0,NULL,9),(43,'SilverStripe\\Example\\ArticlePage','2019-10-18 00:00:21','2019-10-18 00:00:21','Inherit','Inherit',1,'test-article-34','Test Article 34',NULL,'Content of test article34','','',1,1,34,0,0,NULL,9),(44,'SilverStripe\\Example\\ArticlePage','2019-10-18 00:00:21','2019-10-18 00:00:21','Inherit','Inherit',1,'test-article-35','Test Article 35',NULL,'Content of test article35','','',1,1,35,0,0,NULL,9),(45,'SilverStripe\\Example\\ArticlePage','2019-10-18 00:00:21','2019-10-18 00:00:21','Inherit','Inherit',1,'test-article-36','Test Article 36',NULL,'Content of test article36','','',1,1,36,0,0,NULL,9),(46,'SilverStripe\\Example\\ArticlePage','2019-10-18 00:00:21','2019-10-18 00:00:21','Inherit','Inherit',1,'test-article-37','Test Article 37',NULL,'Content of test article37','','',1,1,37,0,0,NULL,9),(47,'SilverStripe\\Example\\ArticlePage','2019-10-18 00:00:21','2019-10-18 00:00:21','Inherit','Inherit',1,'test-article-38','Test Article 38',NULL,'Content of test article38','','',1,1,38,0,0,NULL,9),(48,'SilverStripe\\Example\\ArticlePage','2019-10-18 00:00:21','2019-10-18 00:00:21','Inherit','Inherit',1,'test-article-39','Test Article 39',NULL,'Content of test article39','','',1,1,39,0,0,NULL,9),(49,'SilverStripe\\Example\\ArticlePage','2019-10-18 00:00:21','2019-10-18 00:00:21','Inherit','Inherit',1,'test-article-40','Test Article 40',NULL,'Content of test article40','','',1,1,40,0,0,NULL,9),(50,'SilverStripe\\Example\\ArticlePage','2019-10-18 00:00:21','2019-10-18 00:00:21','Inherit','Inherit',1,'test-article-41','Test Article 41',NULL,'Content of test article41','','',1,1,41,0,0,NULL,9),(51,'SilverStripe\\Example\\ArticlePage','2019-10-18 00:00:21','2019-10-18 00:00:21','Inherit','Inherit',1,'test-article-42','Test Article 42',NULL,'Content of test article42','','',1,1,42,0,0,NULL,9),(52,'SilverStripe\\Example\\ArticlePage','2019-10-18 00:00:21','2019-10-18 00:00:21','Inherit','Inherit',1,'test-article-43','Test Article 43',NULL,'Content of test article43','','',1,1,43,0,0,NULL,9),(53,'SilverStripe\\Example\\ArticlePage','2019-10-18 00:00:21','2019-10-18 00:00:21','Inherit','Inherit',1,'test-article-44','Test Article 44',NULL,'Content of test article44','','',1,1,44,0,0,NULL,9),(54,'SilverStripe\\Example\\ArticlePage','2019-10-18 00:00:21','2019-10-18 00:00:21','Inherit','Inherit',1,'test-article-45','Test Article 45',NULL,'Content of test article45','','',1,1,45,0,0,NULL,9),(55,'SilverStripe\\Example\\ArticlePage','2019-10-18 00:00:21','2019-10-18 00:00:21','Inherit','Inherit',1,'test-article-46','Test Article 46',NULL,'Content of test article46','','',1,1,46,0,0,NULL,9),(56,'SilverStripe\\Example\\ArticlePage','2019-10-18 00:00:21','2019-10-18 00:00:21','Inherit','Inherit',1,'test-article-47','Test Article 47',NULL,'Content of test article47','','',1,1,47,0,0,NULL,9),(57,'SilverStripe\\Example\\ArticlePage','2019-10-18 00:00:21','2019-10-18 00:00:21','Inherit','Inherit',1,'test-article-48','Test Article 48',NULL,'Content of test article48','','',1,1,48,0,0,NULL,9),(58,'SilverStripe\\Example\\ArticlePage','2019-10-18 00:00:21','2019-10-18 00:00:21','Inherit','Inherit',1,'test-article-49','Test Article 49',NULL,'Content of test article49','','',1,1,49,0,0,NULL,9),(59,'SilverStripe\\Example\\ArticlePage','2019-10-18 00:00:21','2019-10-18 00:00:21','Inherit','Inherit',1,'test-article-50','Test Article 50',NULL,'Content of test article50','','',1,1,50,0,0,NULL,9),(60,'SilverStripe\\Example\\ArticlePage','2019-10-18 00:00:21','2019-10-18 00:00:21','Inherit','Inherit',1,'test-article-51','Test Article 51',NULL,'Content of test article51','','',1,1,51,0,0,NULL,9),(61,'SilverStripe\\Example\\ArticlePage','2019-10-18 00:00:21','2019-10-18 00:00:21','Inherit','Inherit',1,'test-article-52','Test Article 52',NULL,'Content of test article52','','',1,1,52,0,0,NULL,9),(62,'SilverStripe\\Example\\ArticlePage','2019-10-18 00:00:21','2019-10-18 00:00:21','Inherit','Inherit',1,'test-article-53','Test Article 53',NULL,'Content of test article53','','',1,1,53,0,0,NULL,9),(63,'SilverStripe\\Example\\ArticlePage','2019-10-18 00:00:21','2019-10-18 00:00:21','Inherit','Inherit',1,'test-article-54','Test Article 54',NULL,'Content of test article54','','',1,1,54,0,0,NULL,9),(64,'SilverStripe\\Example\\ArticlePage','2019-10-18 00:00:21','2019-10-18 00:00:21','Inherit','Inherit',1,'test-article-55','Test Article 55',NULL,'Content of test article55','','',1,1,55,0,0,NULL,9),(65,'SilverStripe\\Example\\ArticlePage','2019-10-18 00:00:21','2019-10-18 00:00:21','Inherit','Inherit',1,'test-article-56','Test Article 56',NULL,'Content of test article56','','',1,1,56,0,0,NULL,9),(66,'SilverStripe\\Example\\ArticlePage','2019-10-18 00:00:21','2019-10-18 00:00:21','Inherit','Inherit',1,'test-article-57','Test Article 57',NULL,'Content of test article57','','',1,1,57,0,0,NULL,9),(67,'SilverStripe\\Example\\ArticlePage','2019-10-18 00:00:21','2019-10-18 00:00:21','Inherit','Inherit',1,'test-article-58','Test Article 58',NULL,'Content of test article58','','',1,1,58,0,0,NULL,9),(68,'SilverStripe\\Example\\ArticlePage','2019-10-18 00:00:21','2019-10-18 00:00:21','Inherit','Inherit',1,'test-article-59','Test Article 59',NULL,'Content of test article59','','',1,1,59,0,0,NULL,9),(69,'SilverStripe\\Example\\ArticlePage','2019-10-18 00:00:21','2019-10-18 00:00:21','Inherit','Inherit',1,'test-article-60','Test Article 60',NULL,'Content of test article60','','',1,1,60,0,0,NULL,9),(70,'SilverStripe\\Example\\ArticlePage','2019-10-18 00:00:21','2019-10-18 00:00:21','Inherit','Inherit',1,'test-article-61','Test Article 61',NULL,'Content of test article61','','',1,1,61,0,0,NULL,9),(71,'SilverStripe\\Example\\ArticlePage','2019-10-18 00:00:21','2019-10-18 00:00:21','Inherit','Inherit',1,'test-article-62','Test Article 62',NULL,'Content of test article62','','',1,1,62,0,0,NULL,9),(72,'SilverStripe\\Example\\ArticlePage','2019-10-18 00:00:21','2019-10-18 00:00:21','Inherit','Inherit',1,'test-article-63','Test Article 63',NULL,'Content of test article63','','',1,1,63,0,0,NULL,9),(73,'SilverStripe\\Example\\ArticlePage','2019-10-18 00:00:21','2019-10-18 00:00:21','Inherit','Inherit',1,'test-article-64','Test Article 64',NULL,'Content of test article64','','',1,1,64,0,0,NULL,9),(74,'SilverStripe\\Example\\ArticlePage','2019-10-18 00:00:21','2019-10-18 00:00:21','Inherit','Inherit',1,'test-article-65','Test Article 65',NULL,'Content of test article65','','',1,1,65,0,0,NULL,9),(75,'SilverStripe\\Example\\ArticlePage','2019-10-18 00:00:21','2019-10-18 00:00:21','Inherit','Inherit',1,'test-article-66','Test Article 66',NULL,'Content of test article66','','',1,1,66,0,0,NULL,9),(76,'SilverStripe\\Example\\ArticlePage','2019-10-18 00:00:21','2019-10-18 00:00:21','Inherit','Inherit',1,'test-article-67','Test Article 67',NULL,'Content of test article67','','',1,1,67,0,0,NULL,9),(77,'SilverStripe\\Example\\ArticlePage','2019-10-18 00:00:21','2019-10-18 00:00:21','Inherit','Inherit',1,'test-article-68','Test Article 68',NULL,'Content of test article68','','',1,1,68,0,0,NULL,9),(78,'SilverStripe\\Example\\ArticlePage','2019-10-18 00:00:21','2019-10-18 00:00:21','Inherit','Inherit',1,'test-article-69','Test Article 69',NULL,'Content of test article69','','',1,1,69,0,0,NULL,9),(79,'SilverStripe\\Example\\ArticlePage','2019-10-18 00:00:21','2019-10-18 00:00:21','Inherit','Inherit',1,'test-article-70','Test Article 70',NULL,'Content of test article70','','',1,1,70,0,0,NULL,9),(80,'SilverStripe\\Example\\ArticlePage','2019-10-18 00:00:21','2019-10-18 00:00:21','Inherit','Inherit',1,'test-article-71','Test Article 71',NULL,'Content of test article71','','',1,1,71,0,0,NULL,9),(81,'SilverStripe\\Example\\ArticlePage','2019-10-18 00:00:21','2019-10-18 00:00:21','Inherit','Inherit',1,'test-article-72','Test Article 72',NULL,'Content of test article72','','',1,1,72,0,0,NULL,9),(82,'SilverStripe\\Example\\ArticlePage','2019-10-18 00:00:21','2019-10-18 00:00:21','Inherit','Inherit',1,'test-article-73','Test Article 73',NULL,'Content of test article73','','',1,1,73,0,0,NULL,9),(83,'SilverStripe\\Example\\ArticlePage','2019-10-18 00:00:21','2019-10-18 00:00:21','Inherit','Inherit',1,'test-article-74','Test Article 74',NULL,'Content of test article74','','',1,1,74,0,0,NULL,9),(84,'SilverStripe\\Example\\ArticlePage','2019-10-18 00:00:21','2019-10-18 00:00:21','Inherit','Inherit',1,'test-article-75','Test Article 75',NULL,'Content of test article75','','',1,1,75,0,0,NULL,9),(85,'SilverStripe\\Example\\ArticlePage','2019-10-18 00:00:21','2019-10-18 00:00:21','Inherit','Inherit',1,'test-article-76','Test Article 76',NULL,'Content of test article76','','',1,1,76,0,0,NULL,9),(86,'SilverStripe\\Example\\ArticlePage','2019-10-18 00:00:21','2019-10-18 00:00:21','Inherit','Inherit',1,'test-article-77','Test Article 77',NULL,'Content of test article77','','',1,1,77,0,0,NULL,9),(87,'SilverStripe\\Example\\ArticlePage','2019-10-18 00:00:21','2019-10-18 00:00:21','Inherit','Inherit',1,'test-article-78','Test Article 78',NULL,'Content of test article78','','',1,1,78,0,0,NULL,9),(88,'SilverStripe\\Example\\ArticlePage','2019-10-18 00:00:21','2019-10-18 00:00:21','Inherit','Inherit',1,'test-article-79','Test Article 79',NULL,'Content of test article79','','',1,1,79,0,0,NULL,9),(89,'SilverStripe\\Example\\ArticlePage','2019-10-18 00:00:21','2019-10-18 00:00:21','Inherit','Inherit',1,'test-article-80','Test Article 80',NULL,'Content of test article80','','',1,1,80,0,0,NULL,9),(90,'SilverStripe\\Example\\ArticlePage','2019-10-18 00:00:21','2019-10-18 00:00:21','Inherit','Inherit',1,'test-article-81','Test Article 81',NULL,'Content of test article81','','',1,1,81,0,0,NULL,9),(91,'SilverStripe\\Example\\ArticlePage','2019-10-18 00:00:21','2019-10-18 00:00:21','Inherit','Inherit',1,'test-article-82','Test Article 82',NULL,'Content of test article82','','',1,1,82,0,0,NULL,9),(92,'SilverStripe\\Example\\ArticlePage','2019-10-18 00:00:21','2019-10-18 00:00:21','Inherit','Inherit',1,'test-article-83','Test Article 83',NULL,'Content of test article83','','',1,1,83,0,0,NULL,9),(93,'SilverStripe\\Example\\ArticlePage','2019-10-18 00:00:21','2019-10-18 00:00:21','Inherit','Inherit',1,'test-article-84','Test Article 84',NULL,'Content of test article84','','',1,1,84,0,0,NULL,9),(94,'SilverStripe\\Example\\ArticlePage','2019-10-18 00:00:21','2019-10-18 00:00:21','Inherit','Inherit',1,'test-article-85','Test Article 85',NULL,'Content of test article85','','',1,1,85,0,0,NULL,9),(95,'SilverStripe\\Example\\ArticlePage','2019-10-18 00:00:21','2019-10-18 00:00:21','Inherit','Inherit',1,'test-article-86','Test Article 86',NULL,'Content of test article86','','',1,1,86,0,0,NULL,9),(96,'SilverStripe\\Example\\ArticlePage','2019-10-18 00:00:21','2019-10-18 00:00:21','Inherit','Inherit',1,'test-article-87','Test Article 87',NULL,'Content of test article87','','',1,1,87,0,0,NULL,9),(97,'SilverStripe\\Example\\ArticlePage','2019-10-18 00:00:21','2019-10-18 00:00:21','Inherit','Inherit',1,'test-article-88','Test Article 88',NULL,'Content of test article88','','',1,1,88,0,0,NULL,9),(98,'SilverStripe\\Example\\ArticlePage','2019-10-18 00:00:21','2019-10-18 00:00:21','Inherit','Inherit',1,'test-article-89','Test Article 89',NULL,'Content of test article89','','',1,1,89,0,0,NULL,9),(99,'SilverStripe\\Example\\ArticlePage','2019-10-18 00:00:21','2019-10-18 00:00:21','Inherit','Inherit',1,'test-article-90','Test Article 90',NULL,'Content of test article90','','',1,1,90,0,0,NULL,9),(100,'SilverStripe\\Example\\ArticlePage','2019-10-18 00:00:21','2019-10-18 00:00:21','Inherit','Inherit',1,'test-article-91','Test Article 91',NULL,'Content of test article91','','',1,1,91,0,0,NULL,9),(101,'SilverStripe\\Example\\ArticlePage','2019-10-18 00:00:21','2019-10-18 00:00:21','Inherit','Inherit',1,'test-article-92','Test Article 92',NULL,'Content of test article92','','',1,1,92,0,0,NULL,9),(102,'SilverStripe\\Example\\ArticlePage','2019-10-18 00:00:21','2019-10-18 00:00:21','Inherit','Inherit',1,'test-article-93','Test Article 93',NULL,'Content of test article93','','',1,1,93,0,0,NULL,9),(103,'SilverStripe\\Example\\ArticlePage','2019-10-18 00:00:21','2019-10-18 00:00:21','Inherit','Inherit',1,'test-article-94','Test Article 94',NULL,'Content of test article94','','',1,1,94,0,0,NULL,9),(104,'SilverStripe\\Example\\ArticlePage','2019-10-18 00:00:21','2019-10-18 00:00:21','Inherit','Inherit',1,'test-article-95','Test Article 95',NULL,'Content of test article95','','',1,1,95,0,0,NULL,9),(105,'SilverStripe\\Example\\ArticlePage','2019-10-18 00:00:21','2019-10-18 00:00:21','Inherit','Inherit',1,'test-article-96','Test Article 96',NULL,'Content of test article96','','',1,1,96,0,0,NULL,9),(106,'SilverStripe\\Example\\ArticlePage','2019-10-18 00:00:21','2019-10-18 00:00:21','Inherit','Inherit',1,'test-article-97','Test Article 97',NULL,'Content of test article97','','',1,1,97,0,0,NULL,9),(107,'SilverStripe\\Example\\ArticlePage','2019-10-18 00:00:21','2019-10-18 00:00:21','Inherit','Inherit',1,'test-article-98','Test Article 98',NULL,'Content of test article98','','',1,1,98,0,0,NULL,9),(108,'SilverStripe\\Example\\ArticlePage','2019-10-18 00:00:21','2019-10-18 00:00:21','Inherit','Inherit',1,'test-article-99','Test Article 99',NULL,'Content of test article99','','',1,1,99,0,0,NULL,9),(109,'SilverStripe\\Example\\ArticlePage','2019-10-18 00:00:21','2019-10-18 00:00:21','Inherit','Inherit',1,'test-article-100','Test Article 100',NULL,'Content of test article100','','',1,1,100,0,0,NULL,9),(110,'SilverStripe\\Example\\ArticlePage','2019-10-18 00:00:21','2019-10-18 00:00:21','Inherit','Inherit',1,'test-article-101','Test Article 101',NULL,'Content of test article101','','',1,1,101,0,0,NULL,9),(111,'SilverStripe\\Example\\ArticlePage','2019-10-18 00:00:22','2019-10-18 00:00:22','Inherit','Inherit',1,'test-article-102','Test Article 102',NULL,'Content of test article102','','',1,1,102,0,0,NULL,9),(112,'SilverStripe\\Example\\ArticlePage','2019-10-18 00:00:22','2019-10-18 00:00:22','Inherit','Inherit',1,'test-article-103','Test Article 103',NULL,'Content of test article103','','',1,1,103,0,0,NULL,9),(113,'SilverStripe\\Example\\ArticlePage','2019-10-18 00:00:22','2019-10-18 00:00:22','Inherit','Inherit',1,'test-article-104','Test Article 104',NULL,'Content of test article104','','',1,1,104,0,0,NULL,9),(114,'SilverStripe\\Example\\ArticlePage','2019-10-18 00:00:22','2019-10-18 00:00:22','Inherit','Inherit',1,'test-article-105','Test Article 105',NULL,'Content of test article105','','',1,1,105,0,0,NULL,9),(115,'SilverStripe\\Example\\ArticlePage','2019-10-18 00:00:22','2019-10-18 00:00:22','Inherit','Inherit',1,'test-article-106','Test Article 106',NULL,'Content of test article106','','',1,1,106,0,0,NULL,9),(116,'SilverStripe\\Example\\ArticlePage','2019-10-18 00:00:22','2019-10-18 00:00:22','Inherit','Inherit',1,'test-article-107','Test Article 107',NULL,'Content of test article107','','',1,1,107,0,0,NULL,9),(117,'SilverStripe\\Example\\ArticlePage','2019-10-18 00:00:22','2019-10-18 00:00:22','Inherit','Inherit',1,'test-article-108','Test Article 108',NULL,'Content of test article108','','',1,1,108,0,0,NULL,9),(118,'SilverStripe\\Example\\ArticlePage','2019-10-18 00:00:22','2019-10-18 00:00:22','Inherit','Inherit',1,'test-article-109','Test Article 109',NULL,'Content of test article109','','',1,1,109,0,0,NULL,9),(119,'SilverStripe\\Example\\ArticlePage','2019-10-18 00:00:22','2019-10-18 00:00:22','Inherit','Inherit',1,'test-article-110','Test Article 110',NULL,'Content of test article110','','',1,1,110,0,0,NULL,9),(120,'SilverStripe\\Example\\ArticlePage','2019-10-18 00:00:22','2019-10-18 00:00:22','Inherit','Inherit',1,'test-article-111','Test Article 111',NULL,'Content of test article111','','',1,1,111,0,0,NULL,9),(121,'SilverStripe\\Example\\ArticlePage','2019-10-18 00:00:22','2019-10-18 00:00:22','Inherit','Inherit',1,'test-article-112','Test Article 112',NULL,'Content of test article112','','',1,1,112,0,0,NULL,9),(122,'SilverStripe\\Example\\ArticlePage','2019-10-18 00:00:22','2019-10-18 00:00:22','Inherit','Inherit',1,'test-article-113','Test Article 113',NULL,'Content of test article113','','',1,1,113,0,0,NULL,9),(123,'SilverStripe\\Example\\ArticlePage','2019-10-18 00:00:22','2019-10-18 00:00:22','Inherit','Inherit',1,'test-article-114','Test Article 114',NULL,'Content of test article114','','',1,1,114,0,0,NULL,9),(124,'SilverStripe\\Example\\ArticlePage','2019-10-18 00:00:22','2019-10-18 00:00:22','Inherit','Inherit',1,'test-article-115','Test Article 115',NULL,'Content of test article115','','',1,1,115,0,0,NULL,9),(125,'SilverStripe\\Example\\ArticlePage','2019-10-18 00:00:22','2019-10-18 00:00:22','Inherit','Inherit',1,'test-article-116','Test Article 116',NULL,'Content of test article116','','',1,1,116,0,0,NULL,9),(126,'SilverStripe\\Example\\ArticlePage','2019-10-18 00:00:22','2019-10-18 00:00:22','Inherit','Inherit',1,'test-article-117','Test Article 117',NULL,'Content of test article117','','',1,1,117,0,0,NULL,9),(127,'SilverStripe\\Example\\ArticlePage','2019-10-18 00:00:22','2019-10-18 00:00:22','Inherit','Inherit',1,'test-article-118','Test Article 118',NULL,'Content of test article118','','',1,1,118,0,0,NULL,9),(128,'SilverStripe\\Example\\ArticlePage','2019-10-18 00:00:22','2019-10-18 00:00:22','Inherit','Inherit',1,'test-article-119','Test Article 119',NULL,'Content of test article119','','',1,1,119,0,0,NULL,9),(129,'SilverStripe\\Example\\ArticlePage','2019-10-18 00:00:22','2019-10-18 00:00:22','Inherit','Inherit',1,'test-article-120','Test Article 120',NULL,'Content of test article120','','',1,1,120,0,0,NULL,9),(130,'SilverStripe\\Example\\ArticlePage','2019-10-18 00:00:22','2019-10-18 00:00:22','Inherit','Inherit',1,'test-article-121','Test Article 121',NULL,'Content of test article121','','',1,1,121,0,0,NULL,9),(131,'SilverStripe\\Example\\ArticlePage','2019-10-18 00:00:22','2019-10-18 00:00:22','Inherit','Inherit',1,'test-article-122','Test Article 122',NULL,'Content of test article122','','',1,1,122,0,0,NULL,9),(132,'SilverStripe\\Example\\ArticlePage','2019-10-18 00:00:22','2019-10-18 00:00:22','Inherit','Inherit',1,'test-article-123','Test Article 123',NULL,'Content of test article123','','',1,1,123,0,0,NULL,9),(133,'SilverStripe\\Example\\ArticlePage','2019-10-18 00:00:22','2019-10-18 00:00:22','Inherit','Inherit',1,'test-article-124','Test Article 124',NULL,'Content of test article124','','',1,1,124,0,0,NULL,9),(134,'SilverStripe\\Example\\ArticlePage','2019-10-18 00:00:22','2019-10-18 00:00:22','Inherit','Inherit',1,'test-article-125','Test Article 125',NULL,'Content of test article125','','',1,1,125,0,0,NULL,9),(135,'SilverStripe\\Example\\ArticlePage','2019-10-18 00:00:22','2019-10-18 00:00:22','Inherit','Inherit',1,'test-article-126','Test Article 126',NULL,'Content of test article126','','',1,1,126,0,0,NULL,9),(136,'SilverStripe\\Example\\ArticlePage','2019-10-18 00:00:22','2019-10-18 00:00:22','Inherit','Inherit',1,'test-article-127','Test Article 127',NULL,'Content of test article127','','',1,1,127,0,0,NULL,9),(137,'SilverStripe\\Example\\ArticlePage','2019-10-18 00:00:22','2019-10-18 00:00:22','Inherit','Inherit',1,'test-article-128','Test Article 128',NULL,'Content of test article128','','',1,1,128,0,0,NULL,9),(138,'SilverStripe\\Example\\ArticlePage','2019-10-18 00:00:22','2019-10-18 00:00:22','Inherit','Inherit',1,'test-article-129','Test Article 129',NULL,'Content of test article129','','',1,1,129,0,0,NULL,9),(139,'SilverStripe\\Example\\ArticlePage','2019-10-18 00:00:22','2019-10-18 00:00:22','Inherit','Inherit',1,'test-article-130','Test Article 130',NULL,'Content of test article130','','',1,1,130,0,0,NULL,9),(140,'SilverStripe\\Example\\ArticlePage','2019-10-18 00:00:22','2019-10-18 00:00:22','Inherit','Inherit',1,'test-article-131','Test Article 131',NULL,'Content of test article131','','',1,1,131,0,0,NULL,9),(141,'SilverStripe\\Example\\ArticlePage','2019-10-18 00:00:22','2019-10-18 00:00:22','Inherit','Inherit',1,'test-article-132','Test Article 132',NULL,'Content of test article132','','',1,1,132,0,0,NULL,9),(142,'SilverStripe\\Example\\ArticlePage','2019-10-18 00:00:22','2019-10-18 00:00:22','Inherit','Inherit',1,'test-article-133','Test Article 133',NULL,'Content of test article133','','',1,1,133,0,0,NULL,9),(143,'SilverStripe\\Example\\ArticlePage','2019-10-18 00:00:22','2019-10-18 00:00:22','Inherit','Inherit',1,'test-article-134','Test Article 134',NULL,'Content of test article134','','',1,1,134,0,0,NULL,9),(144,'SilverStripe\\Example\\ArticlePage','2019-10-18 00:00:22','2019-10-18 00:00:22','Inherit','Inherit',1,'test-article-135','Test Article 135',NULL,'Content of test article135','','',1,1,135,0,0,NULL,9),(145,'SilverStripe\\Example\\ArticlePage','2019-10-18 00:00:22','2019-10-18 00:00:22','Inherit','Inherit',1,'test-article-136','Test Article 136',NULL,'Content of test article136','','',1,1,136,0,0,NULL,9),(146,'SilverStripe\\Example\\ArticlePage','2019-10-18 00:00:22','2019-10-18 00:00:22','Inherit','Inherit',1,'test-article-137','Test Article 137',NULL,'Content of test article137','','',1,1,137,0,0,NULL,9),(147,'SilverStripe\\Example\\ArticlePage','2019-10-18 00:00:22','2019-10-18 00:00:22','Inherit','Inherit',1,'test-article-138','Test Article 138',NULL,'Content of test article138','','',1,1,138,0,0,NULL,9),(148,'SilverStripe\\Example\\ArticlePage','2019-10-18 00:00:22','2019-10-18 00:00:22','Inherit','Inherit',1,'test-article-139','Test Article 139',NULL,'Content of test article139','','',1,1,139,0,0,NULL,9),(149,'SilverStripe\\Example\\ArticlePage','2019-10-18 00:00:22','2019-10-18 00:00:22','Inherit','Inherit',1,'test-article-140','Test Article 140',NULL,'Content of test article140','','',1,1,140,0,0,NULL,9),(150,'SilverStripe\\Example\\ArticlePage','2019-10-18 00:00:22','2019-10-18 00:00:22','Inherit','Inherit',1,'test-article-141','Test Article 141',NULL,'Content of test article141','','',1,1,141,0,0,NULL,9),(151,'SilverStripe\\Example\\ArticlePage','2019-10-18 00:00:22','2019-10-18 00:00:22','Inherit','Inherit',1,'test-article-142','Test Article 142',NULL,'Content of test article142','','',1,1,142,0,0,NULL,9),(152,'SilverStripe\\Example\\ArticlePage','2019-10-18 00:00:22','2019-10-18 00:00:22','Inherit','Inherit',1,'test-article-143','Test Article 143',NULL,'Content of test article143','','',1,1,143,0,0,NULL,9),(153,'SilverStripe\\Example\\ArticlePage','2019-10-18 00:00:22','2019-10-18 00:00:22','Inherit','Inherit',1,'test-article-144','Test Article 144',NULL,'Content of test article144','','',1,1,144,0,0,NULL,9),(154,'SilverStripe\\Example\\ArticlePage','2019-10-18 00:00:22','2019-10-18 00:00:22','Inherit','Inherit',1,'test-article-145','Test Article 145',NULL,'Content of test article145','','',1,1,145,0,0,NULL,9),(155,'SilverStripe\\Example\\ArticlePage','2019-10-18 00:00:22','2019-10-18 00:00:22','Inherit','Inherit',1,'test-article-146','Test Article 146',NULL,'Content of test article146','','',1,1,146,0,0,NULL,9),(156,'SilverStripe\\Example\\ArticlePage','2019-10-18 00:00:22','2019-10-18 00:00:22','Inherit','Inherit',1,'test-article-147','Test Article 147',NULL,'Content of test article147','','',1,1,147,0,0,NULL,9),(157,'SilverStripe\\Example\\ArticlePage','2019-10-18 00:00:22','2019-10-18 00:00:22','Inherit','Inherit',1,'test-article-148','Test Article 148',NULL,'Content of test article148','','',1,1,148,0,0,NULL,9),(158,'SilverStripe\\Example\\ArticlePage','2019-10-18 00:00:22','2019-10-18 00:00:22','Inherit','Inherit',1,'test-article-149','Test Article 149',NULL,'Content of test article149','','',1,1,149,0,0,NULL,9),(159,'SilverStripe\\Example\\ArticlePage','2019-10-18 00:00:22','2019-10-18 00:00:22','Inherit','Inherit',1,'test-article-150','Test Article 150',NULL,'Content of test article150','','',1,1,150,0,0,NULL,9),(160,'SilverStripe\\Example\\ArticlePage','2019-10-18 00:00:22','2019-10-18 00:00:22','Inherit','Inherit',1,'test-article-151','Test Article 151',NULL,'Content of test article151','','',1,1,151,0,0,NULL,9),(161,'SilverStripe\\Example\\ArticlePage','2019-10-18 00:00:22','2019-10-18 00:00:22','Inherit','Inherit',1,'test-article-152','Test Article 152',NULL,'Content of test article152','','',1,1,152,0,0,NULL,9),(162,'SilverStripe\\Example\\ArticlePage','2019-10-18 00:00:22','2019-10-18 00:00:22','Inherit','Inherit',1,'test-article-153','Test Article 153',NULL,'Content of test article153','','',1,1,153,0,0,NULL,9),(163,'SilverStripe\\Example\\ArticlePage','2019-10-18 00:00:22','2019-10-18 00:00:22','Inherit','Inherit',1,'test-article-154','Test Article 154',NULL,'Content of test article154','','',1,1,154,0,0,NULL,9),(164,'SilverStripe\\Example\\ArticlePage','2019-10-18 00:00:22','2019-10-18 00:00:22','Inherit','Inherit',1,'test-article-155','Test Article 155',NULL,'Content of test article155','','',1,1,155,0,0,NULL,9),(165,'SilverStripe\\Example\\ArticlePage','2019-10-18 00:00:22','2019-10-18 00:00:22','Inherit','Inherit',1,'test-article-156','Test Article 156',NULL,'Content of test article156','','',1,1,156,0,0,NULL,9),(166,'SilverStripe\\Example\\ArticlePage','2019-10-18 00:00:22','2019-10-18 00:00:22','Inherit','Inherit',1,'test-article-157','Test Article 157',NULL,'Content of test article157','','',1,1,157,0,0,NULL,9),(167,'SilverStripe\\Example\\ArticlePage','2019-10-18 00:00:22','2019-10-18 00:00:22','Inherit','Inherit',1,'test-article-158','Test Article 158',NULL,'Content of test article158','','',1,1,158,0,0,NULL,9),(168,'SilverStripe\\Example\\ArticlePage','2019-10-18 00:00:22','2019-10-18 00:00:22','Inherit','Inherit',1,'test-article-159','Test Article 159',NULL,'Content of test article159','','',1,1,159,0,0,NULL,9),(169,'SilverStripe\\Example\\ArticlePage','2019-10-18 00:00:22','2019-10-18 00:00:22','Inherit','Inherit',1,'test-article-160','Test Article 160',NULL,'Content of test article160','','',1,1,160,0,0,NULL,9),(170,'SilverStripe\\Example\\ArticlePage','2019-10-18 00:00:22','2019-10-18 00:00:22','Inherit','Inherit',1,'test-article-161','Test Article 161',NULL,'Content of test article161','','',1,1,161,0,0,NULL,9),(171,'SilverStripe\\Example\\ArticlePage','2019-10-18 00:00:22','2019-10-18 00:00:22','Inherit','Inherit',1,'test-article-162','Test Article 162',NULL,'Content of test article162','','',1,1,162,0,0,NULL,9),(172,'SilverStripe\\Example\\ArticlePage','2019-10-18 00:00:22','2019-10-18 00:00:22','Inherit','Inherit',1,'test-article-163','Test Article 163',NULL,'Content of test article163','','',1,1,163,0,0,NULL,9),(173,'SilverStripe\\Example\\ArticlePage','2019-10-18 00:00:22','2019-10-18 00:00:22','Inherit','Inherit',1,'test-article-164','Test Article 164',NULL,'Content of test article164','','',1,1,164,0,0,NULL,9),(174,'SilverStripe\\Example\\ArticlePage','2019-10-18 00:00:22','2019-10-18 00:00:22','Inherit','Inherit',1,'test-article-165','Test Article 165',NULL,'Content of test article165','','',1,1,165,0,0,NULL,9),(175,'SilverStripe\\Example\\ArticlePage','2019-10-18 00:00:22','2019-10-18 00:00:22','Inherit','Inherit',1,'test-article-166','Test Article 166',NULL,'Content of test article166','','',1,1,166,0,0,NULL,9),(176,'SilverStripe\\Example\\ArticlePage','2019-10-18 00:00:22','2019-10-18 00:00:22','Inherit','Inherit',1,'test-article-167','Test Article 167',NULL,'Content of test article167','','',1,1,167,0,0,NULL,9),(177,'SilverStripe\\Example\\ArticlePage','2019-10-18 00:00:22','2019-10-18 00:00:22','Inherit','Inherit',1,'test-article-168','Test Article 168',NULL,'Content of test article168','','',1,1,168,0,0,NULL,9),(178,'SilverStripe\\Example\\ArticlePage','2019-10-18 00:00:22','2019-10-18 00:00:22','Inherit','Inherit',1,'test-article-169','Test Article 169',NULL,'Content of test article169','','',1,1,169,0,0,NULL,9),(179,'SilverStripe\\Example\\ArticlePage','2019-10-18 00:00:22','2019-10-18 00:00:22','Inherit','Inherit',1,'test-article-170','Test Article 170',NULL,'Content of test article170','','',1,1,170,0,0,NULL,9),(180,'SilverStripe\\Example\\ArticlePage','2019-10-18 00:00:22','2019-10-18 00:00:22','Inherit','Inherit',1,'test-article-171','Test Article 171',NULL,'Content of test article171','','',1,1,171,0,0,NULL,9),(181,'SilverStripe\\Example\\ArticlePage','2019-10-18 00:00:22','2019-10-18 00:00:22','Inherit','Inherit',1,'test-article-172','Test Article 172',NULL,'Content of test article172','','',1,1,172,0,0,NULL,9),(182,'SilverStripe\\Example\\ArticlePage','2019-10-18 00:00:22','2019-10-18 00:00:22','Inherit','Inherit',1,'test-article-173','Test Article 173',NULL,'Content of test article173','','',1,1,173,0,0,NULL,9),(183,'SilverStripe\\Example\\ArticlePage','2019-10-18 00:00:22','2019-10-18 00:00:22','Inherit','Inherit',1,'test-article-174','Test Article 174',NULL,'Content of test article174','','',1,1,174,0,0,NULL,9),(184,'SilverStripe\\Example\\ArticlePage','2019-10-18 00:00:23','2019-10-18 00:00:23','Inherit','Inherit',1,'test-article-175','Test Article 175',NULL,'Content of test article175','','',1,1,175,0,0,NULL,9),(185,'SilverStripe\\Example\\ArticlePage','2019-10-18 00:00:23','2019-10-18 00:00:23','Inherit','Inherit',1,'test-article-176','Test Article 176',NULL,'Content of test article176','','',1,1,176,0,0,NULL,9),(186,'SilverStripe\\Example\\ArticlePage','2019-10-18 00:00:23','2019-10-18 00:00:23','Inherit','Inherit',1,'test-article-177','Test Article 177',NULL,'Content of test article177','','',1,1,177,0,0,NULL,9),(187,'SilverStripe\\Example\\ArticlePage','2019-10-18 00:00:23','2019-10-18 00:00:23','Inherit','Inherit',1,'test-article-178','Test Article 178',NULL,'Content of test article178','','',1,1,178,0,0,NULL,9),(188,'SilverStripe\\Example\\ArticlePage','2019-10-18 00:00:23','2019-10-18 00:00:23','Inherit','Inherit',1,'test-article-179','Test Article 179',NULL,'Content of test article179','','',1,1,179,0,0,NULL,9),(189,'SilverStripe\\Example\\ArticlePage','2019-10-18 00:00:23','2019-10-18 00:00:23','Inherit','Inherit',1,'test-article-180','Test Article 180',NULL,'Content of test article180','','',1,1,180,0,0,NULL,9),(190,'SilverStripe\\Example\\ArticlePage','2019-10-18 00:00:23','2019-10-18 00:00:23','Inherit','Inherit',1,'test-article-181','Test Article 181',NULL,'Content of test article181','','',1,1,181,0,0,NULL,9),(191,'SilverStripe\\Example\\ArticlePage','2019-10-18 00:00:23','2019-10-18 00:00:23','Inherit','Inherit',1,'test-article-182','Test Article 182',NULL,'Content of test article182','','',1,1,182,0,0,NULL,9),(192,'SilverStripe\\Example\\ArticlePage','2019-10-18 00:00:23','2019-10-18 00:00:23','Inherit','Inherit',1,'test-article-183','Test Article 183',NULL,'Content of test article183','','',1,1,183,0,0,NULL,9),(193,'SilverStripe\\Example\\ArticlePage','2019-10-18 00:00:23','2019-10-18 00:00:23','Inherit','Inherit',1,'test-article-184','Test Article 184',NULL,'Content of test article184','','',1,1,184,0,0,NULL,9),(194,'SilverStripe\\Example\\ArticlePage','2019-10-18 00:00:23','2019-10-18 00:00:23','Inherit','Inherit',1,'test-article-185','Test Article 185',NULL,'Content of test article185','','',1,1,185,0,0,NULL,9),(195,'SilverStripe\\Example\\ArticlePage','2019-10-18 00:00:23','2019-10-18 00:00:23','Inherit','Inherit',1,'test-article-186','Test Article 186',NULL,'Content of test article186','','',1,1,186,0,0,NULL,9),(196,'SilverStripe\\Example\\ArticlePage','2019-10-18 00:00:23','2019-10-18 00:00:23','Inherit','Inherit',1,'test-article-187','Test Article 187',NULL,'Content of test article187','','',1,1,187,0,0,NULL,9),(197,'SilverStripe\\Example\\ArticlePage','2019-10-18 00:00:23','2019-10-18 00:00:23','Inherit','Inherit',1,'test-article-188','Test Article 188',NULL,'Content of test article188','','',1,1,188,0,0,NULL,9),(198,'SilverStripe\\Example\\ArticlePage','2019-10-18 00:00:23','2019-10-18 00:00:23','Inherit','Inherit',1,'test-article-189','Test Article 189',NULL,'Content of test article189','','',1,1,189,0,0,NULL,9),(199,'SilverStripe\\Example\\ArticlePage','2019-10-18 00:00:23','2019-10-18 00:00:23','Inherit','Inherit',1,'test-article-190','Test Article 190',NULL,'Content of test article190','','',1,1,190,0,0,NULL,9),(200,'SilverStripe\\Example\\ArticlePage','2019-10-18 00:00:23','2019-10-18 00:00:23','Inherit','Inherit',1,'test-article-191','Test Article 191',NULL,'Content of test article191','','',1,1,191,0,0,NULL,9),(201,'SilverStripe\\Example\\ArticlePage','2019-10-18 00:00:23','2019-10-18 00:00:23','Inherit','Inherit',1,'test-article-192','Test Article 192',NULL,'Content of test article192','','',1,1,192,0,0,NULL,9),(202,'SilverStripe\\Example\\ArticlePage','2019-10-18 00:00:23','2019-10-18 00:00:23','Inherit','Inherit',1,'test-article-193','Test Article 193',NULL,'Content of test article193','','',1,1,193,0,0,NULL,9),(203,'SilverStripe\\Example\\ArticlePage','2019-10-18 00:00:23','2019-10-18 00:00:23','Inherit','Inherit',1,'test-article-194','Test Article 194',NULL,'Content of test article194','','',1,1,194,0,0,NULL,9),(204,'SilverStripe\\Example\\ArticlePage','2019-10-18 00:00:23','2019-10-18 00:00:23','Inherit','Inherit',1,'test-article-195','Test Article 195',NULL,'Content of test article195','','',1,1,195,0,0,NULL,9),(205,'SilverStripe\\Example\\ArticlePage','2019-10-18 00:00:23','2019-10-18 00:00:23','Inherit','Inherit',1,'test-article-196','Test Article 196',NULL,'Content of test article196','','',1,1,196,0,0,NULL,9),(206,'SilverStripe\\Example\\ArticlePage','2019-10-18 00:00:23','2019-10-18 00:00:23','Inherit','Inherit',1,'test-article-197','Test Article 197',NULL,'Content of test article197','','',1,1,197,0,0,NULL,9),(207,'SilverStripe\\Example\\ArticlePage','2019-10-18 00:00:23','2019-10-18 00:00:23','Inherit','Inherit',1,'test-article-198','Test Article 198',NULL,'Content of test article198','','',1,1,198,0,0,NULL,9),(208,'SilverStripe\\Example\\ArticlePage','2019-10-18 00:00:23','2019-10-18 00:00:23','Inherit','Inherit',1,'test-article-199','Test Article 199',NULL,'Content of test article199','','',1,1,199,0,0,NULL,9),(209,'SilverStripe\\Example\\ArticlePage','2019-10-18 00:00:23','2019-10-18 00:00:23','Inherit','Inherit',1,'test-article-200','Test Article 200',NULL,'Content of test article200','','',1,1,200,0,0,NULL,9),(210,'SilverStripe\\Example\\ArticlePage','2019-10-18 00:00:23','2019-10-18 00:00:23','Inherit','Inherit',1,'test-article-201','Test Article 201',NULL,'Content of test article201','','',1,1,201,0,0,NULL,9),(211,'SilverStripe\\Example\\ArticlePage','2019-10-18 00:00:23','2019-10-18 00:00:23','Inherit','Inherit',1,'test-article-202','Test Article 202',NULL,'Content of test article202','','',1,1,202,0,0,NULL,9),(212,'SilverStripe\\Example\\ArticlePage','2019-10-18 00:00:23','2019-10-18 00:00:23','Inherit','Inherit',1,'test-article-203','Test Article 203',NULL,'Content of test article203','','',1,1,203,0,0,NULL,9),(213,'SilverStripe\\Example\\ArticlePage','2019-10-18 00:00:23','2019-10-18 00:00:23','Inherit','Inherit',1,'test-article-204','Test Article 204',NULL,'Content of test article204','','',1,1,204,0,0,NULL,9);
/*!40000 ALTER TABLE `SiteTree` ENABLE KEYS */;
UNLOCK TABLES;

--
-- Table structure for table `SiteTreeLink`
--

DROP TABLE IF EXISTS `SiteTreeLink`;
/*!40101 SET @saved_cs_client     = @@character_set_client */;
/*!40101 SET character_set_client = utf8 */;
CREATE TABLE `SiteTreeLink` (
  `ID` int(11) NOT NULL AUTO_INCREMENT,
  `ClassName` enum('SilverStripe\\CMS\\Model\\SiteTreeLink') DEFAULT 'SilverStripe\\CMS\\Model\\SiteTreeLink',
  `LastEdited` datetime DEFAULT NULL,
  `Created` datetime DEFAULT NULL,
  `LinkedID` int(11) NOT NULL DEFAULT '0',
  `ParentID` int(11) NOT NULL DEFAULT '0',
  `ParentClass` enum('SilverStripe\\Example\\ArticleCategory','SilverStripe\\Example\\ArticleComment','SilverStripe\\Example\\Property','SilverStripe\\Example\\Region','SilverStripe\\Assets\\File','SilverStripe\\SiteConfig\\SiteConfig','SilverStripe\\Versioned\\ChangeSet','SilverStripe\\Versioned\\ChangeSetItem','SilverStripe\\Assets\\Shortcodes\\FileLink','SilverStripe\\CMS\\Model\\SiteTree','SilverStripe\\CMS\\Model\\SiteTreeLink','SilverStripe\\Security\\Group','SilverStripe\\Security\\LoginAttempt','SilverStripe\\Security\\Member','SilverStripe\\Security\\MemberPassword','SilverStripe\\Security\\Permission','SilverStripe\\Security\\PermissionRole','SilverStripe\\Security\\PermissionRoleCode','SilverStripe\\Security\\RememberLoginHash','SilverStripe\\Assets\\Folder','SilverStripe\\Assets\\Image','Page','SilverStripe\\Example\\ArticleHolder','SilverStripe\\Example\\ArticlePage','SilverStripe\\Example\\HomePage','SilverStripe\\Example\\PropertySearchPage','SilverStripe\\Example\\RegionsPage','SilverStripe\\ErrorPage\\ErrorPage','SilverStripe\\CMS\\Model\\RedirectorPage','SilverStripe\\CMS\\Model\\VirtualPage') DEFAULT 'SilverStripe\\Example\\ArticleCategory',
  PRIMARY KEY (`ID`),
  KEY `ClassName` (`ClassName`),
  KEY `LinkedID` (`LinkedID`),
  KEY `Parent` (`ParentID`,`ParentClass`)
) ENGINE=InnoDB DEFAULT CHARSET=utf8;
/*!40101 SET character_set_client = @saved_cs_client */;

--
-- Dumping data for table `SiteTreeLink`
--

LOCK TABLES `SiteTreeLink` WRITE;
/*!40000 ALTER TABLE `SiteTreeLink` DISABLE KEYS */;
/*!40000 ALTER TABLE `SiteTreeLink` ENABLE KEYS */;
UNLOCK TABLES;

--
-- Table structure for table `SiteTree_EditorGroups`
--

DROP TABLE IF EXISTS `SiteTree_EditorGroups`;
/*!40101 SET @saved_cs_client     = @@character_set_client */;
/*!40101 SET character_set_client = utf8 */;
CREATE TABLE `SiteTree_EditorGroups` (
  `ID` int(11) NOT NULL AUTO_INCREMENT,
  `SiteTreeID` int(11) NOT NULL DEFAULT '0',
  `GroupID` int(11) NOT NULL DEFAULT '0',
  PRIMARY KEY (`ID`),
  KEY `SiteTreeID` (`SiteTreeID`),
  KEY `GroupID` (`GroupID`)
) ENGINE=InnoDB DEFAULT CHARSET=utf8;
/*!40101 SET character_set_client = @saved_cs_client */;

--
-- Dumping data for table `SiteTree_EditorGroups`
--

LOCK TABLES `SiteTree_EditorGroups` WRITE;
/*!40000 ALTER TABLE `SiteTree_EditorGroups` DISABLE KEYS */;
/*!40000 ALTER TABLE `SiteTree_EditorGroups` ENABLE KEYS */;
UNLOCK TABLES;

--
-- Table structure for table `SiteTree_Live`
--

DROP TABLE IF EXISTS `SiteTree_Live`;
/*!40101 SET @saved_cs_client     = @@character_set_client */;
/*!40101 SET character_set_client = utf8 */;
CREATE TABLE `SiteTree_Live` (
  `ID` int(11) NOT NULL AUTO_INCREMENT,
  `ClassName` enum('SilverStripe\\CMS\\Model\\SiteTree','Page','SilverStripe\\Example\\ArticleHolder','SilverStripe\\Example\\ArticlePage','SilverStripe\\Example\\HomePage','SilverStripe\\Example\\PropertySearchPage','SilverStripe\\Example\\RegionsPage','SilverStripe\\ErrorPage\\ErrorPage','SilverStripe\\CMS\\Model\\RedirectorPage','SilverStripe\\CMS\\Model\\VirtualPage') DEFAULT 'Page',
  `LastEdited` datetime DEFAULT NULL,
  `Created` datetime DEFAULT NULL,
  `CanViewType` enum('Anyone','LoggedInUsers','OnlyTheseUsers','Inherit') DEFAULT 'Inherit',
  `CanEditType` enum('LoggedInUsers','OnlyTheseUsers','Inherit') DEFAULT 'Inherit',
  `Version` int(11) NOT NULL DEFAULT '0',
  `URLSegment` varchar(255) DEFAULT NULL,
  `Title` varchar(255) DEFAULT NULL,
  `MenuTitle` varchar(100) DEFAULT NULL,
  `Content` mediumtext,
  `MetaDescription` mediumtext,
  `ExtraMeta` mediumtext,
  `ShowInMenus` tinyint(1) unsigned NOT NULL DEFAULT '0',
  `ShowInSearch` tinyint(1) unsigned NOT NULL DEFAULT '0',
  `Sort` int(11) NOT NULL DEFAULT '0',
  `HasBrokenFile` tinyint(1) unsigned NOT NULL DEFAULT '0',
  `HasBrokenLink` tinyint(1) unsigned NOT NULL DEFAULT '0',
  `ReportClass` varchar(255) DEFAULT NULL,
  `ParentID` int(11) NOT NULL DEFAULT '0',
  PRIMARY KEY (`ID`),
  KEY `Sort` (`Sort`),
  KEY `ClassName` (`ClassName`),
  KEY `ParentID` (`ParentID`),
  KEY `URLSegment` (`URLSegment`)
) ENGINE=InnoDB AUTO_INCREMENT=214 DEFAULT CHARSET=utf8;
/*!40101 SET character_set_client = @saved_cs_client */;

--
-- Dumping data for table `SiteTree_Live`
--

LOCK TABLES `SiteTree_Live` WRITE;
/*!40000 ALTER TABLE `SiteTree_Live` DISABLE KEYS */;
INSERT INTO `SiteTree_Live` VALUES (1,'SilverStripe\\Example\\HomePage','2019-10-15 05:07:36','2019-10-15 05:07:36','Inherit','Inherit',2,'home','Home',NULL,'<p>Welcome to SilverStripe! This is the default homepage. You can edit this page by opening <a href=\"admin/\">the CMS</a>.</p><p>You can now access the <a href=\"http://docs.silverstripe.org\">developer documentation</a>, or begin the <a href=\"http://www.silverstripe.org/learn/lessons\">SilverStripe lessons</a>.</p>',NULL,NULL,1,1,1,0,0,NULL,0),(2,'Page','2019-10-15 09:51:18','2019-10-15 05:07:36','Inherit','Inherit',4,'about-us','About Us',NULL,'<p>You can fill this page out with your own content, or delete it and create your own pages.</p>',NULL,NULL,1,1,6,0,0,NULL,0),(3,'Page','2019-10-15 09:52:33','2019-10-15 05:07:37','Inherit','Inherit',6,'contact-us','Contact Us',NULL,'<p>You can fill this page out with your own content, or delete it and create your own pages.</p>',NULL,NULL,1,1,7,0,0,NULL,0),(4,'SilverStripe\\ErrorPage\\ErrorPage','2019-10-15 05:07:37','2019-10-15 05:07:37','Inherit','Inherit',2,'page-not-found','Page not found',NULL,'<p>Sorry, it seems you were trying to access a page that doesn\'t exist.</p><p>Please check the spelling of the URL you were trying to access and try again.</p>',NULL,NULL,0,0,8,0,0,NULL,0),(5,'SilverStripe\\ErrorPage\\ErrorPage','2019-10-15 05:07:37','2019-10-15 05:07:37','Inherit','Inherit',2,'server-error','Server error',NULL,'<p>Sorry, there was a problem with handling your request.</p>',NULL,NULL,0,0,9,0,0,NULL,0),(6,'SilverStripe\\Example\\PropertySearchPage','2019-10-18 08:33:05','2019-10-15 05:51:22','Inherit','Inherit',7,'find-a-rental','Find a Rental',NULL,NULL,NULL,NULL,1,1,2,0,0,NULL,0),(7,'Page','2019-10-15 05:59:28','2019-10-15 05:53:30','Inherit','Inherit',5,'list-your-rental','List Your Rental',NULL,NULL,NULL,NULL,1,1,3,0,0,NULL,0),(8,'SilverStripe\\Example\\RegionsPage','2019-10-17 02:37:16','2019-10-15 05:55:16','Inherit','Inherit',7,'regions','Regions',NULL,NULL,NULL,NULL,1,1,4,0,0,NULL,0),(9,'SilverStripe\\Example\\ArticleHolder','2019-10-15 10:28:48','2019-10-15 06:00:25','Inherit','Inherit',7,'travel-guides','Travel Guides',NULL,NULL,NULL,NULL,1,1,5,0,0,NULL,0),(10,'SilverStripe\\Example\\ArticlePage','2019-10-16 10:15:16','2019-10-15 09:58:45','Inherit','Inherit',9,'sample-article-1','Sample Article 1',NULL,'<p><span>This is sample article 1.</span></p>',NULL,NULL,1,1,1,0,0,NULL,9),(11,'SilverStripe\\Example\\ArticlePage','2019-10-16 07:46:00','2019-10-15 10:01:16','Inherit','Inherit',7,'sample-article-2','Sample Article 2',NULL,'<p><span>This is sample article 2.</span></p>',NULL,NULL,1,1,2,0,0,NULL,9),(12,'SilverStripe\\Example\\ArticlePage','2019-10-16 07:46:28','2019-10-15 10:05:04','Inherit','Inherit',7,'sample-article-3','Sample Article 3',NULL,NULL,NULL,NULL,1,1,3,0,0,NULL,9),(13,'SilverStripe\\Example\\ArticlePage','2019-10-18 00:00:20','2019-10-18 00:00:20','Inherit','Inherit',1,'test-article-4','Test Article 4',NULL,'Content of test article4','','',1,1,4,0,0,NULL,9),(14,'SilverStripe\\Example\\ArticlePage','2019-10-18 00:00:20','2019-10-18 00:00:20','Inherit','Inherit',1,'test-article-5','Test Article 5',NULL,'Content of test article5','','',1,1,5,0,0,NULL,9),(15,'SilverStripe\\Example\\ArticlePage','2019-10-18 00:00:20','2019-10-18 00:00:20','Inherit','Inherit',1,'test-article-6','Test Article 6',NULL,'Content of test article6','','',1,1,6,0,0,NULL,9),(16,'SilverStripe\\Example\\ArticlePage','2019-10-18 00:00:20','2019-10-18 00:00:20','Inherit','Inherit',1,'test-article-7','Test Article 7',NULL,'Content of test article7','','',1,1,7,0,0,NULL,9),(17,'SilverStripe\\Example\\ArticlePage','2019-10-18 00:00:20','2019-10-18 00:00:20','Inherit','Inherit',1,'test-article-8','Test Article 8',NULL,'Content of test article8','','',1,1,8,0,0,NULL,9),(18,'SilverStripe\\Example\\ArticlePage','2019-10-18 00:00:20','2019-10-18 00:00:20','Inherit','Inherit',1,'test-article-9','Test Article 9',NULL,'Content of test article9','','',1,1,9,0,0,NULL,9),(19,'SilverStripe\\Example\\ArticlePage','2019-10-18 00:00:20','2019-10-18 00:00:20','Inherit','Inherit',1,'test-article-10','Test Article 10',NULL,'Content of test article10','','',1,1,10,0,0,NULL,9),(20,'SilverStripe\\Example\\ArticlePage','2019-10-18 00:00:20','2019-10-18 00:00:20','Inherit','Inherit',1,'test-article-11','Test Article 11',NULL,'Content of test article11','','',1,1,11,0,0,NULL,9),(21,'SilverStripe\\Example\\ArticlePage','2019-10-18 00:00:20','2019-10-18 00:00:20','Inherit','Inherit',1,'test-article-12','Test Article 12',NULL,'Content of test article12','','',1,1,12,0,0,NULL,9),(22,'SilverStripe\\Example\\ArticlePage','2019-10-18 00:00:20','2019-10-18 00:00:20','Inherit','Inherit',1,'test-article-13','Test Article 13',NULL,'Content of test article13','','',1,1,13,0,0,NULL,9),(23,'SilverStripe\\Example\\ArticlePage','2019-10-18 00:00:20','2019-10-18 00:00:20','Inherit','Inherit',1,'test-article-14','Test Article 14',NULL,'Content of test article14','','',1,1,14,0,0,NULL,9),(24,'SilverStripe\\Example\\ArticlePage','2019-10-18 00:00:20','2019-10-18 00:00:20','Inherit','Inherit',1,'test-article-15','Test Article 15',NULL,'Content of test article15','','',1,1,15,0,0,NULL,9),(25,'SilverStripe\\Example\\ArticlePage','2019-10-18 00:00:20','2019-10-18 00:00:20','Inherit','Inherit',1,'test-article-16','Test Article 16',NULL,'Content of test article16','','',1,1,16,0,0,NULL,9),(26,'SilverStripe\\Example\\ArticlePage','2019-10-18 00:00:20','2019-10-18 00:00:20','Inherit','Inherit',1,'test-article-17','Test Article 17',NULL,'Content of test article17','','',1,1,17,0,0,NULL,9),(27,'SilverStripe\\Example\\ArticlePage','2019-10-18 00:00:20','2019-10-18 00:00:20','Inherit','Inherit',1,'test-article-18','Test Article 18',NULL,'Content of test article18','','',1,1,18,0,0,NULL,9),(28,'SilverStripe\\Example\\ArticlePage','2019-10-18 00:00:20','2019-10-18 00:00:20','Inherit','Inherit',1,'test-article-19','Test Article 19',NULL,'Content of test article19','','',1,1,19,0,0,NULL,9),(29,'SilverStripe\\Example\\ArticlePage','2019-10-18 00:00:20','2019-10-18 00:00:20','Inherit','Inherit',1,'test-article-20','Test Article 20',NULL,'Content of test article20','','',1,1,20,0,0,NULL,9),(30,'SilverStripe\\Example\\ArticlePage','2019-10-18 00:00:20','2019-10-18 00:00:20','Inherit','Inherit',1,'test-article-21','Test Article 21',NULL,'Content of test article21','','',1,1,21,0,0,NULL,9),(31,'SilverStripe\\Example\\ArticlePage','2019-10-18 00:00:20','2019-10-18 00:00:20','Inherit','Inherit',1,'test-article-22','Test Article 22',NULL,'Content of test article22','','',1,1,22,0,0,NULL,9),(32,'SilverStripe\\Example\\ArticlePage','2019-10-18 00:00:20','2019-10-18 00:00:20','Inherit','Inherit',1,'test-article-23','Test Article 23',NULL,'Content of test article23','','',1,1,23,0,0,NULL,9),(33,'SilverStripe\\Example\\ArticlePage','2019-10-18 00:00:20','2019-10-18 00:00:20','Inherit','Inherit',1,'test-article-24','Test Article 24',NULL,'Content of test article24','','',1,1,24,0,0,NULL,9),(34,'SilverStripe\\Example\\ArticlePage','2019-10-18 00:00:20','2019-10-18 00:00:20','Inherit','Inherit',1,'test-article-25','Test Article 25',NULL,'Content of test article25','','',1,1,25,0,0,NULL,9),(35,'SilverStripe\\Example\\ArticlePage','2019-10-18 00:00:20','2019-10-18 00:00:20','Inherit','Inherit',1,'test-article-26','Test Article 26',NULL,'Content of test article26','','',1,1,26,0,0,NULL,9),(36,'SilverStripe\\Example\\ArticlePage','2019-10-18 00:00:20','2019-10-18 00:00:20','Inherit','Inherit',1,'test-article-27','Test Article 27',NULL,'Content of test article27','','',1,1,27,0,0,NULL,9),(37,'SilverStripe\\Example\\ArticlePage','2019-10-18 00:00:21','2019-10-18 00:00:21','Inherit','Inherit',1,'test-article-28','Test Article 28',NULL,'Content of test article28','','',1,1,28,0,0,NULL,9),(38,'SilverStripe\\Example\\ArticlePage','2019-10-18 00:00:21','2019-10-18 00:00:21','Inherit','Inherit',1,'test-article-29','Test Article 29',NULL,'Content of test article29','','',1,1,29,0,0,NULL,9),(39,'SilverStripe\\Example\\ArticlePage','2019-10-18 00:00:21','2019-10-18 00:00:21','Inherit','Inherit',1,'test-article-30','Test Article 30',NULL,'Content of test article30','','',1,1,30,0,0,NULL,9),(40,'SilverStripe\\Example\\ArticlePage','2019-10-18 00:00:21','2019-10-18 00:00:21','Inherit','Inherit',1,'test-article-31','Test Article 31',NULL,'Content of test article31','','',1,1,31,0,0,NULL,9),(41,'SilverStripe\\Example\\ArticlePage','2019-10-18 00:00:21','2019-10-18 00:00:21','Inherit','Inherit',1,'test-article-32','Test Article 32',NULL,'Content of test article32','','',1,1,32,0,0,NULL,9),(42,'SilverStripe\\Example\\ArticlePage','2019-10-18 00:00:21','2019-10-18 00:00:21','Inherit','Inherit',1,'test-article-33','Test Article 33',NULL,'Content of test article33','','',1,1,33,0,0,NULL,9),(43,'SilverStripe\\Example\\ArticlePage','2019-10-18 00:00:21','2019-10-18 00:00:21','Inherit','Inherit',1,'test-article-34','Test Article 34',NULL,'Content of test article34','','',1,1,34,0,0,NULL,9),(44,'SilverStripe\\Example\\ArticlePage','2019-10-18 00:00:21','2019-10-18 00:00:21','Inherit','Inherit',1,'test-article-35','Test Article 35',NULL,'Content of test article35','','',1,1,35,0,0,NULL,9),(45,'SilverStripe\\Example\\ArticlePage','2019-10-18 00:00:21','2019-10-18 00:00:21','Inherit','Inherit',1,'test-article-36','Test Article 36',NULL,'Content of test article36','','',1,1,36,0,0,NULL,9),(46,'SilverStripe\\Example\\ArticlePage','2019-10-18 00:00:21','2019-10-18 00:00:21','Inherit','Inherit',1,'test-article-37','Test Article 37',NULL,'Content of test article37','','',1,1,37,0,0,NULL,9),(47,'SilverStripe\\Example\\ArticlePage','2019-10-18 00:00:21','2019-10-18 00:00:21','Inherit','Inherit',1,'test-article-38','Test Article 38',NULL,'Content of test article38','','',1,1,38,0,0,NULL,9),(48,'SilverStripe\\Example\\ArticlePage','2019-10-18 00:00:21','2019-10-18 00:00:21','Inherit','Inherit',1,'test-article-39','Test Article 39',NULL,'Content of test article39','','',1,1,39,0,0,NULL,9),(49,'SilverStripe\\Example\\ArticlePage','2019-10-18 00:00:21','2019-10-18 00:00:21','Inherit','Inherit',1,'test-article-40','Test Article 40',NULL,'Content of test article40','','',1,1,40,0,0,NULL,9),(50,'SilverStripe\\Example\\ArticlePage','2019-10-18 00:00:21','2019-10-18 00:00:21','Inherit','Inherit',1,'test-article-41','Test Article 41',NULL,'Content of test article41','','',1,1,41,0,0,NULL,9),(51,'SilverStripe\\Example\\ArticlePage','2019-10-18 00:00:21','2019-10-18 00:00:21','Inherit','Inherit',1,'test-article-42','Test Article 42',NULL,'Content of test article42','','',1,1,42,0,0,NULL,9),(52,'SilverStripe\\Example\\ArticlePage','2019-10-18 00:00:21','2019-10-18 00:00:21','Inherit','Inherit',1,'test-article-43','Test Article 43',NULL,'Content of test article43','','',1,1,43,0,0,NULL,9),(53,'SilverStripe\\Example\\ArticlePage','2019-10-18 00:00:21','2019-10-18 00:00:21','Inherit','Inherit',1,'test-article-44','Test Article 44',NULL,'Content of test article44','','',1,1,44,0,0,NULL,9),(54,'SilverStripe\\Example\\ArticlePage','2019-10-18 00:00:21','2019-10-18 00:00:21','Inherit','Inherit',1,'test-article-45','Test Article 45',NULL,'Content of test article45','','',1,1,45,0,0,NULL,9),(55,'SilverStripe\\Example\\ArticlePage','2019-10-18 00:00:21','2019-10-18 00:00:21','Inherit','Inherit',1,'test-article-46','Test Article 46',NULL,'Content of test article46','','',1,1,46,0,0,NULL,9),(56,'SilverStripe\\Example\\ArticlePage','2019-10-18 00:00:21','2019-10-18 00:00:21','Inherit','Inherit',1,'test-article-47','Test Article 47',NULL,'Content of test article47','','',1,1,47,0,0,NULL,9),(57,'SilverStripe\\Example\\ArticlePage','2019-10-18 00:00:21','2019-10-18 00:00:21','Inherit','Inherit',1,'test-article-48','Test Article 48',NULL,'Content of test article48','','',1,1,48,0,0,NULL,9),(58,'SilverStripe\\Example\\ArticlePage','2019-10-18 00:00:21','2019-10-18 00:00:21','Inherit','Inherit',1,'test-article-49','Test Article 49',NULL,'Content of test article49','','',1,1,49,0,0,NULL,9),(59,'SilverStripe\\Example\\ArticlePage','2019-10-18 00:00:21','2019-10-18 00:00:21','Inherit','Inherit',1,'test-article-50','Test Article 50',NULL,'Content of test article50','','',1,1,50,0,0,NULL,9),(60,'SilverStripe\\Example\\ArticlePage','2019-10-18 00:00:21','2019-10-18 00:00:21','Inherit','Inherit',1,'test-article-51','Test Article 51',NULL,'Content of test article51','','',1,1,51,0,0,NULL,9),(61,'SilverStripe\\Example\\ArticlePage','2019-10-18 00:00:21','2019-10-18 00:00:21','Inherit','Inherit',1,'test-article-52','Test Article 52',NULL,'Content of test article52','','',1,1,52,0,0,NULL,9),(62,'SilverStripe\\Example\\ArticlePage','2019-10-18 00:00:21','2019-10-18 00:00:21','Inherit','Inherit',1,'test-article-53','Test Article 53',NULL,'Content of test article53','','',1,1,53,0,0,NULL,9),(63,'SilverStripe\\Example\\ArticlePage','2019-10-18 00:00:21','2019-10-18 00:00:21','Inherit','Inherit',1,'test-article-54','Test Article 54',NULL,'Content of test article54','','',1,1,54,0,0,NULL,9),(64,'SilverStripe\\Example\\ArticlePage','2019-10-18 00:00:21','2019-10-18 00:00:21','Inherit','Inherit',1,'test-article-55','Test Article 55',NULL,'Content of test article55','','',1,1,55,0,0,NULL,9),(65,'SilverStripe\\Example\\ArticlePage','2019-10-18 00:00:21','2019-10-18 00:00:21','Inherit','Inherit',1,'test-article-56','Test Article 56',NULL,'Content of test article56','','',1,1,56,0,0,NULL,9),(66,'SilverStripe\\Example\\ArticlePage','2019-10-18 00:00:21','2019-10-18 00:00:21','Inherit','Inherit',1,'test-article-57','Test Article 57',NULL,'Content of test article57','','',1,1,57,0,0,NULL,9),(67,'SilverStripe\\Example\\ArticlePage','2019-10-18 00:00:21','2019-10-18 00:00:21','Inherit','Inherit',1,'test-article-58','Test Article 58',NULL,'Content of test article58','','',1,1,58,0,0,NULL,9),(68,'SilverStripe\\Example\\ArticlePage','2019-10-18 00:00:21','2019-10-18 00:00:21','Inherit','Inherit',1,'test-article-59','Test Article 59',NULL,'Content of test article59','','',1,1,59,0,0,NULL,9),(69,'SilverStripe\\Example\\ArticlePage','2019-10-18 00:00:21','2019-10-18 00:00:21','Inherit','Inherit',1,'test-article-60','Test Article 60',NULL,'Content of test article60','','',1,1,60,0,0,NULL,9),(70,'SilverStripe\\Example\\ArticlePage','2019-10-18 00:00:21','2019-10-18 00:00:21','Inherit','Inherit',1,'test-article-61','Test Article 61',NULL,'Content of test article61','','',1,1,61,0,0,NULL,9),(71,'SilverStripe\\Example\\ArticlePage','2019-10-18 00:00:21','2019-10-18 00:00:21','Inherit','Inherit',1,'test-article-62','Test Article 62',NULL,'Content of test article62','','',1,1,62,0,0,NULL,9),(72,'SilverStripe\\Example\\ArticlePage','2019-10-18 00:00:21','2019-10-18 00:00:21','Inherit','Inherit',1,'test-article-63','Test Article 63',NULL,'Content of test article63','','',1,1,63,0,0,NULL,9),(73,'SilverStripe\\Example\\ArticlePage','2019-10-18 00:00:21','2019-10-18 00:00:21','Inherit','Inherit',1,'test-article-64','Test Article 64',NULL,'Content of test article64','','',1,1,64,0,0,NULL,9),(74,'SilverStripe\\Example\\ArticlePage','2019-10-18 00:00:21','2019-10-18 00:00:21','Inherit','Inherit',1,'test-article-65','Test Article 65',NULL,'Content of test article65','','',1,1,65,0,0,NULL,9),(75,'SilverStripe\\Example\\ArticlePage','2019-10-18 00:00:21','2019-10-18 00:00:21','Inherit','Inherit',1,'test-article-66','Test Article 66',NULL,'Content of test article66','','',1,1,66,0,0,NULL,9),(76,'SilverStripe\\Example\\ArticlePage','2019-10-18 00:00:21','2019-10-18 00:00:21','Inherit','Inherit',1,'test-article-67','Test Article 67',NULL,'Content of test article67','','',1,1,67,0,0,NULL,9),(77,'SilverStripe\\Example\\ArticlePage','2019-10-18 00:00:21','2019-10-18 00:00:21','Inherit','Inherit',1,'test-article-68','Test Article 68',NULL,'Content of test article68','','',1,1,68,0,0,NULL,9),(78,'SilverStripe\\Example\\ArticlePage','2019-10-18 00:00:21','2019-10-18 00:00:21','Inherit','Inherit',1,'test-article-69','Test Article 69',NULL,'Content of test article69','','',1,1,69,0,0,NULL,9),(79,'SilverStripe\\Example\\ArticlePage','2019-10-18 00:00:21','2019-10-18 00:00:21','Inherit','Inherit',1,'test-article-70','Test Article 70',NULL,'Content of test article70','','',1,1,70,0,0,NULL,9),(80,'SilverStripe\\Example\\ArticlePage','2019-10-18 00:00:21','2019-10-18 00:00:21','Inherit','Inherit',1,'test-article-71','Test Article 71',NULL,'Content of test article71','','',1,1,71,0,0,NULL,9),(81,'SilverStripe\\Example\\ArticlePage','2019-10-18 00:00:21','2019-10-18 00:00:21','Inherit','Inherit',1,'test-article-72','Test Article 72',NULL,'Content of test article72','','',1,1,72,0,0,NULL,9),(82,'SilverStripe\\Example\\ArticlePage','2019-10-18 00:00:21','2019-10-18 00:00:21','Inherit','Inherit',1,'test-article-73','Test Article 73',NULL,'Content of test article73','','',1,1,73,0,0,NULL,9),(83,'SilverStripe\\Example\\ArticlePage','2019-10-18 00:00:21','2019-10-18 00:00:21','Inherit','Inherit',1,'test-article-74','Test Article 74',NULL,'Content of test article74','','',1,1,74,0,0,NULL,9),(84,'SilverStripe\\Example\\ArticlePage','2019-10-18 00:00:21','2019-10-18 00:00:21','Inherit','Inherit',1,'test-article-75','Test Article 75',NULL,'Content of test article75','','',1,1,75,0,0,NULL,9),(85,'SilverStripe\\Example\\ArticlePage','2019-10-18 00:00:21','2019-10-18 00:00:21','Inherit','Inherit',1,'test-article-76','Test Article 76',NULL,'Content of test article76','','',1,1,76,0,0,NULL,9),(86,'SilverStripe\\Example\\ArticlePage','2019-10-18 00:00:21','2019-10-18 00:00:21','Inherit','Inherit',1,'test-article-77','Test Article 77',NULL,'Content of test article77','','',1,1,77,0,0,NULL,9),(87,'SilverStripe\\Example\\ArticlePage','2019-10-18 00:00:21','2019-10-18 00:00:21','Inherit','Inherit',1,'test-article-78','Test Article 78',NULL,'Content of test article78','','',1,1,78,0,0,NULL,9),(88,'SilverStripe\\Example\\ArticlePage','2019-10-18 00:00:21','2019-10-18 00:00:21','Inherit','Inherit',1,'test-article-79','Test Article 79',NULL,'Content of test article79','','',1,1,79,0,0,NULL,9),(89,'SilverStripe\\Example\\ArticlePage','2019-10-18 00:00:21','2019-10-18 00:00:21','Inherit','Inherit',1,'test-article-80','Test Article 80',NULL,'Content of test article80','','',1,1,80,0,0,NULL,9),(90,'SilverStripe\\Example\\ArticlePage','2019-10-18 00:00:21','2019-10-18 00:00:21','Inherit','Inherit',1,'test-article-81','Test Article 81',NULL,'Content of test article81','','',1,1,81,0,0,NULL,9),(91,'SilverStripe\\Example\\ArticlePage','2019-10-18 00:00:21','2019-10-18 00:00:21','Inherit','Inherit',1,'test-article-82','Test Article 82',NULL,'Content of test article82','','',1,1,82,0,0,NULL,9),(92,'SilverStripe\\Example\\ArticlePage','2019-10-18 00:00:21','2019-10-18 00:00:21','Inherit','Inherit',1,'test-article-83','Test Article 83',NULL,'Content of test article83','','',1,1,83,0,0,NULL,9),(93,'SilverStripe\\Example\\ArticlePage','2019-10-18 00:00:21','2019-10-18 00:00:21','Inherit','Inherit',1,'test-article-84','Test Article 84',NULL,'Content of test article84','','',1,1,84,0,0,NULL,9),(94,'SilverStripe\\Example\\ArticlePage','2019-10-18 00:00:21','2019-10-18 00:00:21','Inherit','Inherit',1,'test-article-85','Test Article 85',NULL,'Content of test article85','','',1,1,85,0,0,NULL,9),(95,'SilverStripe\\Example\\ArticlePage','2019-10-18 00:00:21','2019-10-18 00:00:21','Inherit','Inherit',1,'test-article-86','Test Article 86',NULL,'Content of test article86','','',1,1,86,0,0,NULL,9),(96,'SilverStripe\\Example\\ArticlePage','2019-10-18 00:00:21','2019-10-18 00:00:21','Inherit','Inherit',1,'test-article-87','Test Article 87',NULL,'Content of test article87','','',1,1,87,0,0,NULL,9),(97,'SilverStripe\\Example\\ArticlePage','2019-10-18 00:00:21','2019-10-18 00:00:21','Inherit','Inherit',1,'test-article-88','Test Article 88',NULL,'Content of test article88','','',1,1,88,0,0,NULL,9),(98,'SilverStripe\\Example\\ArticlePage','2019-10-18 00:00:21','2019-10-18 00:00:21','Inherit','Inherit',1,'test-article-89','Test Article 89',NULL,'Content of test article89','','',1,1,89,0,0,NULL,9),(99,'SilverStripe\\Example\\ArticlePage','2019-10-18 00:00:21','2019-10-18 00:00:21','Inherit','Inherit',1,'test-article-90','Test Article 90',NULL,'Content of test article90','','',1,1,90,0,0,NULL,9),(100,'SilverStripe\\Example\\ArticlePage','2019-10-18 00:00:21','2019-10-18 00:00:21','Inherit','Inherit',1,'test-article-91','Test Article 91',NULL,'Content of test article91','','',1,1,91,0,0,NULL,9),(101,'SilverStripe\\Example\\ArticlePage','2019-10-18 00:00:21','2019-10-18 00:00:21','Inherit','Inherit',1,'test-article-92','Test Article 92',NULL,'Content of test article92','','',1,1,92,0,0,NULL,9),(102,'SilverStripe\\Example\\ArticlePage','2019-10-18 00:00:21','2019-10-18 00:00:21','Inherit','Inherit',1,'test-article-93','Test Article 93',NULL,'Content of test article93','','',1,1,93,0,0,NULL,9),(103,'SilverStripe\\Example\\ArticlePage','2019-10-18 00:00:21','2019-10-18 00:00:21','Inherit','Inherit',1,'test-article-94','Test Article 94',NULL,'Content of test article94','','',1,1,94,0,0,NULL,9),(104,'SilverStripe\\Example\\ArticlePage','2019-10-18 00:00:21','2019-10-18 00:00:21','Inherit','Inherit',1,'test-article-95','Test Article 95',NULL,'Content of test article95','','',1,1,95,0,0,NULL,9),(105,'SilverStripe\\Example\\ArticlePage','2019-10-18 00:00:21','2019-10-18 00:00:21','Inherit','Inherit',1,'test-article-96','Test Article 96',NULL,'Content of test article96','','',1,1,96,0,0,NULL,9),(106,'SilverStripe\\Example\\ArticlePage','2019-10-18 00:00:21','2019-10-18 00:00:21','Inherit','Inherit',1,'test-article-97','Test Article 97',NULL,'Content of test article97','','',1,1,97,0,0,NULL,9),(107,'SilverStripe\\Example\\ArticlePage','2019-10-18 00:00:21','2019-10-18 00:00:21','Inherit','Inherit',1,'test-article-98','Test Article 98',NULL,'Content of test article98','','',1,1,98,0,0,NULL,9),(108,'SilverStripe\\Example\\ArticlePage','2019-10-18 00:00:21','2019-10-18 00:00:21','Inherit','Inherit',1,'test-article-99','Test Article 99',NULL,'Content of test article99','','',1,1,99,0,0,NULL,9),(109,'SilverStripe\\Example\\ArticlePage','2019-10-18 00:00:21','2019-10-18 00:00:21','Inherit','Inherit',1,'test-article-100','Test Article 100',NULL,'Content of test article100','','',1,1,100,0,0,NULL,9),(110,'SilverStripe\\Example\\ArticlePage','2019-10-18 00:00:21','2019-10-18 00:00:21','Inherit','Inherit',1,'test-article-101','Test Article 101',NULL,'Content of test article101','','',1,1,101,0,0,NULL,9),(111,'SilverStripe\\Example\\ArticlePage','2019-10-18 00:00:22','2019-10-18 00:00:22','Inherit','Inherit',1,'test-article-102','Test Article 102',NULL,'Content of test article102','','',1,1,102,0,0,NULL,9),(112,'SilverStripe\\Example\\ArticlePage','2019-10-18 00:00:22','2019-10-18 00:00:22','Inherit','Inherit',1,'test-article-103','Test Article 103',NULL,'Content of test article103','','',1,1,103,0,0,NULL,9),(113,'SilverStripe\\Example\\ArticlePage','2019-10-18 00:00:22','2019-10-18 00:00:22','Inherit','Inherit',1,'test-article-104','Test Article 104',NULL,'Content of test article104','','',1,1,104,0,0,NULL,9),(114,'SilverStripe\\Example\\ArticlePage','2019-10-18 00:00:22','2019-10-18 00:00:22','Inherit','Inherit',1,'test-article-105','Test Article 105',NULL,'Content of test article105','','',1,1,105,0,0,NULL,9),(115,'SilverStripe\\Example\\ArticlePage','2019-10-18 00:00:22','2019-10-18 00:00:22','Inherit','Inherit',1,'test-article-106','Test Article 106',NULL,'Content of test article106','','',1,1,106,0,0,NULL,9),(116,'SilverStripe\\Example\\ArticlePage','2019-10-18 00:00:22','2019-10-18 00:00:22','Inherit','Inherit',1,'test-article-107','Test Article 107',NULL,'Content of test article107','','',1,1,107,0,0,NULL,9),(117,'SilverStripe\\Example\\ArticlePage','2019-10-18 00:00:22','2019-10-18 00:00:22','Inherit','Inherit',1,'test-article-108','Test Article 108',NULL,'Content of test article108','','',1,1,108,0,0,NULL,9),(118,'SilverStripe\\Example\\ArticlePage','2019-10-18 00:00:22','2019-10-18 00:00:22','Inherit','Inherit',1,'test-article-109','Test Article 109',NULL,'Content of test article109','','',1,1,109,0,0,NULL,9),(119,'SilverStripe\\Example\\ArticlePage','2019-10-18 00:00:22','2019-10-18 00:00:22','Inherit','Inherit',1,'test-article-110','Test Article 110',NULL,'Content of test article110','','',1,1,110,0,0,NULL,9),(120,'SilverStripe\\Example\\ArticlePage','2019-10-18 00:00:22','2019-10-18 00:00:22','Inherit','Inherit',1,'test-article-111','Test Article 111',NULL,'Content of test article111','','',1,1,111,0,0,NULL,9),(121,'SilverStripe\\Example\\ArticlePage','2019-10-18 00:00:22','2019-10-18 00:00:22','Inherit','Inherit',1,'test-article-112','Test Article 112',NULL,'Content of test article112','','',1,1,112,0,0,NULL,9),(122,'SilverStripe\\Example\\ArticlePage','2019-10-18 00:00:22','2019-10-18 00:00:22','Inherit','Inherit',1,'test-article-113','Test Article 113',NULL,'Content of test article113','','',1,1,113,0,0,NULL,9),(123,'SilverStripe\\Example\\ArticlePage','2019-10-18 00:00:22','2019-10-18 00:00:22','Inherit','Inherit',1,'test-article-114','Test Article 114',NULL,'Content of test article114','','',1,1,114,0,0,NULL,9),(124,'SilverStripe\\Example\\ArticlePage','2019-10-18 00:00:22','2019-10-18 00:00:22','Inherit','Inherit',1,'test-article-115','Test Article 115',NULL,'Content of test article115','','',1,1,115,0,0,NULL,9),(125,'SilverStripe\\Example\\ArticlePage','2019-10-18 00:00:22','2019-10-18 00:00:22','Inherit','Inherit',1,'test-article-116','Test Article 116',NULL,'Content of test article116','','',1,1,116,0,0,NULL,9),(126,'SilverStripe\\Example\\ArticlePage','2019-10-18 00:00:22','2019-10-18 00:00:22','Inherit','Inherit',1,'test-article-117','Test Article 117',NULL,'Content of test article117','','',1,1,117,0,0,NULL,9),(127,'SilverStripe\\Example\\ArticlePage','2019-10-18 00:00:22','2019-10-18 00:00:22','Inherit','Inherit',1,'test-article-118','Test Article 118',NULL,'Content of test article118','','',1,1,118,0,0,NULL,9),(128,'SilverStripe\\Example\\ArticlePage','2019-10-18 00:00:22','2019-10-18 00:00:22','Inherit','Inherit',1,'test-article-119','Test Article 119',NULL,'Content of test article119','','',1,1,119,0,0,NULL,9),(129,'SilverStripe\\Example\\ArticlePage','2019-10-18 00:00:22','2019-10-18 00:00:22','Inherit','Inherit',1,'test-article-120','Test Article 120',NULL,'Content of test article120','','',1,1,120,0,0,NULL,9),(130,'SilverStripe\\Example\\ArticlePage','2019-10-18 00:00:22','2019-10-18 00:00:22','Inherit','Inherit',1,'test-article-121','Test Article 121',NULL,'Content of test article121','','',1,1,121,0,0,NULL,9),(131,'SilverStripe\\Example\\ArticlePage','2019-10-18 00:00:22','2019-10-18 00:00:22','Inherit','Inherit',1,'test-article-122','Test Article 122',NULL,'Content of test article122','','',1,1,122,0,0,NULL,9),(132,'SilverStripe\\Example\\ArticlePage','2019-10-18 00:00:22','2019-10-18 00:00:22','Inherit','Inherit',1,'test-article-123','Test Article 123',NULL,'Content of test article123','','',1,1,123,0,0,NULL,9),(133,'SilverStripe\\Example\\ArticlePage','2019-10-18 00:00:22','2019-10-18 00:00:22','Inherit','Inherit',1,'test-article-124','Test Article 124',NULL,'Content of test article124','','',1,1,124,0,0,NULL,9),(134,'SilverStripe\\Example\\ArticlePage','2019-10-18 00:00:22','2019-10-18 00:00:22','Inherit','Inherit',1,'test-article-125','Test Article 125',NULL,'Content of test article125','','',1,1,125,0,0,NULL,9),(135,'SilverStripe\\Example\\ArticlePage','2019-10-18 00:00:22','2019-10-18 00:00:22','Inherit','Inherit',1,'test-article-126','Test Article 126',NULL,'Content of test article126','','',1,1,126,0,0,NULL,9),(136,'SilverStripe\\Example\\ArticlePage','2019-10-18 00:00:22','2019-10-18 00:00:22','Inherit','Inherit',1,'test-article-127','Test Article 127',NULL,'Content of test article127','','',1,1,127,0,0,NULL,9),(137,'SilverStripe\\Example\\ArticlePage','2019-10-18 00:00:22','2019-10-18 00:00:22','Inherit','Inherit',1,'test-article-128','Test Article 128',NULL,'Content of test article128','','',1,1,128,0,0,NULL,9),(138,'SilverStripe\\Example\\ArticlePage','2019-10-18 00:00:22','2019-10-18 00:00:22','Inherit','Inherit',1,'test-article-129','Test Article 129',NULL,'Content of test article129','','',1,1,129,0,0,NULL,9),(139,'SilverStripe\\Example\\ArticlePage','2019-10-18 00:00:22','2019-10-18 00:00:22','Inherit','Inherit',1,'test-article-130','Test Article 130',NULL,'Content of test article130','','',1,1,130,0,0,NULL,9),(140,'SilverStripe\\Example\\ArticlePage','2019-10-18 00:00:22','2019-10-18 00:00:22','Inherit','Inherit',1,'test-article-131','Test Article 131',NULL,'Content of test article131','','',1,1,131,0,0,NULL,9),(141,'SilverStripe\\Example\\ArticlePage','2019-10-18 00:00:22','2019-10-18 00:00:22','Inherit','Inherit',1,'test-article-132','Test Article 132',NULL,'Content of test article132','','',1,1,132,0,0,NULL,9),(142,'SilverStripe\\Example\\ArticlePage','2019-10-18 00:00:22','2019-10-18 00:00:22','Inherit','Inherit',1,'test-article-133','Test Article 133',NULL,'Content of test article133','','',1,1,133,0,0,NULL,9),(143,'SilverStripe\\Example\\ArticlePage','2019-10-18 00:00:22','2019-10-18 00:00:22','Inherit','Inherit',1,'test-article-134','Test Article 134',NULL,'Content of test article134','','',1,1,134,0,0,NULL,9),(144,'SilverStripe\\Example\\ArticlePage','2019-10-18 00:00:22','2019-10-18 00:00:22','Inherit','Inherit',1,'test-article-135','Test Article 135',NULL,'Content of test article135','','',1,1,135,0,0,NULL,9),(145,'SilverStripe\\Example\\ArticlePage','2019-10-18 00:00:22','2019-10-18 00:00:22','Inherit','Inherit',1,'test-article-136','Test Article 136',NULL,'Content of test article136','','',1,1,136,0,0,NULL,9),(146,'SilverStripe\\Example\\ArticlePage','2019-10-18 00:00:22','2019-10-18 00:00:22','Inherit','Inherit',1,'test-article-137','Test Article 137',NULL,'Content of test article137','','',1,1,137,0,0,NULL,9),(147,'SilverStripe\\Example\\ArticlePage','2019-10-18 00:00:22','2019-10-18 00:00:22','Inherit','Inherit',1,'test-article-138','Test Article 138',NULL,'Content of test article138','','',1,1,138,0,0,NULL,9),(148,'SilverStripe\\Example\\ArticlePage','2019-10-18 00:00:22','2019-10-18 00:00:22','Inherit','Inherit',1,'test-article-139','Test Article 139',NULL,'Content of test article139','','',1,1,139,0,0,NULL,9),(149,'SilverStripe\\Example\\ArticlePage','2019-10-18 00:00:22','2019-10-18 00:00:22','Inherit','Inherit',1,'test-article-140','Test Article 140',NULL,'Content of test article140','','',1,1,140,0,0,NULL,9),(150,'SilverStripe\\Example\\ArticlePage','2019-10-18 00:00:22','2019-10-18 00:00:22','Inherit','Inherit',1,'test-article-141','Test Article 141',NULL,'Content of test article141','','',1,1,141,0,0,NULL,9),(151,'SilverStripe\\Example\\ArticlePage','2019-10-18 00:00:22','2019-10-18 00:00:22','Inherit','Inherit',1,'test-article-142','Test Article 142',NULL,'Content of test article142','','',1,1,142,0,0,NULL,9),(152,'SilverStripe\\Example\\ArticlePage','2019-10-18 00:00:22','2019-10-18 00:00:22','Inherit','Inherit',1,'test-article-143','Test Article 143',NULL,'Content of test article143','','',1,1,143,0,0,NULL,9),(153,'SilverStripe\\Example\\ArticlePage','2019-10-18 00:00:22','2019-10-18 00:00:22','Inherit','Inherit',1,'test-article-144','Test Article 144',NULL,'Content of test article144','','',1,1,144,0,0,NULL,9),(154,'SilverStripe\\Example\\ArticlePage','2019-10-18 00:00:22','2019-10-18 00:00:22','Inherit','Inherit',1,'test-article-145','Test Article 145',NULL,'Content of test article145','','',1,1,145,0,0,NULL,9),(155,'SilverStripe\\Example\\ArticlePage','2019-10-18 00:00:22','2019-10-18 00:00:22','Inherit','Inherit',1,'test-article-146','Test Article 146',NULL,'Content of test article146','','',1,1,146,0,0,NULL,9),(156,'SilverStripe\\Example\\ArticlePage','2019-10-18 00:00:22','2019-10-18 00:00:22','Inherit','Inherit',1,'test-article-147','Test Article 147',NULL,'Content of test article147','','',1,1,147,0,0,NULL,9),(157,'SilverStripe\\Example\\ArticlePage','2019-10-18 00:00:22','2019-10-18 00:00:22','Inherit','Inherit',1,'test-article-148','Test Article 148',NULL,'Content of test article148','','',1,1,148,0,0,NULL,9),(158,'SilverStripe\\Example\\ArticlePage','2019-10-18 00:00:22','2019-10-18 00:00:22','Inherit','Inherit',1,'test-article-149','Test Article 149',NULL,'Content of test article149','','',1,1,149,0,0,NULL,9),(159,'SilverStripe\\Example\\ArticlePage','2019-10-18 00:00:22','2019-10-18 00:00:22','Inherit','Inherit',1,'test-article-150','Test Article 150',NULL,'Content of test article150','','',1,1,150,0,0,NULL,9),(160,'SilverStripe\\Example\\ArticlePage','2019-10-18 00:00:22','2019-10-18 00:00:22','Inherit','Inherit',1,'test-article-151','Test Article 151',NULL,'Content of test article151','','',1,1,151,0,0,NULL,9),(161,'SilverStripe\\Example\\ArticlePage','2019-10-18 00:00:22','2019-10-18 00:00:22','Inherit','Inherit',1,'test-article-152','Test Article 152',NULL,'Content of test article152','','',1,1,152,0,0,NULL,9),(162,'SilverStripe\\Example\\ArticlePage','2019-10-18 00:00:22','2019-10-18 00:00:22','Inherit','Inherit',1,'test-article-153','Test Article 153',NULL,'Content of test article153','','',1,1,153,0,0,NULL,9),(163,'SilverStripe\\Example\\ArticlePage','2019-10-18 00:00:22','2019-10-18 00:00:22','Inherit','Inherit',1,'test-article-154','Test Article 154',NULL,'Content of test article154','','',1,1,154,0,0,NULL,9),(164,'SilverStripe\\Example\\ArticlePage','2019-10-18 00:00:22','2019-10-18 00:00:22','Inherit','Inherit',1,'test-article-155','Test Article 155',NULL,'Content of test article155','','',1,1,155,0,0,NULL,9),(165,'SilverStripe\\Example\\ArticlePage','2019-10-18 00:00:22','2019-10-18 00:00:22','Inherit','Inherit',1,'test-article-156','Test Article 156',NULL,'Content of test article156','','',1,1,156,0,0,NULL,9),(166,'SilverStripe\\Example\\ArticlePage','2019-10-18 00:00:22','2019-10-18 00:00:22','Inherit','Inherit',1,'test-article-157','Test Article 157',NULL,'Content of test article157','','',1,1,157,0,0,NULL,9),(167,'SilverStripe\\Example\\ArticlePage','2019-10-18 00:00:22','2019-10-18 00:00:22','Inherit','Inherit',1,'test-article-158','Test Article 158',NULL,'Content of test article158','','',1,1,158,0,0,NULL,9),(168,'SilverStripe\\Example\\ArticlePage','2019-10-18 00:00:22','2019-10-18 00:00:22','Inherit','Inherit',1,'test-article-159','Test Article 159',NULL,'Content of test article159','','',1,1,159,0,0,NULL,9),(169,'SilverStripe\\Example\\ArticlePage','2019-10-18 00:00:22','2019-10-18 00:00:22','Inherit','Inherit',1,'test-article-160','Test Article 160',NULL,'Content of test article160','','',1,1,160,0,0,NULL,9),(170,'SilverStripe\\Example\\ArticlePage','2019-10-18 00:00:22','2019-10-18 00:00:22','Inherit','Inherit',1,'test-article-161','Test Article 161',NULL,'Content of test article161','','',1,1,161,0,0,NULL,9),(171,'SilverStripe\\Example\\ArticlePage','2019-10-18 00:00:22','2019-10-18 00:00:22','Inherit','Inherit',1,'test-article-162','Test Article 162',NULL,'Content of test article162','','',1,1,162,0,0,NULL,9),(172,'SilverStripe\\Example\\ArticlePage','2019-10-18 00:00:22','2019-10-18 00:00:22','Inherit','Inherit',1,'test-article-163','Test Article 163',NULL,'Content of test article163','','',1,1,163,0,0,NULL,9),(173,'SilverStripe\\Example\\ArticlePage','2019-10-18 00:00:22','2019-10-18 00:00:22','Inherit','Inherit',1,'test-article-164','Test Article 164',NULL,'Content of test article164','','',1,1,164,0,0,NULL,9),(174,'SilverStripe\\Example\\ArticlePage','2019-10-18 00:00:22','2019-10-18 00:00:22','Inherit','Inherit',1,'test-article-165','Test Article 165',NULL,'Content of test article165','','',1,1,165,0,0,NULL,9),(175,'SilverStripe\\Example\\ArticlePage','2019-10-18 00:00:22','2019-10-18 00:00:22','Inherit','Inherit',1,'test-article-166','Test Article 166',NULL,'Content of test article166','','',1,1,166,0,0,NULL,9),(176,'SilverStripe\\Example\\ArticlePage','2019-10-18 00:00:22','2019-10-18 00:00:22','Inherit','Inherit',1,'test-article-167','Test Article 167',NULL,'Content of test article167','','',1,1,167,0,0,NULL,9),(177,'SilverStripe\\Example\\ArticlePage','2019-10-18 00:00:22','2019-10-18 00:00:22','Inherit','Inherit',1,'test-article-168','Test Article 168',NULL,'Content of test article168','','',1,1,168,0,0,NULL,9),(178,'SilverStripe\\Example\\ArticlePage','2019-10-18 00:00:22','2019-10-18 00:00:22','Inherit','Inherit',1,'test-article-169','Test Article 169',NULL,'Content of test article169','','',1,1,169,0,0,NULL,9),(179,'SilverStripe\\Example\\ArticlePage','2019-10-18 00:00:22','2019-10-18 00:00:22','Inherit','Inherit',1,'test-article-170','Test Article 170',NULL,'Content of test article170','','',1,1,170,0,0,NULL,9),(180,'SilverStripe\\Example\\ArticlePage','2019-10-18 00:00:22','2019-10-18 00:00:22','Inherit','Inherit',1,'test-article-171','Test Article 171',NULL,'Content of test article171','','',1,1,171,0,0,NULL,9),(181,'SilverStripe\\Example\\ArticlePage','2019-10-18 00:00:22','2019-10-18 00:00:22','Inherit','Inherit',1,'test-article-172','Test Article 172',NULL,'Content of test article172','','',1,1,172,0,0,NULL,9),(182,'SilverStripe\\Example\\ArticlePage','2019-10-18 00:00:22','2019-10-18 00:00:22','Inherit','Inherit',1,'test-article-173','Test Article 173',NULL,'Content of test article173','','',1,1,173,0,0,NULL,9),(183,'SilverStripe\\Example\\ArticlePage','2019-10-18 00:00:22','2019-10-18 00:00:22','Inherit','Inherit',1,'test-article-174','Test Article 174',NULL,'Content of test article174','','',1,1,174,0,0,NULL,9),(184,'SilverStripe\\Example\\ArticlePage','2019-10-18 00:00:23','2019-10-18 00:00:23','Inherit','Inherit',1,'test-article-175','Test Article 175',NULL,'Content of test article175','','',1,1,175,0,0,NULL,9),(185,'SilverStripe\\Example\\ArticlePage','2019-10-18 00:00:23','2019-10-18 00:00:23','Inherit','Inherit',1,'test-article-176','Test Article 176',NULL,'Content of test article176','','',1,1,176,0,0,NULL,9),(186,'SilverStripe\\Example\\ArticlePage','2019-10-18 00:00:23','2019-10-18 00:00:23','Inherit','Inherit',1,'test-article-177','Test Article 177',NULL,'Content of test article177','','',1,1,177,0,0,NULL,9),(187,'SilverStripe\\Example\\ArticlePage','2019-10-18 00:00:23','2019-10-18 00:00:23','Inherit','Inherit',1,'test-article-178','Test Article 178',NULL,'Content of test article178','','',1,1,178,0,0,NULL,9),(188,'SilverStripe\\Example\\ArticlePage','2019-10-18 00:00:23','2019-10-18 00:00:23','Inherit','Inherit',1,'test-article-179','Test Article 179',NULL,'Content of test article179','','',1,1,179,0,0,NULL,9),(189,'SilverStripe\\Example\\ArticlePage','2019-10-18 00:00:23','2019-10-18 00:00:23','Inherit','Inherit',1,'test-article-180','Test Article 180',NULL,'Content of test article180','','',1,1,180,0,0,NULL,9),(190,'SilverStripe\\Example\\ArticlePage','2019-10-18 00:00:23','2019-10-18 00:00:23','Inherit','Inherit',1,'test-article-181','Test Article 181',NULL,'Content of test article181','','',1,1,181,0,0,NULL,9),(191,'SilverStripe\\Example\\ArticlePage','2019-10-18 00:00:23','2019-10-18 00:00:23','Inherit','Inherit',1,'test-article-182','Test Article 182',NULL,'Content of test article182','','',1,1,182,0,0,NULL,9),(192,'SilverStripe\\Example\\ArticlePage','2019-10-18 00:00:23','2019-10-18 00:00:23','Inherit','Inherit',1,'test-article-183','Test Article 183',NULL,'Content of test article183','','',1,1,183,0,0,NULL,9),(193,'SilverStripe\\Example\\ArticlePage','2019-10-18 00:00:23','2019-10-18 00:00:23','Inherit','Inherit',1,'test-article-184','Test Article 184',NULL,'Content of test article184','','',1,1,184,0,0,NULL,9),(194,'SilverStripe\\Example\\ArticlePage','2019-10-18 00:00:23','2019-10-18 00:00:23','Inherit','Inherit',1,'test-article-185','Test Article 185',NULL,'Content of test article185','','',1,1,185,0,0,NULL,9),(195,'SilverStripe\\Example\\ArticlePage','2019-10-18 00:00:23','2019-10-18 00:00:23','Inherit','Inherit',1,'test-article-186','Test Article 186',NULL,'Content of test article186','','',1,1,186,0,0,NULL,9),(196,'SilverStripe\\Example\\ArticlePage','2019-10-18 00:00:23','2019-10-18 00:00:23','Inherit','Inherit',1,'test-article-187','Test Article 187',NULL,'Content of test article187','','',1,1,187,0,0,NULL,9),(197,'SilverStripe\\Example\\ArticlePage','2019-10-18 00:00:23','2019-10-18 00:00:23','Inherit','Inherit',1,'test-article-188','Test Article 188',NULL,'Content of test article188','','',1,1,188,0,0,NULL,9),(198,'SilverStripe\\Example\\ArticlePage','2019-10-18 00:00:23','2019-10-18 00:00:23','Inherit','Inherit',1,'test-article-189','Test Article 189',NULL,'Content of test article189','','',1,1,189,0,0,NULL,9),(199,'SilverStripe\\Example\\ArticlePage','2019-10-18 00:00:23','2019-10-18 00:00:23','Inherit','Inherit',1,'test-article-190','Test Article 190',NULL,'Content of test article190','','',1,1,190,0,0,NULL,9),(200,'SilverStripe\\Example\\ArticlePage','2019-10-18 00:00:23','2019-10-18 00:00:23','Inherit','Inherit',1,'test-article-191','Test Article 191',NULL,'Content of test article191','','',1,1,191,0,0,NULL,9),(201,'SilverStripe\\Example\\ArticlePage','2019-10-18 00:00:23','2019-10-18 00:00:23','Inherit','Inherit',1,'test-article-192','Test Article 192',NULL,'Content of test article192','','',1,1,192,0,0,NULL,9),(202,'SilverStripe\\Example\\ArticlePage','2019-10-18 00:00:23','2019-10-18 00:00:23','Inherit','Inherit',1,'test-article-193','Test Article 193',NULL,'Content of test article193','','',1,1,193,0,0,NULL,9),(203,'SilverStripe\\Example\\ArticlePage','2019-10-18 00:00:23','2019-10-18 00:00:23','Inherit','Inherit',1,'test-article-194','Test Article 194',NULL,'Content of test article194','','',1,1,194,0,0,NULL,9),(204,'SilverStripe\\Example\\ArticlePage','2019-10-18 00:00:23','2019-10-18 00:00:23','Inherit','Inherit',1,'test-article-195','Test Article 195',NULL,'Content of test article195','','',1,1,195,0,0,NULL,9),(205,'SilverStripe\\Example\\ArticlePage','2019-10-18 00:00:23','2019-10-18 00:00:23','Inherit','Inherit',1,'test-article-196','Test Article 196',NULL,'Content of test article196','','',1,1,196,0,0,NULL,9),(206,'SilverStripe\\Example\\ArticlePage','2019-10-18 00:00:23','2019-10-18 00:00:23','Inherit','Inherit',1,'test-article-197','Test Article 197',NULL,'Content of test article197','','',1,1,197,0,0,NULL,9),(207,'SilverStripe\\Example\\ArticlePage','2019-10-18 00:00:23','2019-10-18 00:00:23','Inherit','Inherit',1,'test-article-198','Test Article 198',NULL,'Content of test article198','','',1,1,198,0,0,NULL,9),(208,'SilverStripe\\Example\\ArticlePage','2019-10-18 00:00:23','2019-10-18 00:00:23','Inherit','Inherit',1,'test-article-199','Test Article 199',NULL,'Content of test article199','','',1,1,199,0,0,NULL,9),(209,'SilverStripe\\Example\\ArticlePage','2019-10-18 00:00:23','2019-10-18 00:00:23','Inherit','Inherit',1,'test-article-200','Test Article 200',NULL,'Content of test article200','','',1,1,200,0,0,NULL,9),(210,'SilverStripe\\Example\\ArticlePage','2019-10-18 00:00:23','2019-10-18 00:00:23','Inherit','Inherit',1,'test-article-201','Test Article 201',NULL,'Content of test article201','','',1,1,201,0,0,NULL,9),(211,'SilverStripe\\Example\\ArticlePage','2019-10-18 00:00:23','2019-10-18 00:00:23','Inherit','Inherit',1,'test-article-202','Test Article 202',NULL,'Content of test article202','','',1,1,202,0,0,NULL,9),(212,'SilverStripe\\Example\\ArticlePage','2019-10-18 00:00:23','2019-10-18 00:00:23','Inherit','Inherit',1,'test-article-203','Test Article 203',NULL,'Content of test article203','','',1,1,203,0,0,NULL,9),(213,'SilverStripe\\Example\\ArticlePage','2019-10-18 00:00:23','2019-10-18 00:00:23','Inherit','Inherit',1,'test-article-204','Test Article 204',NULL,'Content of test article204','','',1,1,204,0,0,NULL,9);
/*!40000 ALTER TABLE `SiteTree_Live` ENABLE KEYS */;
UNLOCK TABLES;

--
-- Table structure for table `SiteTree_Versions`
--

DROP TABLE IF EXISTS `SiteTree_Versions`;
/*!40101 SET @saved_cs_client     = @@character_set_client */;
/*!40101 SET character_set_client = utf8 */;
CREATE TABLE `SiteTree_Versions` (
  `ID` int(11) NOT NULL AUTO_INCREMENT,
  `RecordID` int(11) NOT NULL DEFAULT '0',
  `Version` int(11) NOT NULL DEFAULT '0',
  `WasPublished` tinyint(1) unsigned NOT NULL DEFAULT '0',
  `WasDeleted` tinyint(1) unsigned NOT NULL DEFAULT '0',
  `WasDraft` tinyint(1) unsigned NOT NULL DEFAULT '0',
  `AuthorID` int(11) NOT NULL DEFAULT '0',
  `PublisherID` int(11) NOT NULL DEFAULT '0',
  `ClassName` enum('SilverStripe\\CMS\\Model\\SiteTree','Page','SilverStripe\\Example\\ArticleHolder','SilverStripe\\Example\\ArticlePage','SilverStripe\\Example\\HomePage','SilverStripe\\Example\\PropertySearchPage','SilverStripe\\Example\\RegionsPage','SilverStripe\\ErrorPage\\ErrorPage','SilverStripe\\CMS\\Model\\RedirectorPage','SilverStripe\\CMS\\Model\\VirtualPage') DEFAULT 'Page',
  `LastEdited` datetime DEFAULT NULL,
  `Created` datetime DEFAULT NULL,
  `CanViewType` enum('Anyone','LoggedInUsers','OnlyTheseUsers','Inherit') DEFAULT 'Inherit',
  `CanEditType` enum('LoggedInUsers','OnlyTheseUsers','Inherit') DEFAULT 'Inherit',
  `URLSegment` varchar(255) DEFAULT NULL,
  `Title` varchar(255) DEFAULT NULL,
  `MenuTitle` varchar(100) DEFAULT NULL,
  `Content` mediumtext,
  `MetaDescription` mediumtext,
  `ExtraMeta` mediumtext,
  `ShowInMenus` tinyint(1) unsigned NOT NULL DEFAULT '0',
  `ShowInSearch` tinyint(1) unsigned NOT NULL DEFAULT '0',
  `Sort` int(11) NOT NULL DEFAULT '0',
  `HasBrokenFile` tinyint(1) unsigned NOT NULL DEFAULT '0',
  `HasBrokenLink` tinyint(1) unsigned NOT NULL DEFAULT '0',
  `ReportClass` varchar(255) DEFAULT NULL,
  `ParentID` int(11) NOT NULL DEFAULT '0',
  PRIMARY KEY (`ID`),
  KEY `RecordID_Version` (`RecordID`,`Version`),
  KEY `RecordID` (`RecordID`),
  KEY `Version` (`Version`),
  KEY `AuthorID` (`AuthorID`),
  KEY `PublisherID` (`PublisherID`),
  KEY `Sort` (`Sort`),
  KEY `ClassName` (`ClassName`),
  KEY `ParentID` (`ParentID`),
  KEY `URLSegment` (`URLSegment`)
) ENGINE=InnoDB AUTO_INCREMENT=268 DEFAULT CHARSET=utf8;
/*!40101 SET character_set_client = @saved_cs_client */;

--
-- Dumping data for table `SiteTree_Versions`
--

LOCK TABLES `SiteTree_Versions` WRITE;
/*!40000 ALTER TABLE `SiteTree_Versions` DISABLE KEYS */;
INSERT INTO `SiteTree_Versions` VALUES (1,1,1,0,0,1,0,0,'SilverStripe\\Example\\HomePage','2019-10-15 05:07:36','2019-10-15 05:07:36','Inherit','Inherit','home','Home',NULL,'<p>Welcome to SilverStripe! This is the default homepage. You can edit this page by opening <a href=\"admin/\">the CMS</a>.</p><p>You can now access the <a href=\"http://docs.silverstripe.org\">developer documentation</a>, or begin the <a href=\"http://www.silverstripe.org/learn/lessons\">SilverStripe lessons</a>.</p>',NULL,NULL,1,1,1,0,0,NULL,0),(2,1,2,1,0,1,0,0,'SilverStripe\\Example\\HomePage','2019-10-15 05:07:36','2019-10-15 05:07:36','Inherit','Inherit','home','Home',NULL,'<p>Welcome to SilverStripe! This is the default homepage. You can edit this page by opening <a href=\"admin/\">the CMS</a>.</p><p>You can now access the <a href=\"http://docs.silverstripe.org\">developer documentation</a>, or begin the <a href=\"http://www.silverstripe.org/learn/lessons\">SilverStripe lessons</a>.</p>',NULL,NULL,1,1,1,0,0,NULL,0),(3,2,1,0,0,1,0,0,'Page','2019-10-15 05:07:36','2019-10-15 05:07:36','Inherit','Inherit','about-us','About Us',NULL,'<p>You can fill this page out with your own content, or delete it and create your own pages.</p>',NULL,NULL,1,1,2,0,0,NULL,0),(4,2,2,1,0,1,0,0,'Page','2019-10-15 05:07:37','2019-10-15 05:07:36','Inherit','Inherit','about-us','About Us',NULL,'<p>You can fill this page out with your own content, or delete it and create your own pages.</p>',NULL,NULL,1,1,2,0,0,NULL,0),(5,3,1,0,0,1,0,0,'Page','2019-10-15 05:07:37','2019-10-15 05:07:37','Inherit','Inherit','contact-us','Contact Us',NULL,'<p>You can fill this page out with your own content, or delete it and create your own pages.</p>',NULL,NULL,1,1,3,0,0,NULL,0),(6,3,2,1,0,1,0,0,'Page','2019-10-15 05:07:37','2019-10-15 05:07:37','Inherit','Inherit','contact-us','Contact Us',NULL,'<p>You can fill this page out with your own content, or delete it and create your own pages.</p>',NULL,NULL,1,1,3,0,0,NULL,0),(7,4,1,0,0,1,0,0,'SilverStripe\\ErrorPage\\ErrorPage','2019-10-15 05:07:37','2019-10-15 05:07:37','Inherit','Inherit','page-not-found','Page not found',NULL,'<p>Sorry, it seems you were trying to access a page that doesn\'t exist.</p><p>Please check the spelling of the URL you were trying to access and try again.</p>',NULL,NULL,0,0,4,0,0,NULL,0),(8,4,2,1,0,1,0,0,'SilverStripe\\ErrorPage\\ErrorPage','2019-10-15 05:07:37','2019-10-15 05:07:37','Inherit','Inherit','page-not-found','Page not found',NULL,'<p>Sorry, it seems you were trying to access a page that doesn\'t exist.</p><p>Please check the spelling of the URL you were trying to access and try again.</p>',NULL,NULL,0,0,4,0,0,NULL,0),(9,5,1,0,0,1,0,0,'SilverStripe\\ErrorPage\\ErrorPage','2019-10-15 05:07:37','2019-10-15 05:07:37','Inherit','Inherit','server-error','Server error',NULL,'<p>Sorry, there was a problem with handling your request.</p>',NULL,NULL,0,0,5,0,0,NULL,0),(10,5,2,1,0,1,0,0,'SilverStripe\\ErrorPage\\ErrorPage','2019-10-15 05:07:37','2019-10-15 05:07:37','Inherit','Inherit','server-error','Server error',NULL,'<p>Sorry, there was a problem with handling your request.</p>',NULL,NULL,0,0,5,0,0,NULL,0),(11,3,3,1,1,1,1,1,'Page','2019-10-15 05:49:04','2019-10-15 05:07:37','Inherit','Inherit',NULL,NULL,NULL,NULL,NULL,NULL,0,0,0,0,0,NULL,0),(12,6,1,0,0,1,1,0,'Page','2019-10-15 05:51:22','2019-10-15 05:51:22','Inherit','Inherit','new-page','New Page',NULL,NULL,NULL,NULL,1,1,6,0,0,NULL,0),(13,6,2,0,0,1,1,0,'Page','2019-10-15 05:52:06','2019-10-15 05:51:22','Inherit','Inherit','find-a-rental','Find a Rental',NULL,NULL,NULL,NULL,1,1,6,0,0,NULL,0),(14,6,3,1,0,1,1,1,'Page','2019-10-15 05:52:23','2019-10-15 05:51:22','Inherit','Inherit','find-a-rental','Find a Rental',NULL,NULL,NULL,NULL,1,1,6,0,0,NULL,0),(15,7,1,0,0,1,1,0,'Page','2019-10-15 05:53:30','2019-10-15 05:53:30','Inherit','Inherit','new-page','New Page',NULL,NULL,NULL,NULL,1,1,7,0,0,NULL,0),(16,7,2,0,0,1,1,0,'Page','2019-10-15 05:54:02','2019-10-15 05:53:30','Inherit','Inherit','list-your-rental','List Your Rental',NULL,NULL,NULL,NULL,1,1,7,0,0,NULL,0),(17,7,3,1,0,1,1,1,'Page','2019-10-15 05:54:16','2019-10-15 05:53:30','Inherit','Inherit','list-your-rental','List Your Rental',NULL,NULL,NULL,NULL,1,1,7,0,0,NULL,0),(18,6,4,0,0,1,1,0,'Page','2019-10-15 05:54:54','2019-10-15 05:51:22','Inherit','Inherit','find-a-rental','Find a Rental',NULL,NULL,NULL,NULL,1,1,2,0,0,NULL,0),(19,7,4,0,0,1,1,0,'Page','2019-10-15 05:54:58','2019-10-15 05:53:30','Inherit','Inherit','list-your-rental','List Your Rental',NULL,NULL,NULL,NULL,1,1,3,0,0,NULL,0),(20,8,1,0,0,1,1,0,'Page','2019-10-15 05:55:16','2019-10-15 05:55:16','Inherit','Inherit','new-page','New Page',NULL,NULL,NULL,NULL,1,1,7,0,0,NULL,0),(21,8,2,0,0,1,1,0,'Page','2019-10-15 05:56:05','2019-10-15 05:55:16','Inherit','Inherit','regions','Regions',NULL,NULL,NULL,NULL,1,1,7,0,0,NULL,0),(22,8,3,1,0,1,1,1,'Page','2019-10-15 05:56:18','2019-10-15 05:55:16','Inherit','Inherit','regions','Regions',NULL,NULL,NULL,NULL,1,1,7,0,0,NULL,0),(23,6,5,1,0,1,1,1,'Page','2019-10-15 05:58:41','2019-10-15 05:51:22','Inherit','Inherit','find-a-rental','Find a Rental',NULL,NULL,NULL,NULL,1,1,2,0,0,NULL,0),(24,7,5,1,0,1,1,1,'Page','2019-10-15 05:59:28','2019-10-15 05:53:30','Inherit','Inherit','list-your-rental','List Your Rental',NULL,NULL,NULL,NULL,1,1,3,0,0,NULL,0),(25,9,1,0,0,1,1,0,'SilverStripe\\Example\\ArticleHolder','2019-10-15 06:00:25','2019-10-15 06:00:25','Inherit','Inherit','new-article-holder','New Article Holder',NULL,NULL,NULL,NULL,1,1,8,0,0,NULL,0),(26,9,2,0,0,1,1,0,'SilverStripe\\Example\\ArticleHolder','2019-10-15 06:01:08','2019-10-15 06:00:25','Inherit','Inherit','travel-guides','Travel Guides',NULL,NULL,NULL,NULL,1,1,8,0,0,NULL,0),(27,9,3,1,0,1,1,1,'SilverStripe\\Example\\ArticleHolder','2019-10-15 06:01:20','2019-10-15 06:00:25','Inherit','Inherit','travel-guides','Travel Guides',NULL,NULL,NULL,NULL,1,1,8,0,0,NULL,0),(28,3,4,0,0,1,1,0,'Page','2019-10-15 09:46:53','2019-10-15 05:07:37','Inherit','Inherit','contact-us','Contact Us',NULL,'<p>You can fill this page out with your own content, or delete it and create your own pages.</p>',NULL,NULL,1,1,3,0,0,NULL,0),(29,3,5,0,0,1,1,0,'Page','2019-10-15 09:47:35','2019-10-15 05:07:37','Inherit','Inherit','contact-us','Contact Us',NULL,'<p>You can fill this page out with your own content, or delete it and create your own pages.</p>',NULL,NULL,1,1,4,0,0,NULL,0),(30,8,4,0,0,1,1,0,'Page','2019-10-15 09:47:49','2019-10-15 05:55:16','Inherit','Inherit','regions','Regions',NULL,NULL,NULL,NULL,1,1,4,0,0,NULL,0),(31,9,4,0,0,1,1,0,'SilverStripe\\Example\\ArticleHolder','2019-10-15 09:48:35','2019-10-15 06:00:25','Inherit','Inherit','travel-guides','Travel Guides',NULL,NULL,NULL,NULL,1,1,5,0,0,NULL,0),(32,2,3,0,0,1,1,0,'Page','2019-10-15 09:48:44','2019-10-15 05:07:36','Inherit','Inherit','about-us','About Us',NULL,'<p>You can fill this page out with your own content, or delete it and create your own pages.</p>',NULL,NULL,1,1,6,0,0,NULL,0),(33,8,5,1,0,1,1,1,'Page','2019-10-15 09:49:10','2019-10-15 05:55:16','Inherit','Inherit','regions','Regions',NULL,NULL,NULL,NULL,1,1,4,0,0,NULL,0),(34,9,5,1,0,1,1,1,'SilverStripe\\Example\\ArticleHolder','2019-10-15 09:50:17','2019-10-15 06:00:25','Inherit','Inherit','travel-guides','Travel Guides',NULL,NULL,NULL,NULL,1,1,5,0,0,NULL,0),(35,2,4,1,0,1,1,1,'Page','2019-10-15 09:51:18','2019-10-15 05:07:36','Inherit','Inherit','about-us','About Us',NULL,'<p>You can fill this page out with your own content, or delete it and create your own pages.</p>',NULL,NULL,1,1,6,0,0,NULL,0),(36,3,6,1,0,1,1,1,'Page','2019-10-15 09:52:33','2019-10-15 05:07:37','Inherit','Inherit','contact-us','Contact Us',NULL,'<p>You can fill this page out with your own content, or delete it and create your own pages.</p>',NULL,NULL,1,1,7,0,0,NULL,0),(37,10,1,0,0,1,1,0,'SilverStripe\\Example\\ArticlePage','2019-10-15 09:58:45','2019-10-15 09:58:45','Inherit','Inherit','new-article-page','New Article Page',NULL,NULL,NULL,NULL,1,1,1,0,0,NULL,9),(38,10,2,0,0,1,1,0,'SilverStripe\\Example\\ArticlePage','2019-10-15 10:00:04','2019-10-15 09:58:45','Inherit','Inherit','sample-article-1','Sample Article 1',NULL,'<p><span>This is sample article 1.</span></p>',NULL,NULL,1,1,1,0,0,NULL,9),(39,10,3,1,0,1,1,1,'SilverStripe\\Example\\ArticlePage','2019-10-15 10:00:17','2019-10-15 09:58:45','Inherit','Inherit','sample-article-1','Sample Article 1',NULL,'<p><span>This is sample article 1.</span></p>',NULL,NULL,1,1,1,0,0,NULL,9),(40,11,1,0,0,1,1,0,'SilverStripe\\Example\\ArticlePage','2019-10-15 10:01:16','2019-10-15 10:01:16','Inherit','Inherit','new-article-page','New Article Page',NULL,NULL,NULL,NULL,1,1,2,0,0,NULL,9),(41,11,2,0,0,1,1,0,'SilverStripe\\Example\\ArticlePage','2019-10-15 10:01:54','2019-10-15 10:01:16','Inherit','Inherit','sample-article-2','Sample Article 2',NULL,'<p><span>This is sample article 2.</span></p>',NULL,NULL,1,1,2,0,0,NULL,9),(42,11,3,1,0,1,1,1,'SilverStripe\\Example\\ArticlePage','2019-10-15 10:03:36','2019-10-15 10:01:16','Inherit','Inherit','sample-article-2','Sample Article 2',NULL,'<p><span>This is sample article 2.</span></p>',NULL,NULL,1,1,2,0,0,NULL,9),(43,12,1,0,0,1,1,0,'SilverStripe\\Example\\ArticlePage','2019-10-15 10:05:04','2019-10-15 10:05:04','Inherit','Inherit','new-article-page','New Article Page',NULL,NULL,NULL,NULL,1,1,3,0,0,NULL,9),(44,12,2,0,0,1,1,0,'SilverStripe\\Example\\ArticlePage','2019-10-15 10:06:10','2019-10-15 10:05:04','Inherit','Inherit','sample-article-3','Sample Article 3',NULL,NULL,NULL,NULL,1,1,3,0,0,NULL,9),(45,12,3,1,0,1,1,1,'SilverStripe\\Example\\ArticlePage','2019-10-15 10:06:26','2019-10-15 10:05:04','Inherit','Inherit','sample-article-3','Sample Article 3',NULL,NULL,NULL,NULL,1,1,3,0,0,NULL,9),(46,9,6,0,0,1,1,0,'SilverStripe\\Example\\ArticleHolder','2019-10-15 10:28:15','2019-10-15 06:00:25','Inherit','Inherit','travel-guides','Travel Guides',NULL,NULL,NULL,NULL,1,1,5,0,0,NULL,0),(47,9,7,1,0,1,1,1,'SilverStripe\\Example\\ArticleHolder','2019-10-15 10:28:48','2019-10-15 06:00:25','Inherit','Inherit','travel-guides','Travel Guides',NULL,NULL,NULL,NULL,1,1,5,0,0,NULL,0),(48,10,4,0,0,1,1,0,'SilverStripe\\Example\\ArticlePage','2019-10-15 10:30:50','2019-10-15 09:58:45','Inherit','Inherit','sample-article-1','Sample Article 1',NULL,'<p><span>This is sample article 1.</span></p>',NULL,NULL,1,1,1,0,0,NULL,9),(49,10,5,1,0,1,1,1,'SilverStripe\\Example\\ArticlePage','2019-10-15 10:31:40','2019-10-15 09:58:45','Inherit','Inherit','sample-article-1','Sample Article 1',NULL,'<p><span>This is sample article 1.</span></p>',NULL,NULL,1,1,1,0,0,NULL,9),(50,11,4,0,0,1,1,0,'SilverStripe\\Example\\ArticlePage','2019-10-15 10:35:37','2019-10-15 10:01:16','Inherit','Inherit','sample-article-2','Sample Article 2',NULL,'<p><span>This is sample article 2.</span></p>',NULL,NULL,1,1,2,0,0,NULL,9),(51,11,5,1,0,1,1,1,'SilverStripe\\Example\\ArticlePage','2019-10-15 10:36:02','2019-10-15 10:01:16','Inherit','Inherit','sample-article-2','Sample Article 2',NULL,'<p><span>This is sample article 2.</span></p>',NULL,NULL,1,1,2,0,0,NULL,9),(52,12,4,0,0,1,1,0,'SilverStripe\\Example\\ArticlePage','2019-10-15 10:36:06','2019-10-15 10:05:04','Inherit','Inherit','sample-article-3','Sample Article 3',NULL,NULL,NULL,NULL,1,1,3,0,0,NULL,9),(53,12,5,1,0,1,1,1,'SilverStripe\\Example\\ArticlePage','2019-10-15 10:37:26','2019-10-15 10:05:04','Inherit','Inherit','sample-article-3','Sample Article 3',NULL,NULL,NULL,NULL,1,1,3,0,0,NULL,9),(54,10,7,1,0,1,1,1,'SilverStripe\\Example\\ArticlePage','2019-10-16 07:44:22','2019-10-15 09:58:45','Inherit','Inherit','sample-article-1','Sample Article 1',NULL,'<p><span>This is sample article 1.</span></p>',NULL,NULL,1,1,1,0,0,NULL,9),(55,11,7,1,0,1,1,1,'SilverStripe\\Example\\ArticlePage','2019-10-16 07:46:00','2019-10-15 10:01:16','Inherit','Inherit','sample-article-2','Sample Article 2',NULL,'<p><span>This is sample article 2.</span></p>',NULL,NULL,1,1,2,0,0,NULL,9),(56,12,7,1,0,1,1,1,'SilverStripe\\Example\\ArticlePage','2019-10-16 07:46:28','2019-10-15 10:05:04','Inherit','Inherit','sample-article-3','Sample Article 3',NULL,NULL,NULL,NULL,1,1,3,0,0,NULL,9),(57,10,8,0,0,1,1,0,'SilverStripe\\Example\\ArticlePage','2019-10-16 10:15:16','2019-10-15 09:58:45','Inherit','Inherit','sample-article-1','Sample Article 1',NULL,'<p><span>This is sample article 1.</span></p>',NULL,NULL,1,1,1,0,0,NULL,9),(58,10,9,1,0,1,1,1,'SilverStripe\\Example\\ArticlePage','2019-10-16 10:15:16','2019-10-15 09:58:45','Inherit','Inherit','sample-article-1','Sample Article 1',NULL,'<p><span>This is sample article 1.</span></p>',NULL,NULL,1,1,1,0,0,NULL,9),(59,11,8,0,0,1,1,0,'SilverStripe\\Example\\ArticlePage','2019-10-16 10:27:21','2019-10-15 10:01:16','Inherit','Inherit','sample-article-2','Sample Article 2',NULL,'<p><span>This is sample article 2.</span></p>',NULL,NULL,1,1,2,0,0,NULL,9),(60,11,9,1,0,1,1,1,'SilverStripe\\Example\\ArticlePage','2019-10-16 10:27:21','2019-10-15 10:01:16','Inherit','Inherit','sample-article-2','Sample Article 2',NULL,'<p><span>This is sample article 2.</span></p>',NULL,NULL,1,1,2,0,0,NULL,9),(61,12,8,0,0,1,1,0,'SilverStripe\\Example\\ArticlePage','2019-10-16 10:28:26','2019-10-15 10:05:04','Inherit','Inherit','sample-article-3','Sample Article 3',NULL,NULL,NULL,NULL,1,1,3,0,0,NULL,9),(62,12,9,1,0,1,1,1,'SilverStripe\\Example\\ArticlePage','2019-10-16 10:28:26','2019-10-15 10:05:04','Inherit','Inherit','sample-article-3','Sample Article 3',NULL,NULL,NULL,NULL,1,1,3,0,0,NULL,9),(63,8,6,0,0,1,1,0,'SilverStripe\\Example\\RegionsPage','2019-10-17 02:31:30','2019-10-15 05:55:16','Inherit','Inherit','regions','Regions',NULL,NULL,NULL,NULL,1,1,4,0,0,NULL,0),(64,8,7,1,0,1,1,1,'SilverStripe\\Example\\RegionsPage','2019-10-17 02:37:16','2019-10-15 05:55:16','Inherit','Inherit','regions','Regions',NULL,NULL,NULL,NULL,1,1,4,0,0,NULL,0),(65,6,6,0,0,1,1,0,'SilverStripe\\Example\\PropertySearchPage','2019-10-18 08:32:55','2019-10-15 05:51:22','Inherit','Inherit','find-a-rental','Find a Rental',NULL,NULL,NULL,NULL,1,1,2,0,0,NULL,0),(66,6,7,1,0,1,1,1,'SilverStripe\\Example\\PropertySearchPage','2019-10-18 08:33:05','2019-10-15 05:51:22','Inherit','Inherit','find-a-rental','Find a Rental',NULL,NULL,NULL,NULL,1,1,2,0,0,NULL,0),(67,13,1,1,0,0,1,1,'SilverStripe\\Example\\ArticlePage','2019-10-18 00:00:20','2019-10-18 00:00:20','Inherit','Inherit','test-article-4','Test Article 4',NULL,'Content of test article4','','',1,1,4,0,0,NULL,9),(68,14,1,1,0,0,1,1,'SilverStripe\\Example\\ArticlePage','2019-10-18 00:00:20','2019-10-18 00:00:20','Inherit','Inherit','test-article-5','Test Article 5',NULL,'Content of test article5','','',1,1,5,0,0,NULL,9),(69,15,1,1,0,0,1,1,'SilverStripe\\Example\\ArticlePage','2019-10-18 00:00:20','2019-10-18 00:00:20','Inherit','Inherit','test-article-6','Test Article 6',NULL,'Content of test article6','','',1,1,6,0,0,NULL,9),(70,16,1,1,0,0,1,1,'SilverStripe\\Example\\ArticlePage','2019-10-18 00:00:20','2019-10-18 00:00:20','Inherit','Inherit','test-article-7','Test Article 7',NULL,'Content of test article7','','',1,1,7,0,0,NULL,9),(71,17,1,1,0,0,1,1,'SilverStripe\\Example\\ArticlePage','2019-10-18 00:00:20','2019-10-18 00:00:20','Inherit','Inherit','test-article-8','Test Article 8',NULL,'Content of test article8','','',1,1,8,0,0,NULL,9),(72,18,1,1,0,0,1,1,'SilverStripe\\Example\\ArticlePage','2019-10-18 00:00:20','2019-10-18 00:00:20','Inherit','Inherit','test-article-9','Test Article 9',NULL,'Content of test article9','','',1,1,9,0,0,NULL,9),(73,19,1,1,0,0,1,1,'SilverStripe\\Example\\ArticlePage','2019-10-18 00:00:20','2019-10-18 00:00:20','Inherit','Inherit','test-article-10','Test Article 10',NULL,'Content of test article10','','',1,1,10,0,0,NULL,9),(74,20,1,1,0,0,1,1,'SilverStripe\\Example\\ArticlePage','2019-10-18 00:00:20','2019-10-18 00:00:20','Inherit','Inherit','test-article-11','Test Article 11',NULL,'Content of test article11','','',1,1,11,0,0,NULL,9),(75,21,1,1,0,0,1,1,'SilverStripe\\Example\\ArticlePage','2019-10-18 00:00:20','2019-10-18 00:00:20','Inherit','Inherit','test-article-12','Test Article 12',NULL,'Content of test article12','','',1,1,12,0,0,NULL,9),(76,22,1,1,0,0,1,1,'SilverStripe\\Example\\ArticlePage','2019-10-18 00:00:20','2019-10-18 00:00:20','Inherit','Inherit','test-article-13','Test Article 13',NULL,'Content of test article13','','',1,1,13,0,0,NULL,9),(77,23,1,1,0,0,1,1,'SilverStripe\\Example\\ArticlePage','2019-10-18 00:00:20','2019-10-18 00:00:20','Inherit','Inherit','test-article-14','Test Article 14',NULL,'Content of test article14','','',1,1,14,0,0,NULL,9),(78,24,1,1,0,0,1,1,'SilverStripe\\Example\\ArticlePage','2019-10-18 00:00:20','2019-10-18 00:00:20','Inherit','Inherit','test-article-15','Test Article 15',NULL,'Content of test article15','','',1,1,15,0,0,NULL,9),(79,25,1,1,0,0,1,1,'SilverStripe\\Example\\ArticlePage','2019-10-18 00:00:20','2019-10-18 00:00:20','Inherit','Inherit','test-article-16','Test Article 16',NULL,'Content of test article16','','',1,1,16,0,0,NULL,9),(80,26,1,1,0,0,1,1,'SilverStripe\\Example\\ArticlePage','2019-10-18 00:00:20','2019-10-18 00:00:20','Inherit','Inherit','test-article-17','Test Article 17',NULL,'Content of test article17','','',1,1,17,0,0,NULL,9),(81,27,1,1,0,0,1,1,'SilverStripe\\Example\\ArticlePage','2019-10-18 00:00:20','2019-10-18 00:00:20','Inherit','Inherit','test-article-18','Test Article 18',NULL,'Content of test article18','','',1,1,18,0,0,NULL,9),(82,28,1,1,0,0,1,1,'SilverStripe\\Example\\ArticlePage','2019-10-18 00:00:20','2019-10-18 00:00:20','Inherit','Inherit','test-article-19','Test Article 19',NULL,'Content of test article19','','',1,1,19,0,0,NULL,9),(83,29,1,1,0,0,1,1,'SilverStripe\\Example\\ArticlePage','2019-10-18 00:00:20','2019-10-18 00:00:20','Inherit','Inherit','test-article-20','Test Article 20',NULL,'Content of test article20','','',1,1,20,0,0,NULL,9),(84,30,1,1,0,0,1,1,'SilverStripe\\Example\\ArticlePage','2019-10-18 00:00:20','2019-10-18 00:00:20','Inherit','Inherit','test-article-21','Test Article 21',NULL,'Content of test article21','','',1,1,21,0,0,NULL,9),(85,31,1,1,0,0,1,1,'SilverStripe\\Example\\ArticlePage','2019-10-18 00:00:20','2019-10-18 00:00:20','Inherit','Inherit','test-article-22','Test Article 22',NULL,'Content of test article22','','',1,1,22,0,0,NULL,9),(86,32,1,1,0,0,1,1,'SilverStripe\\Example\\ArticlePage','2019-10-18 00:00:20','2019-10-18 00:00:20','Inherit','Inherit','test-article-23','Test Article 23',NULL,'Content of test article23','','',1,1,23,0,0,NULL,9),(87,33,1,1,0,0,1,1,'SilverStripe\\Example\\ArticlePage','2019-10-18 00:00:20','2019-10-18 00:00:20','Inherit','Inherit','test-article-24','Test Article 24',NULL,'Content of test article24','','',1,1,24,0,0,NULL,9),(88,34,1,1,0,0,1,1,'SilverStripe\\Example\\ArticlePage','2019-10-18 00:00:20','2019-10-18 00:00:20','Inherit','Inherit','test-article-25','Test Article 25',NULL,'Content of test article25','','',1,1,25,0,0,NULL,9),(89,35,1,1,0,0,1,1,'SilverStripe\\Example\\ArticlePage','2019-10-18 00:00:20','2019-10-18 00:00:20','Inherit','Inherit','test-article-26','Test Article 26',NULL,'Content of test article26','','',1,1,26,0,0,NULL,9),(90,36,1,1,0,0,1,1,'SilverStripe\\Example\\ArticlePage','2019-10-18 00:00:20','2019-10-18 00:00:20','Inherit','Inherit','test-article-27','Test Article 27',NULL,'Content of test article27','','',1,1,27,0,0,NULL,9),(91,37,1,1,0,0,1,1,'SilverStripe\\Example\\ArticlePage','2019-10-18 00:00:21','2019-10-18 00:00:21','Inherit','Inherit','test-article-28','Test Article 28',NULL,'Content of test article28','','',1,1,28,0,0,NULL,9),(92,38,1,1,0,0,1,1,'SilverStripe\\Example\\ArticlePage','2019-10-18 00:00:21','2019-10-18 00:00:21','Inherit','Inherit','test-article-29','Test Article 29',NULL,'Content of test article29','','',1,1,29,0,0,NULL,9),(93,39,1,1,0,0,1,1,'SilverStripe\\Example\\ArticlePage','2019-10-18 00:00:21','2019-10-18 00:00:21','Inherit','Inherit','test-article-30','Test Article 30',NULL,'Content of test article30','','',1,1,30,0,0,NULL,9),(94,40,1,1,0,0,1,1,'SilverStripe\\Example\\ArticlePage','2019-10-18 00:00:21','2019-10-18 00:00:21','Inherit','Inherit','test-article-31','Test Article 31',NULL,'Content of test article31','','',1,1,31,0,0,NULL,9),(95,41,1,1,0,0,1,1,'SilverStripe\\Example\\ArticlePage','2019-10-18 00:00:21','2019-10-18 00:00:21','Inherit','Inherit','test-article-32','Test Article 32',NULL,'Content of test article32','','',1,1,32,0,0,NULL,9),(96,42,1,1,0,0,1,1,'SilverStripe\\Example\\ArticlePage','2019-10-18 00:00:21','2019-10-18 00:00:21','Inherit','Inherit','test-article-33','Test Article 33',NULL,'Content of test article33','','',1,1,33,0,0,NULL,9),(97,43,1,1,0,0,1,1,'SilverStripe\\Example\\ArticlePage','2019-10-18 00:00:21','2019-10-18 00:00:21','Inherit','Inherit','test-article-34','Test Article 34',NULL,'Content of test article34','','',1,1,34,0,0,NULL,9),(98,44,1,1,0,0,1,1,'SilverStripe\\Example\\ArticlePage','2019-10-18 00:00:21','2019-10-18 00:00:21','Inherit','Inherit','test-article-35','Test Article 35',NULL,'Content of test article35','','',1,1,35,0,0,NULL,9),(99,45,1,1,0,0,1,1,'SilverStripe\\Example\\ArticlePage','2019-10-18 00:00:21','2019-10-18 00:00:21','Inherit','Inherit','test-article-36','Test Article 36',NULL,'Content of test article36','','',1,1,36,0,0,NULL,9),(100,46,1,1,0,0,1,1,'SilverStripe\\Example\\ArticlePage','2019-10-18 00:00:21','2019-10-18 00:00:21','Inherit','Inherit','test-article-37','Test Article 37',NULL,'Content of test article37','','',1,1,37,0,0,NULL,9),(101,47,1,1,0,0,1,1,'SilverStripe\\Example\\ArticlePage','2019-10-18 00:00:21','2019-10-18 00:00:21','Inherit','Inherit','test-article-38','Test Article 38',NULL,'Content of test article38','','',1,1,38,0,0,NULL,9),(102,48,1,1,0,0,1,1,'SilverStripe\\Example\\ArticlePage','2019-10-18 00:00:21','2019-10-18 00:00:21','Inherit','Inherit','test-article-39','Test Article 39',NULL,'Content of test article39','','',1,1,39,0,0,NULL,9),(103,49,1,1,0,0,1,1,'SilverStripe\\Example\\ArticlePage','2019-10-18 00:00:21','2019-10-18 00:00:21','Inherit','Inherit','test-article-40','Test Article 40',NULL,'Content of test article40','','',1,1,40,0,0,NULL,9),(104,50,1,1,0,0,1,1,'SilverStripe\\Example\\ArticlePage','2019-10-18 00:00:21','2019-10-18 00:00:21','Inherit','Inherit','test-article-41','Test Article 41',NULL,'Content of test article41','','',1,1,41,0,0,NULL,9),(105,51,1,1,0,0,1,1,'SilverStripe\\Example\\ArticlePage','2019-10-18 00:00:21','2019-10-18 00:00:21','Inherit','Inherit','test-article-42','Test Article 42',NULL,'Content of test article42','','',1,1,42,0,0,NULL,9),(106,52,1,1,0,0,1,1,'SilverStripe\\Example\\ArticlePage','2019-10-18 00:00:21','2019-10-18 00:00:21','Inherit','Inherit','test-article-43','Test Article 43',NULL,'Content of test article43','','',1,1,43,0,0,NULL,9),(107,53,1,1,0,0,1,1,'SilverStripe\\Example\\ArticlePage','2019-10-18 00:00:21','2019-10-18 00:00:21','Inherit','Inherit','test-article-44','Test Article 44',NULL,'Content of test article44','','',1,1,44,0,0,NULL,9),(108,54,1,1,0,0,1,1,'SilverStripe\\Example\\ArticlePage','2019-10-18 00:00:21','2019-10-18 00:00:21','Inherit','Inherit','test-article-45','Test Article 45',NULL,'Content of test article45','','',1,1,45,0,0,NULL,9),(109,55,1,1,0,0,1,1,'SilverStripe\\Example\\ArticlePage','2019-10-18 00:00:21','2019-10-18 00:00:21','Inherit','Inherit','test-article-46','Test Article 46',NULL,'Content of test article46','','',1,1,46,0,0,NULL,9),(110,56,1,1,0,0,1,1,'SilverStripe\\Example\\ArticlePage','2019-10-18 00:00:21','2019-10-18 00:00:21','Inherit','Inherit','test-article-47','Test Article 47',NULL,'Content of test article47','','',1,1,47,0,0,NULL,9),(111,57,1,1,0,0,1,1,'SilverStripe\\Example\\ArticlePage','2019-10-18 00:00:21','2019-10-18 00:00:21','Inherit','Inherit','test-article-48','Test Article 48',NULL,'Content of test article48','','',1,1,48,0,0,NULL,9),(112,58,1,1,0,0,1,1,'SilverStripe\\Example\\ArticlePage','2019-10-18 00:00:21','2019-10-18 00:00:21','Inherit','Inherit','test-article-49','Test Article 49',NULL,'Content of test article49','','',1,1,49,0,0,NULL,9),(113,59,1,1,0,0,1,1,'SilverStripe\\Example\\ArticlePage','2019-10-18 00:00:21','2019-10-18 00:00:21','Inherit','Inherit','test-article-50','Test Article 50',NULL,'Content of test article50','','',1,1,50,0,0,NULL,9),(114,60,1,1,0,0,1,1,'SilverStripe\\Example\\ArticlePage','2019-10-18 00:00:21','2019-10-18 00:00:21','Inherit','Inherit','test-article-51','Test Article 51',NULL,'Content of test article51','','',1,1,51,0,0,NULL,9),(115,61,1,1,0,0,1,1,'SilverStripe\\Example\\ArticlePage','2019-10-18 00:00:21','2019-10-18 00:00:21','Inherit','Inherit','test-article-52','Test Article 52',NULL,'Content of test article52','','',1,1,52,0,0,NULL,9),(116,62,1,1,0,0,1,1,'SilverStripe\\Example\\ArticlePage','2019-10-18 00:00:21','2019-10-18 00:00:21','Inherit','Inherit','test-article-53','Test Article 53',NULL,'Content of test article53','','',1,1,53,0,0,NULL,9),(117,63,1,1,0,0,1,1,'SilverStripe\\Example\\ArticlePage','2019-10-18 00:00:21','2019-10-18 00:00:21','Inherit','Inherit','test-article-54','Test Article 54',NULL,'Content of test article54','','',1,1,54,0,0,NULL,9),(118,64,1,1,0,0,1,1,'SilverStripe\\Example\\ArticlePage','2019-10-18 00:00:21','2019-10-18 00:00:21','Inherit','Inherit','test-article-55','Test Article 55',NULL,'Content of test article55','','',1,1,55,0,0,NULL,9),(119,65,1,1,0,0,1,1,'SilverStripe\\Example\\ArticlePage','2019-10-18 00:00:21','2019-10-18 00:00:21','Inherit','Inherit','test-article-56','Test Article 56',NULL,'Content of test article56','','',1,1,56,0,0,NULL,9),(120,66,1,1,0,0,1,1,'SilverStripe\\Example\\ArticlePage','2019-10-18 00:00:21','2019-10-18 00:00:21','Inherit','Inherit','test-article-57','Test Article 57',NULL,'Content of test article57','','',1,1,57,0,0,NULL,9),(121,67,1,1,0,0,1,1,'SilverStripe\\Example\\ArticlePage','2019-10-18 00:00:21','2019-10-18 00:00:21','Inherit','Inherit','test-article-58','Test Article 58',NULL,'Content of test article58','','',1,1,58,0,0,NULL,9),(122,68,1,1,0,0,1,1,'SilverStripe\\Example\\ArticlePage','2019-10-18 00:00:21','2019-10-18 00:00:21','Inherit','Inherit','test-article-59','Test Article 59',NULL,'Content of test article59','','',1,1,59,0,0,NULL,9),(123,69,1,1,0,0,1,1,'SilverStripe\\Example\\ArticlePage','2019-10-18 00:00:21','2019-10-18 00:00:21','Inherit','Inherit','test-article-60','Test Article 60',NULL,'Content of test article60','','',1,1,60,0,0,NULL,9),(124,70,1,1,0,0,1,1,'SilverStripe\\Example\\ArticlePage','2019-10-18 00:00:21','2019-10-18 00:00:21','Inherit','Inherit','test-article-61','Test Article 61',NULL,'Content of test article61','','',1,1,61,0,0,NULL,9),(125,71,1,1,0,0,1,1,'SilverStripe\\Example\\ArticlePage','2019-10-18 00:00:21','2019-10-18 00:00:21','Inherit','Inherit','test-article-62','Test Article 62',NULL,'Content of test article62','','',1,1,62,0,0,NULL,9),(126,72,1,1,0,0,1,1,'SilverStripe\\Example\\ArticlePage','2019-10-18 00:00:21','2019-10-18 00:00:21','Inherit','Inherit','test-article-63','Test Article 63',NULL,'Content of test article63','','',1,1,63,0,0,NULL,9),(127,73,1,1,0,0,1,1,'SilverStripe\\Example\\ArticlePage','2019-10-18 00:00:21','2019-10-18 00:00:21','Inherit','Inherit','test-article-64','Test Article 64',NULL,'Content of test article64','','',1,1,64,0,0,NULL,9),(128,74,1,1,0,0,1,1,'SilverStripe\\Example\\ArticlePage','2019-10-18 00:00:21','2019-10-18 00:00:21','Inherit','Inherit','test-article-65','Test Article 65',NULL,'Content of test article65','','',1,1,65,0,0,NULL,9),(129,75,1,1,0,0,1,1,'SilverStripe\\Example\\ArticlePage','2019-10-18 00:00:21','2019-10-18 00:00:21','Inherit','Inherit','test-article-66','Test Article 66',NULL,'Content of test article66','','',1,1,66,0,0,NULL,9),(130,76,1,1,0,0,1,1,'SilverStripe\\Example\\ArticlePage','2019-10-18 00:00:21','2019-10-18 00:00:21','Inherit','Inherit','test-article-67','Test Article 67',NULL,'Content of test article67','','',1,1,67,0,0,NULL,9),(131,77,1,1,0,0,1,1,'SilverStripe\\Example\\ArticlePage','2019-10-18 00:00:21','2019-10-18 00:00:21','Inherit','Inherit','test-article-68','Test Article 68',NULL,'Content of test article68','','',1,1,68,0,0,NULL,9),(132,78,1,1,0,0,1,1,'SilverStripe\\Example\\ArticlePage','2019-10-18 00:00:21','2019-10-18 00:00:21','Inherit','Inherit','test-article-69','Test Article 69',NULL,'Content of test article69','','',1,1,69,0,0,NULL,9),(133,79,1,1,0,0,1,1,'SilverStripe\\Example\\ArticlePage','2019-10-18 00:00:21','2019-10-18 00:00:21','Inherit','Inherit','test-article-70','Test Article 70',NULL,'Content of test article70','','',1,1,70,0,0,NULL,9),(134,80,1,1,0,0,1,1,'SilverStripe\\Example\\ArticlePage','2019-10-18 00:00:21','2019-10-18 00:00:21','Inherit','Inherit','test-article-71','Test Article 71',NULL,'Content of test article71','','',1,1,71,0,0,NULL,9),(135,81,1,1,0,0,1,1,'SilverStripe\\Example\\ArticlePage','2019-10-18 00:00:21','2019-10-18 00:00:21','Inherit','Inherit','test-article-72','Test Article 72',NULL,'Content of test article72','','',1,1,72,0,0,NULL,9),(136,82,1,1,0,0,1,1,'SilverStripe\\Example\\ArticlePage','2019-10-18 00:00:21','2019-10-18 00:00:21','Inherit','Inherit','test-article-73','Test Article 73',NULL,'Content of test article73','','',1,1,73,0,0,NULL,9),(137,83,1,1,0,0,1,1,'SilverStripe\\Example\\ArticlePage','2019-10-18 00:00:21','2019-10-18 00:00:21','Inherit','Inherit','test-article-74','Test Article 74',NULL,'Content of test article74','','',1,1,74,0,0,NULL,9),(138,84,1,1,0,0,1,1,'SilverStripe\\Example\\ArticlePage','2019-10-18 00:00:21','2019-10-18 00:00:21','Inherit','Inherit','test-article-75','Test Article 75',NULL,'Content of test article75','','',1,1,75,0,0,NULL,9),(139,85,1,1,0,0,1,1,'SilverStripe\\Example\\ArticlePage','2019-10-18 00:00:21','2019-10-18 00:00:21','Inherit','Inherit','test-article-76','Test Article 76',NULL,'Content of test article76','','',1,1,76,0,0,NULL,9),(140,86,1,1,0,0,1,1,'SilverStripe\\Example\\ArticlePage','2019-10-18 00:00:21','2019-10-18 00:00:21','Inherit','Inherit','test-article-77','Test Article 77',NULL,'Content of test article77','','',1,1,77,0,0,NULL,9),(141,87,1,1,0,0,1,1,'SilverStripe\\Example\\ArticlePage','2019-10-18 00:00:21','2019-10-18 00:00:21','Inherit','Inherit','test-article-78','Test Article 78',NULL,'Content of test article78','','',1,1,78,0,0,NULL,9),(142,88,1,1,0,0,1,1,'SilverStripe\\Example\\ArticlePage','2019-10-18 00:00:21','2019-10-18 00:00:21','Inherit','Inherit','test-article-79','Test Article 79',NULL,'Content of test article79','','',1,1,79,0,0,NULL,9),(143,89,1,1,0,0,1,1,'SilverStripe\\Example\\ArticlePage','2019-10-18 00:00:21','2019-10-18 00:00:21','Inherit','Inherit','test-article-80','Test Article 80',NULL,'Content of test article80','','',1,1,80,0,0,NULL,9),(144,90,1,1,0,0,1,1,'SilverStripe\\Example\\ArticlePage','2019-10-18 00:00:21','2019-10-18 00:00:21','Inherit','Inherit','test-article-81','Test Article 81',NULL,'Content of test article81','','',1,1,81,0,0,NULL,9),(145,91,1,1,0,0,1,1,'SilverStripe\\Example\\ArticlePage','2019-10-18 00:00:21','2019-10-18 00:00:21','Inherit','Inherit','test-article-82','Test Article 82',NULL,'Content of test article82','','',1,1,82,0,0,NULL,9),(146,92,1,1,0,0,1,1,'SilverStripe\\Example\\ArticlePage','2019-10-18 00:00:21','2019-10-18 00:00:21','Inherit','Inherit','test-article-83','Test Article 83',NULL,'Content of test article83','','',1,1,83,0,0,NULL,9),(147,93,1,1,0,0,1,1,'SilverStripe\\Example\\ArticlePage','2019-10-18 00:00:21','2019-10-18 00:00:21','Inherit','Inherit','test-article-84','Test Article 84',NULL,'Content of test article84','','',1,1,84,0,0,NULL,9),(148,94,1,1,0,0,1,1,'SilverStripe\\Example\\ArticlePage','2019-10-18 00:00:21','2019-10-18 00:00:21','Inherit','Inherit','test-article-85','Test Article 85',NULL,'Content of test article85','','',1,1,85,0,0,NULL,9),(149,95,1,1,0,0,1,1,'SilverStripe\\Example\\ArticlePage','2019-10-18 00:00:21','2019-10-18 00:00:21','Inherit','Inherit','test-article-86','Test Article 86',NULL,'Content of test article86','','',1,1,86,0,0,NULL,9),(150,96,1,1,0,0,1,1,'SilverStripe\\Example\\ArticlePage','2019-10-18 00:00:21','2019-10-18 00:00:21','Inherit','Inherit','test-article-87','Test Article 87',NULL,'Content of test article87','','',1,1,87,0,0,NULL,9),(151,97,1,1,0,0,1,1,'SilverStripe\\Example\\ArticlePage','2019-10-18 00:00:21','2019-10-18 00:00:21','Inherit','Inherit','test-article-88','Test Article 88',NULL,'Content of test article88','','',1,1,88,0,0,NULL,9),(152,98,1,1,0,0,1,1,'SilverStripe\\Example\\ArticlePage','2019-10-18 00:00:21','2019-10-18 00:00:21','Inherit','Inherit','test-article-89','Test Article 89',NULL,'Content of test article89','','',1,1,89,0,0,NULL,9),(153,99,1,1,0,0,1,1,'SilverStripe\\Example\\ArticlePage','2019-10-18 00:00:21','2019-10-18 00:00:21','Inherit','Inherit','test-article-90','Test Article 90',NULL,'Content of test article90','','',1,1,90,0,0,NULL,9),(154,100,1,1,0,0,1,1,'SilverStripe\\Example\\ArticlePage','2019-10-18 00:00:21','2019-10-18 00:00:21','Inherit','Inherit','test-article-91','Test Article 91',NULL,'Content of test article91','','',1,1,91,0,0,NULL,9),(155,101,1,1,0,0,1,1,'SilverStripe\\Example\\ArticlePage','2019-10-18 00:00:21','2019-10-18 00:00:21','Inherit','Inherit','test-article-92','Test Article 92',NULL,'Content of test article92','','',1,1,92,0,0,NULL,9),(156,102,1,1,0,0,1,1,'SilverStripe\\Example\\ArticlePage','2019-10-18 00:00:21','2019-10-18 00:00:21','Inherit','Inherit','test-article-93','Test Article 93',NULL,'Content of test article93','','',1,1,93,0,0,NULL,9),(157,103,1,1,0,0,1,1,'SilverStripe\\Example\\ArticlePage','2019-10-18 00:00:21','2019-10-18 00:00:21','Inherit','Inherit','test-article-94','Test Article 94',NULL,'Content of test article94','','',1,1,94,0,0,NULL,9),(158,104,1,1,0,0,1,1,'SilverStripe\\Example\\ArticlePage','2019-10-18 00:00:21','2019-10-18 00:00:21','Inherit','Inherit','test-article-95','Test Article 95',NULL,'Content of test article95','','',1,1,95,0,0,NULL,9),(159,105,1,1,0,0,1,1,'SilverStripe\\Example\\ArticlePage','2019-10-18 00:00:21','2019-10-18 00:00:21','Inherit','Inherit','test-article-96','Test Article 96',NULL,'Content of test article96','','',1,1,96,0,0,NULL,9),(160,106,1,1,0,0,1,1,'SilverStripe\\Example\\ArticlePage','2019-10-18 00:00:21','2019-10-18 00:00:21','Inherit','Inherit','test-article-97','Test Article 97',NULL,'Content of test article97','','',1,1,97,0,0,NULL,9),(161,107,1,1,0,0,1,1,'SilverStripe\\Example\\ArticlePage','2019-10-18 00:00:21','2019-10-18 00:00:21','Inherit','Inherit','test-article-98','Test Article 98',NULL,'Content of test article98','','',1,1,98,0,0,NULL,9),(162,108,1,1,0,0,1,1,'SilverStripe\\Example\\ArticlePage','2019-10-18 00:00:21','2019-10-18 00:00:21','Inherit','Inherit','test-article-99','Test Article 99',NULL,'Content of test article99','','',1,1,99,0,0,NULL,9),(163,109,1,1,0,0,1,1,'SilverStripe\\Example\\ArticlePage','2019-10-18 00:00:21','2019-10-18 00:00:21','Inherit','Inherit','test-article-100','Test Article 100',NULL,'Content of test article100','','',1,1,100,0,0,NULL,9),(164,110,1,1,0,0,1,1,'SilverStripe\\Example\\ArticlePage','2019-10-18 00:00:21','2019-10-18 00:00:21','Inherit','Inherit','test-article-101','Test Article 101',NULL,'Content of test article101','','',1,1,101,0,0,NULL,9),(165,111,1,1,0,0,1,1,'SilverStripe\\Example\\ArticlePage','2019-10-18 00:00:22','2019-10-18 00:00:22','Inherit','Inherit','test-article-102','Test Article 102',NULL,'Content of test article102','','',1,1,102,0,0,NULL,9),(166,112,1,1,0,0,1,1,'SilverStripe\\Example\\ArticlePage','2019-10-18 00:00:22','2019-10-18 00:00:22','Inherit','Inherit','test-article-103','Test Article 103',NULL,'Content of test article103','','',1,1,103,0,0,NULL,9),(167,113,1,1,0,0,1,1,'SilverStripe\\Example\\ArticlePage','2019-10-18 00:00:22','2019-10-18 00:00:22','Inherit','Inherit','test-article-104','Test Article 104',NULL,'Content of test article104','','',1,1,104,0,0,NULL,9),(168,114,1,1,0,0,1,1,'SilverStripe\\Example\\ArticlePage','2019-10-18 00:00:22','2019-10-18 00:00:22','Inherit','Inherit','test-article-105','Test Article 105',NULL,'Content of test article105','','',1,1,105,0,0,NULL,9),(169,115,1,1,0,0,1,1,'SilverStripe\\Example\\ArticlePage','2019-10-18 00:00:22','2019-10-18 00:00:22','Inherit','Inherit','test-article-106','Test Article 106',NULL,'Content of test article106','','',1,1,106,0,0,NULL,9),(170,116,1,1,0,0,1,1,'SilverStripe\\Example\\ArticlePage','2019-10-18 00:00:22','2019-10-18 00:00:22','Inherit','Inherit','test-article-107','Test Article 107',NULL,'Content of test article107','','',1,1,107,0,0,NULL,9),(171,117,1,1,0,0,1,1,'SilverStripe\\Example\\ArticlePage','2019-10-18 00:00:22','2019-10-18 00:00:22','Inherit','Inherit','test-article-108','Test Article 108',NULL,'Content of test article108','','',1,1,108,0,0,NULL,9),(172,118,1,1,0,0,1,1,'SilverStripe\\Example\\ArticlePage','2019-10-18 00:00:22','2019-10-18 00:00:22','Inherit','Inherit','test-article-109','Test Article 109',NULL,'Content of test article109','','',1,1,109,0,0,NULL,9),(173,119,1,1,0,0,1,1,'SilverStripe\\Example\\ArticlePage','2019-10-18 00:00:22','2019-10-18 00:00:22','Inherit','Inherit','test-article-110','Test Article 110',NULL,'Content of test article110','','',1,1,110,0,0,NULL,9),(174,120,1,1,0,0,1,1,'SilverStripe\\Example\\ArticlePage','2019-10-18 00:00:22','2019-10-18 00:00:22','Inherit','Inherit','test-article-111','Test Article 111',NULL,'Content of test article111','','',1,1,111,0,0,NULL,9),(175,121,1,1,0,0,1,1,'SilverStripe\\Example\\ArticlePage','2019-10-18 00:00:22','2019-10-18 00:00:22','Inherit','Inherit','test-article-112','Test Article 112',NULL,'Content of test article112','','',1,1,112,0,0,NULL,9),(176,122,1,1,0,0,1,1,'SilverStripe\\Example\\ArticlePage','2019-10-18 00:00:22','2019-10-18 00:00:22','Inherit','Inherit','test-article-113','Test Article 113',NULL,'Content of test article113','','',1,1,113,0,0,NULL,9),(177,123,1,1,0,0,1,1,'SilverStripe\\Example\\ArticlePage','2019-10-18 00:00:22','2019-10-18 00:00:22','Inherit','Inherit','test-article-114','Test Article 114',NULL,'Content of test article114','','',1,1,114,0,0,NULL,9),(178,124,1,1,0,0,1,1,'SilverStripe\\Example\\ArticlePage','2019-10-18 00:00:22','2019-10-18 00:00:22','Inherit','Inherit','test-article-115','Test Article 115',NULL,'Content of test article115','','',1,1,115,0,0,NULL,9),(179,125,1,1,0,0,1,1,'SilverStripe\\Example\\ArticlePage','2019-10-18 00:00:22','2019-10-18 00:00:22','Inherit','Inherit','test-article-116','Test Article 116',NULL,'Content of test article116','','',1,1,116,0,0,NULL,9),(180,126,1,1,0,0,1,1,'SilverStripe\\Example\\ArticlePage','2019-10-18 00:00:22','2019-10-18 00:00:22','Inherit','Inherit','test-article-117','Test Article 117',NULL,'Content of test article117','','',1,1,117,0,0,NULL,9),(181,127,1,1,0,0,1,1,'SilverStripe\\Example\\ArticlePage','2019-10-18 00:00:22','2019-10-18 00:00:22','Inherit','Inherit','test-article-118','Test Article 118',NULL,'Content of test article118','','',1,1,118,0,0,NULL,9),(182,128,1,1,0,0,1,1,'SilverStripe\\Example\\ArticlePage','2019-10-18 00:00:22','2019-10-18 00:00:22','Inherit','Inherit','test-article-119','Test Article 119',NULL,'Content of test article119','','',1,1,119,0,0,NULL,9),(183,129,1,1,0,0,1,1,'SilverStripe\\Example\\ArticlePage','2019-10-18 00:00:22','2019-10-18 00:00:22','Inherit','Inherit','test-article-120','Test Article 120',NULL,'Content of test article120','','',1,1,120,0,0,NULL,9),(184,130,1,1,0,0,1,1,'SilverStripe\\Example\\ArticlePage','2019-10-18 00:00:22','2019-10-18 00:00:22','Inherit','Inherit','test-article-121','Test Article 121',NULL,'Content of test article121','','',1,1,121,0,0,NULL,9),(185,131,1,1,0,0,1,1,'SilverStripe\\Example\\ArticlePage','2019-10-18 00:00:22','2019-10-18 00:00:22','Inherit','Inherit','test-article-122','Test Article 122',NULL,'Content of test article122','','',1,1,122,0,0,NULL,9),(186,132,1,1,0,0,1,1,'SilverStripe\\Example\\ArticlePage','2019-10-18 00:00:22','2019-10-18 00:00:22','Inherit','Inherit','test-article-123','Test Article 123',NULL,'Content of test article123','','',1,1,123,0,0,NULL,9),(187,133,1,1,0,0,1,1,'SilverStripe\\Example\\ArticlePage','2019-10-18 00:00:22','2019-10-18 00:00:22','Inherit','Inherit','test-article-124','Test Article 124',NULL,'Content of test article124','','',1,1,124,0,0,NULL,9),(188,134,1,1,0,0,1,1,'SilverStripe\\Example\\ArticlePage','2019-10-18 00:00:22','2019-10-18 00:00:22','Inherit','Inherit','test-article-125','Test Article 125',NULL,'Content of test article125','','',1,1,125,0,0,NULL,9),(189,135,1,1,0,0,1,1,'SilverStripe\\Example\\ArticlePage','2019-10-18 00:00:22','2019-10-18 00:00:22','Inherit','Inherit','test-article-126','Test Article 126',NULL,'Content of test article126','','',1,1,126,0,0,NULL,9),(190,136,1,1,0,0,1,1,'SilverStripe\\Example\\ArticlePage','2019-10-18 00:00:22','2019-10-18 00:00:22','Inherit','Inherit','test-article-127','Test Article 127',NULL,'Content of test article127','','',1,1,127,0,0,NULL,9),(191,137,1,1,0,0,1,1,'SilverStripe\\Example\\ArticlePage','2019-10-18 00:00:22','2019-10-18 00:00:22','Inherit','Inherit','test-article-128','Test Article 128',NULL,'Content of test article128','','',1,1,128,0,0,NULL,9),(192,138,1,1,0,0,1,1,'SilverStripe\\Example\\ArticlePage','2019-10-18 00:00:22','2019-10-18 00:00:22','Inherit','Inherit','test-article-129','Test Article 129',NULL,'Content of test article129','','',1,1,129,0,0,NULL,9),(193,139,1,1,0,0,1,1,'SilverStripe\\Example\\ArticlePage','2019-10-18 00:00:22','2019-10-18 00:00:22','Inherit','Inherit','test-article-130','Test Article 130',NULL,'Content of test article130','','',1,1,130,0,0,NULL,9),(194,140,1,1,0,0,1,1,'SilverStripe\\Example\\ArticlePage','2019-10-18 00:00:22','2019-10-18 00:00:22','Inherit','Inherit','test-article-131','Test Article 131',NULL,'Content of test article131','','',1,1,131,0,0,NULL,9),(195,141,1,1,0,0,1,1,'SilverStripe\\Example\\ArticlePage','2019-10-18 00:00:22','2019-10-18 00:00:22','Inherit','Inherit','test-article-132','Test Article 132',NULL,'Content of test article132','','',1,1,132,0,0,NULL,9),(196,142,1,1,0,0,1,1,'SilverStripe\\Example\\ArticlePage','2019-10-18 00:00:22','2019-10-18 00:00:22','Inherit','Inherit','test-article-133','Test Article 133',NULL,'Content of test article133','','',1,1,133,0,0,NULL,9),(197,143,1,1,0,0,1,1,'SilverStripe\\Example\\ArticlePage','2019-10-18 00:00:22','2019-10-18 00:00:22','Inherit','Inherit','test-article-134','Test Article 134',NULL,'Content of test article134','','',1,1,134,0,0,NULL,9),(198,144,1,1,0,0,1,1,'SilverStripe\\Example\\ArticlePage','2019-10-18 00:00:22','2019-10-18 00:00:22','Inherit','Inherit','test-article-135','Test Article 135',NULL,'Content of test article135','','',1,1,135,0,0,NULL,9),(199,145,1,1,0,0,1,1,'SilverStripe\\Example\\ArticlePage','2019-10-18 00:00:22','2019-10-18 00:00:22','Inherit','Inherit','test-article-136','Test Article 136',NULL,'Content of test article136','','',1,1,136,0,0,NULL,9),(200,146,1,1,0,0,1,1,'SilverStripe\\Example\\ArticlePage','2019-10-18 00:00:22','2019-10-18 00:00:22','Inherit','Inherit','test-article-137','Test Article 137',NULL,'Content of test article137','','',1,1,137,0,0,NULL,9),(201,147,1,1,0,0,1,1,'SilverStripe\\Example\\ArticlePage','2019-10-18 00:00:22','2019-10-18 00:00:22','Inherit','Inherit','test-article-138','Test Article 138',NULL,'Content of test article138','','',1,1,138,0,0,NULL,9),(202,148,1,1,0,0,1,1,'SilverStripe\\Example\\ArticlePage','2019-10-18 00:00:22','2019-10-18 00:00:22','Inherit','Inherit','test-article-139','Test Article 139',NULL,'Content of test article139','','',1,1,139,0,0,NULL,9),(203,149,1,1,0,0,1,1,'SilverStripe\\Example\\ArticlePage','2019-10-18 00:00:22','2019-10-18 00:00:22','Inherit','Inherit','test-article-140','Test Article 140',NULL,'Content of test article140','','',1,1,140,0,0,NULL,9),(204,150,1,1,0,0,1,1,'SilverStripe\\Example\\ArticlePage','2019-10-18 00:00:22','2019-10-18 00:00:22','Inherit','Inherit','test-article-141','Test Article 141',NULL,'Content of test article141','','',1,1,141,0,0,NULL,9),(205,151,1,1,0,0,1,1,'SilverStripe\\Example\\ArticlePage','2019-10-18 00:00:22','2019-10-18 00:00:22','Inherit','Inherit','test-article-142','Test Article 142',NULL,'Content of test article142','','',1,1,142,0,0,NULL,9),(206,152,1,1,0,0,1,1,'SilverStripe\\Example\\ArticlePage','2019-10-18 00:00:22','2019-10-18 00:00:22','Inherit','Inherit','test-article-143','Test Article 143',NULL,'Content of test article143','','',1,1,143,0,0,NULL,9),(207,153,1,1,0,0,1,1,'SilverStripe\\Example\\ArticlePage','2019-10-18 00:00:22','2019-10-18 00:00:22','Inherit','Inherit','test-article-144','Test Article 144',NULL,'Content of test article144','','',1,1,144,0,0,NULL,9),(208,154,1,1,0,0,1,1,'SilverStripe\\Example\\ArticlePage','2019-10-18 00:00:22','2019-10-18 00:00:22','Inherit','Inherit','test-article-145','Test Article 145',NULL,'Content of test article145','','',1,1,145,0,0,NULL,9),(209,155,1,1,0,0,1,1,'SilverStripe\\Example\\ArticlePage','2019-10-18 00:00:22','2019-10-18 00:00:22','Inherit','Inherit','test-article-146','Test Article 146',NULL,'Content of test article146','','',1,1,146,0,0,NULL,9),(210,156,1,1,0,0,1,1,'SilverStripe\\Example\\ArticlePage','2019-10-18 00:00:22','2019-10-18 00:00:22','Inherit','Inherit','test-article-147','Test Article 147',NULL,'Content of test article147','','',1,1,147,0,0,NULL,9),(211,157,1,1,0,0,1,1,'SilverStripe\\Example\\ArticlePage','2019-10-18 00:00:22','2019-10-18 00:00:22','Inherit','Inherit','test-article-148','Test Article 148',NULL,'Content of test article148','','',1,1,148,0,0,NULL,9),(212,158,1,1,0,0,1,1,'SilverStripe\\Example\\ArticlePage','2019-10-18 00:00:22','2019-10-18 00:00:22','Inherit','Inherit','test-article-149','Test Article 149',NULL,'Content of test article149','','',1,1,149,0,0,NULL,9),(213,159,1,1,0,0,1,1,'SilverStripe\\Example\\ArticlePage','2019-10-18 00:00:22','2019-10-18 00:00:22','Inherit','Inherit','test-article-150','Test Article 150',NULL,'Content of test article150','','',1,1,150,0,0,NULL,9),(214,160,1,1,0,0,1,1,'SilverStripe\\Example\\ArticlePage','2019-10-18 00:00:22','2019-10-18 00:00:22','Inherit','Inherit','test-article-151','Test Article 151',NULL,'Content of test article151','','',1,1,151,0,0,NULL,9),(215,161,1,1,0,0,1,1,'SilverStripe\\Example\\ArticlePage','2019-10-18 00:00:22','2019-10-18 00:00:22','Inherit','Inherit','test-article-152','Test Article 152',NULL,'Content of test article152','','',1,1,152,0,0,NULL,9),(216,162,1,1,0,0,1,1,'SilverStripe\\Example\\ArticlePage','2019-10-18 00:00:22','2019-10-18 00:00:22','Inherit','Inherit','test-article-153','Test Article 153',NULL,'Content of test article153','','',1,1,153,0,0,NULL,9),(217,163,1,1,0,0,1,1,'SilverStripe\\Example\\ArticlePage','2019-10-18 00:00:22','2019-10-18 00:00:22','Inherit','Inherit','test-article-154','Test Article 154',NULL,'Content of test article154','','',1,1,154,0,0,NULL,9),(218,164,1,1,0,0,1,1,'SilverStripe\\Example\\ArticlePage','2019-10-18 00:00:22','2019-10-18 00:00:22','Inherit','Inherit','test-article-155','Test Article 155',NULL,'Content of test article155','','',1,1,155,0,0,NULL,9),(219,165,1,1,0,0,1,1,'SilverStripe\\Example\\ArticlePage','2019-10-18 00:00:22','2019-10-18 00:00:22','Inherit','Inherit','test-article-156','Test Article 156',NULL,'Content of test article156','','',1,1,156,0,0,NULL,9),(220,166,1,1,0,0,1,1,'SilverStripe\\Example\\ArticlePage','2019-10-18 00:00:22','2019-10-18 00:00:22','Inherit','Inherit','test-article-157','Test Article 157',NULL,'Content of test article157','','',1,1,157,0,0,NULL,9),(221,167,1,1,0,0,1,1,'SilverStripe\\Example\\ArticlePage','2019-10-18 00:00:22','2019-10-18 00:00:22','Inherit','Inherit','test-article-158','Test Article 158',NULL,'Content of test article158','','',1,1,158,0,0,NULL,9),(222,168,1,1,0,0,1,1,'SilverStripe\\Example\\ArticlePage','2019-10-18 00:00:22','2019-10-18 00:00:22','Inherit','Inherit','test-article-159','Test Article 159',NULL,'Content of test article159','','',1,1,159,0,0,NULL,9),(223,169,1,1,0,0,1,1,'SilverStripe\\Example\\ArticlePage','2019-10-18 00:00:22','2019-10-18 00:00:22','Inherit','Inherit','test-article-160','Test Article 160',NULL,'Content of test article160','','',1,1,160,0,0,NULL,9),(224,170,1,1,0,0,1,1,'SilverStripe\\Example\\ArticlePage','2019-10-18 00:00:22','2019-10-18 00:00:22','Inherit','Inherit','test-article-161','Test Article 161',NULL,'Content of test article161','','',1,1,161,0,0,NULL,9),(225,171,1,1,0,0,1,1,'SilverStripe\\Example\\ArticlePage','2019-10-18 00:00:22','2019-10-18 00:00:22','Inherit','Inherit','test-article-162','Test Article 162',NULL,'Content of test article162','','',1,1,162,0,0,NULL,9),(226,172,1,1,0,0,1,1,'SilverStripe\\Example\\ArticlePage','2019-10-18 00:00:22','2019-10-18 00:00:22','Inherit','Inherit','test-article-163','Test Article 163',NULL,'Content of test article163','','',1,1,163,0,0,NULL,9),(227,173,1,1,0,0,1,1,'SilverStripe\\Example\\ArticlePage','2019-10-18 00:00:22','2019-10-18 00:00:22','Inherit','Inherit','test-article-164','Test Article 164',NULL,'Content of test article164','','',1,1,164,0,0,NULL,9),(228,174,1,1,0,0,1,1,'SilverStripe\\Example\\ArticlePage','2019-10-18 00:00:22','2019-10-18 00:00:22','Inherit','Inherit','test-article-165','Test Article 165',NULL,'Content of test article165','','',1,1,165,0,0,NULL,9),(229,175,1,1,0,0,1,1,'SilverStripe\\Example\\ArticlePage','2019-10-18 00:00:22','2019-10-18 00:00:22','Inherit','Inherit','test-article-166','Test Article 166',NULL,'Content of test article166','','',1,1,166,0,0,NULL,9),(230,176,1,1,0,0,1,1,'SilverStripe\\Example\\ArticlePage','2019-10-18 00:00:22','2019-10-18 00:00:22','Inherit','Inherit','test-article-167','Test Article 167',NULL,'Content of test article167','','',1,1,167,0,0,NULL,9),(231,177,1,1,0,0,1,1,'SilverStripe\\Example\\ArticlePage','2019-10-18 00:00:22','2019-10-18 00:00:22','Inherit','Inherit','test-article-168','Test Article 168',NULL,'Content of test article168','','',1,1,168,0,0,NULL,9),(232,178,1,1,0,0,1,1,'SilverStripe\\Example\\ArticlePage','2019-10-18 00:00:22','2019-10-18 00:00:22','Inherit','Inherit','test-article-169','Test Article 169',NULL,'Content of test article169','','',1,1,169,0,0,NULL,9),(233,179,1,1,0,0,1,1,'SilverStripe\\Example\\ArticlePage','2019-10-18 00:00:22','2019-10-18 00:00:22','Inherit','Inherit','test-article-170','Test Article 170',NULL,'Content of test article170','','',1,1,170,0,0,NULL,9),(234,180,1,1,0,0,1,1,'SilverStripe\\Example\\ArticlePage','2019-10-18 00:00:22','2019-10-18 00:00:22','Inherit','Inherit','test-article-171','Test Article 171',NULL,'Content of test article171','','',1,1,171,0,0,NULL,9),(235,181,1,1,0,0,1,1,'SilverStripe\\Example\\ArticlePage','2019-10-18 00:00:22','2019-10-18 00:00:22','Inherit','Inherit','test-article-172','Test Article 172',NULL,'Content of test article172','','',1,1,172,0,0,NULL,9),(236,182,1,1,0,0,1,1,'SilverStripe\\Example\\ArticlePage','2019-10-18 00:00:22','2019-10-18 00:00:22','Inherit','Inherit','test-article-173','Test Article 173',NULL,'Content of test article173','','',1,1,173,0,0,NULL,9),(237,183,1,1,0,0,1,1,'SilverStripe\\Example\\ArticlePage','2019-10-18 00:00:22','2019-10-18 00:00:22','Inherit','Inherit','test-article-174','Test Article 174',NULL,'Content of test article174','','',1,1,174,0,0,NULL,9),(238,184,1,1,0,0,1,1,'SilverStripe\\Example\\ArticlePage','2019-10-18 00:00:23','2019-10-18 00:00:23','Inherit','Inherit','test-article-175','Test Article 175',NULL,'Content of test article175','','',1,1,175,0,0,NULL,9),(239,185,1,1,0,0,1,1,'SilverStripe\\Example\\ArticlePage','2019-10-18 00:00:23','2019-10-18 00:00:23','Inherit','Inherit','test-article-176','Test Article 176',NULL,'Content of test article176','','',1,1,176,0,0,NULL,9),(240,186,1,1,0,0,1,1,'SilverStripe\\Example\\ArticlePage','2019-10-18 00:00:23','2019-10-18 00:00:23','Inherit','Inherit','test-article-177','Test Article 177',NULL,'Content of test article177','','',1,1,177,0,0,NULL,9),(241,187,1,1,0,0,1,1,'SilverStripe\\Example\\ArticlePage','2019-10-18 00:00:23','2019-10-18 00:00:23','Inherit','Inherit','test-article-178','Test Article 178',NULL,'Content of test article178','','',1,1,178,0,0,NULL,9),(242,188,1,1,0,0,1,1,'SilverStripe\\Example\\ArticlePage','2019-10-18 00:00:23','2019-10-18 00:00:23','Inherit','Inherit','test-article-179','Test Article 179',NULL,'Content of test article179','','',1,1,179,0,0,NULL,9),(243,189,1,1,0,0,1,1,'SilverStripe\\Example\\ArticlePage','2019-10-18 00:00:23','2019-10-18 00:00:23','Inherit','Inherit','test-article-180','Test Article 180',NULL,'Content of test article180','','',1,1,180,0,0,NULL,9),(244,190,1,1,0,0,1,1,'SilverStripe\\Example\\ArticlePage','2019-10-18 00:00:23','2019-10-18 00:00:23','Inherit','Inherit','test-article-181','Test Article 181',NULL,'Content of test article181','','',1,1,181,0,0,NULL,9),(245,191,1,1,0,0,1,1,'SilverStripe\\Example\\ArticlePage','2019-10-18 00:00:23','2019-10-18 00:00:23','Inherit','Inherit','test-article-182','Test Article 182',NULL,'Content of test article182','','',1,1,182,0,0,NULL,9),(246,192,1,1,0,0,1,1,'SilverStripe\\Example\\ArticlePage','2019-10-18 00:00:23','2019-10-18 00:00:23','Inherit','Inherit','test-article-183','Test Article 183',NULL,'Content of test article183','','',1,1,183,0,0,NULL,9),(247,193,1,1,0,0,1,1,'SilverStripe\\Example\\ArticlePage','2019-10-18 00:00:23','2019-10-18 00:00:23','Inherit','Inherit','test-article-184','Test Article 184',NULL,'Content of test article184','','',1,1,184,0,0,NULL,9),(248,194,1,1,0,0,1,1,'SilverStripe\\Example\\ArticlePage','2019-10-18 00:00:23','2019-10-18 00:00:23','Inherit','Inherit','test-article-185','Test Article 185',NULL,'Content of test article185','','',1,1,185,0,0,NULL,9),(249,195,1,1,0,0,1,1,'SilverStripe\\Example\\ArticlePage','2019-10-18 00:00:23','2019-10-18 00:00:23','Inherit','Inherit','test-article-186','Test Article 186',NULL,'Content of test article186','','',1,1,186,0,0,NULL,9),(250,196,1,1,0,0,1,1,'SilverStripe\\Example\\ArticlePage','2019-10-18 00:00:23','2019-10-18 00:00:23','Inherit','Inherit','test-article-187','Test Article 187',NULL,'Content of test article187','','',1,1,187,0,0,NULL,9),(251,197,1,1,0,0,1,1,'SilverStripe\\Example\\ArticlePage','2019-10-18 00:00:23','2019-10-18 00:00:23','Inherit','Inherit','test-article-188','Test Article 188',NULL,'Content of test article188','','',1,1,188,0,0,NULL,9),(252,198,1,1,0,0,1,1,'SilverStripe\\Example\\ArticlePage','2019-10-18 00:00:23','2019-10-18 00:00:23','Inherit','Inherit','test-article-189','Test Article 189',NULL,'Content of test article189','','',1,1,189,0,0,NULL,9),(253,199,1,1,0,0,1,1,'SilverStripe\\Example\\ArticlePage','2019-10-18 00:00:23','2019-10-18 00:00:23','Inherit','Inherit','test-article-190','Test Article 190',NULL,'Content of test article190','','',1,1,190,0,0,NULL,9),(254,200,1,1,0,0,1,1,'SilverStripe\\Example\\ArticlePage','2019-10-18 00:00:23','2019-10-18 00:00:23','Inherit','Inherit','test-article-191','Test Article 191',NULL,'Content of test article191','','',1,1,191,0,0,NULL,9),(255,201,1,1,0,0,1,1,'SilverStripe\\Example\\ArticlePage','2019-10-18 00:00:23','2019-10-18 00:00:23','Inherit','Inherit','test-article-192','Test Article 192',NULL,'Content of test article192','','',1,1,192,0,0,NULL,9),(256,202,1,1,0,0,1,1,'SilverStripe\\Example\\ArticlePage','2019-10-18 00:00:23','2019-10-18 00:00:23','Inherit','Inherit','test-article-193','Test Article 193',NULL,'Content of test article193','','',1,1,193,0,0,NULL,9),(257,203,1,1,0,0,1,1,'SilverStripe\\Example\\ArticlePage','2019-10-18 00:00:23','2019-10-18 00:00:23','Inherit','Inherit','test-article-194','Test Article 194',NULL,'Content of test article194','','',1,1,194,0,0,NULL,9),(258,204,1,1,0,0,1,1,'SilverStripe\\Example\\ArticlePage','2019-10-18 00:00:23','2019-10-18 00:00:23','Inherit','Inherit','test-article-195','Test Article 195',NULL,'Content of test article195','','',1,1,195,0,0,NULL,9),(259,205,1,1,0,0,1,1,'SilverStripe\\Example\\ArticlePage','2019-10-18 00:00:23','2019-10-18 00:00:23','Inherit','Inherit','test-article-196','Test Article 196',NULL,'Content of test article196','','',1,1,196,0,0,NULL,9),(260,206,1,1,0,0,1,1,'SilverStripe\\Example\\ArticlePage','2019-10-18 00:00:23','2019-10-18 00:00:23','Inherit','Inherit','test-article-197','Test Article 197',NULL,'Content of test article197','','',1,1,197,0,0,NULL,9),(261,207,1,1,0,0,1,1,'SilverStripe\\Example\\ArticlePage','2019-10-18 00:00:23','2019-10-18 00:00:23','Inherit','Inherit','test-article-198','Test Article 198',NULL,'Content of test article198','','',1,1,198,0,0,NULL,9),(262,208,1,1,0,0,1,1,'SilverStripe\\Example\\ArticlePage','2019-10-18 00:00:23','2019-10-18 00:00:23','Inherit','Inherit','test-article-199','Test Article 199',NULL,'Content of test article199','','',1,1,199,0,0,NULL,9),(263,209,1,1,0,0,1,1,'SilverStripe\\Example\\ArticlePage','2019-10-18 00:00:23','2019-10-18 00:00:23','Inherit','Inherit','test-article-200','Test Article 200',NULL,'Content of test article200','','',1,1,200,0,0,NULL,9),(264,210,1,1,0,0,1,1,'SilverStripe\\Example\\ArticlePage','2019-10-18 00:00:23','2019-10-18 00:00:23','Inherit','Inherit','test-article-201','Test Article 201',NULL,'Content of test article201','','',1,1,201,0,0,NULL,9),(265,211,1,1,0,0,1,1,'SilverStripe\\Example\\ArticlePage','2019-10-18 00:00:23','2019-10-18 00:00:23','Inherit','Inherit','test-article-202','Test Article 202',NULL,'Content of test article202','','',1,1,202,0,0,NULL,9),(266,212,1,1,0,0,1,1,'SilverStripe\\Example\\ArticlePage','2019-10-18 00:00:23','2019-10-18 00:00:23','Inherit','Inherit','test-article-203','Test Article 203',NULL,'Content of test article203','','',1,1,203,0,0,NULL,9),(267,213,1,1,0,0,1,1,'SilverStripe\\Example\\ArticlePage','2019-10-18 00:00:23','2019-10-18 00:00:23','Inherit','Inherit','test-article-204','Test Article 204',NULL,'Content of test article204','','',1,1,204,0,0,NULL,9);
/*!40000 ALTER TABLE `SiteTree_Versions` ENABLE KEYS */;
UNLOCK TABLES;

--
-- Table structure for table `SiteTree_ViewerGroups`
--

DROP TABLE IF EXISTS `SiteTree_ViewerGroups`;
/*!40101 SET @saved_cs_client     = @@character_set_client */;
/*!40101 SET character_set_client = utf8 */;
CREATE TABLE `SiteTree_ViewerGroups` (
  `ID` int(11) NOT NULL AUTO_INCREMENT,
  `SiteTreeID` int(11) NOT NULL DEFAULT '0',
  `GroupID` int(11) NOT NULL DEFAULT '0',
  PRIMARY KEY (`ID`),
  KEY `SiteTreeID` (`SiteTreeID`),
  KEY `GroupID` (`GroupID`)
) ENGINE=InnoDB DEFAULT CHARSET=utf8;
/*!40101 SET character_set_client = @saved_cs_client */;

--
-- Dumping data for table `SiteTree_ViewerGroups`
--

LOCK TABLES `SiteTree_ViewerGroups` WRITE;
/*!40000 ALTER TABLE `SiteTree_ViewerGroups` DISABLE KEYS */;
/*!40000 ALTER TABLE `SiteTree_ViewerGroups` ENABLE KEYS */;
UNLOCK TABLES;

--
-- Table structure for table `VirtualPage`
--

DROP TABLE IF EXISTS `VirtualPage`;
/*!40101 SET @saved_cs_client     = @@character_set_client */;
/*!40101 SET character_set_client = utf8 */;
CREATE TABLE `VirtualPage` (
  `ID` int(11) NOT NULL AUTO_INCREMENT,
  `VersionID` int(11) NOT NULL DEFAULT '0',
  `CopyContentFromID` int(11) NOT NULL DEFAULT '0',
  PRIMARY KEY (`ID`),
  KEY `CopyContentFromID` (`CopyContentFromID`)
) ENGINE=InnoDB DEFAULT CHARSET=utf8;
/*!40101 SET character_set_client = @saved_cs_client */;

--
-- Dumping data for table `VirtualPage`
--

LOCK TABLES `VirtualPage` WRITE;
/*!40000 ALTER TABLE `VirtualPage` DISABLE KEYS */;
/*!40000 ALTER TABLE `VirtualPage` ENABLE KEYS */;
UNLOCK TABLES;

--
-- Table structure for table `VirtualPage_Live`
--

DROP TABLE IF EXISTS `VirtualPage_Live`;
/*!40101 SET @saved_cs_client     = @@character_set_client */;
/*!40101 SET character_set_client = utf8 */;
CREATE TABLE `VirtualPage_Live` (
  `ID` int(11) NOT NULL AUTO_INCREMENT,
  `VersionID` int(11) NOT NULL DEFAULT '0',
  `CopyContentFromID` int(11) NOT NULL DEFAULT '0',
  PRIMARY KEY (`ID`),
  KEY `CopyContentFromID` (`CopyContentFromID`)
) ENGINE=InnoDB DEFAULT CHARSET=utf8;
/*!40101 SET character_set_client = @saved_cs_client */;

--
-- Dumping data for table `VirtualPage_Live`
--

LOCK TABLES `VirtualPage_Live` WRITE;
/*!40000 ALTER TABLE `VirtualPage_Live` DISABLE KEYS */;
/*!40000 ALTER TABLE `VirtualPage_Live` ENABLE KEYS */;
UNLOCK TABLES;

--
-- Table structure for table `VirtualPage_Versions`
--

DROP TABLE IF EXISTS `VirtualPage_Versions`;
/*!40101 SET @saved_cs_client     = @@character_set_client */;
/*!40101 SET character_set_client = utf8 */;
CREATE TABLE `VirtualPage_Versions` (
  `ID` int(11) NOT NULL AUTO_INCREMENT,
  `RecordID` int(11) NOT NULL DEFAULT '0',
  `Version` int(11) NOT NULL DEFAULT '0',
  `VersionID` int(11) NOT NULL DEFAULT '0',
  `CopyContentFromID` int(11) NOT NULL DEFAULT '0',
  PRIMARY KEY (`ID`),
  UNIQUE KEY `RecordID_Version` (`RecordID`,`Version`),
  KEY `RecordID` (`RecordID`),
  KEY `Version` (`Version`),
  KEY `CopyContentFromID` (`CopyContentFromID`)
) ENGINE=InnoDB DEFAULT CHARSET=utf8;
/*!40101 SET character_set_client = @saved_cs_client */;

--
-- Dumping data for table `VirtualPage_Versions`
--

LOCK TABLES `VirtualPage_Versions` WRITE;
/*!40000 ALTER TABLE `VirtualPage_Versions` DISABLE KEYS */;
/*!40000 ALTER TABLE `VirtualPage_Versions` ENABLE KEYS */;
UNLOCK TABLES;
/*!40103 SET TIME_ZONE=@OLD_TIME_ZONE */;

/*!40101 SET SQL_MODE=@OLD_SQL_MODE */;
/*!40014 SET FOREIGN_KEY_CHECKS=@OLD_FOREIGN_KEY_CHECKS */;
/*!40014 SET UNIQUE_CHECKS=@OLD_UNIQUE_CHECKS */;
/*!40101 SET CHARACTER_SET_CLIENT=@OLD_CHARACTER_SET_CLIENT */;
/*!40101 SET CHARACTER_SET_RESULTS=@OLD_CHARACTER_SET_RESULTS */;
/*!40101 SET COLLATION_CONNECTION=@OLD_COLLATION_CONNECTION */;
/*!40111 SET SQL_NOTES=@OLD_SQL_NOTES */;

-- Dump completed on 2019-10-18  0:30:51
