-- MySQL dump 10.13  Distrib 5.7.17, for osx10.12 (x86_64)
--
-- Host: localhost    Database: SS_lessons
-- ------------------------------------------------------
-- Server version	5.7.17

/*!40101 SET @OLD_CHARACTER_SET_CLIENT=@@CHARACTER_SET_CLIENT */;
/*!40101 SET @OLD_CHARACTER_SET_RESULTS=@@CHARACTER_SET_RESULTS */;
/*!40101 SET @OLD_COLLATION_CONNECTION=@@COLLATION_CONNECTION */;
/*!40101 SET NAMES utf8 */;
/*!40103 SET @OLD_TIME_ZONE=@@TIME_ZONE */;
/*!40103 SET TIME_ZONE='+00:00' */;
/*!40014 SET @OLD_UNIQUE_CHECKS=@@UNIQUE_CHECKS, UNIQUE_CHECKS=0 */;
/*!40014 SET @OLD_FOREIGN_KEY_CHECKS=@@FOREIGN_KEY_CHECKS, FOREIGN_KEY_CHECKS=0 */;
/*!40101 SET @OLD_SQL_MODE=@@SQL_MODE, SQL_MODE='NO_AUTO_VALUE_ON_ZERO' */;
/*!40111 SET @OLD_SQL_NOTES=@@SQL_NOTES, SQL_NOTES=0 */;

--
-- Table structure for table `ChangeSet`
--

DROP TABLE IF EXISTS `ChangeSet`;
/*!40101 SET @saved_cs_client     = @@character_set_client */;
/*!40101 SET character_set_client = utf8 */;
CREATE TABLE `ChangeSet` (
  `ID` int(11) NOT NULL AUTO_INCREMENT,
  `ClassName` enum('SilverStripe\\Versioned\\ChangeSet') DEFAULT 'SilverStripe\\Versioned\\ChangeSet',
  `LastEdited` datetime DEFAULT NULL,
  `Created` datetime DEFAULT NULL,
  `Name` varchar(255) DEFAULT NULL,
  `State` enum('open','published','reverted') DEFAULT 'open',
  `IsInferred` tinyint(1) unsigned NOT NULL DEFAULT '0',
  `Description` mediumtext,
  `PublishDate` datetime DEFAULT NULL,
  `LastSynced` datetime DEFAULT NULL,
  `OwnerID` int(11) NOT NULL DEFAULT '0',
  `PublisherID` int(11) NOT NULL DEFAULT '0',
  PRIMARY KEY (`ID`),
  KEY `ClassName` (`ClassName`),
  KEY `OwnerID` (`OwnerID`),
  KEY `PublisherID` (`PublisherID`)
) ENGINE=InnoDB AUTO_INCREMENT=156 DEFAULT CHARSET=utf8;
/*!40101 SET character_set_client = @saved_cs_client */;

--
-- Dumping data for table `ChangeSet`
--

LOCK TABLES `ChangeSet` WRITE;
/*!40000 ALTER TABLE `ChangeSet` DISABLE KEYS */;
INSERT INTO `ChangeSet` VALUES (1,'SilverStripe\\Versioned\\ChangeSet','2017-09-12 15:51:23','2017-09-12 15:51:22','Generated by publish of \'Home\' at Sep 12, 2017, 3:51:22 PM','published',1,NULL,'2017-09-12 15:51:23','2017-09-12 15:51:23',0,1),(2,'SilverStripe\\Versioned\\ChangeSet','2017-09-13 11:38:20','2017-09-13 11:38:20','Generated by publish of \'List Your Rental\' at Sep 13, 2017, 11:38:20 AM','published',1,NULL,'2017-09-13 11:38:20','2017-09-13 11:38:20',0,1),(3,'SilverStripe\\Versioned\\ChangeSet','2017-09-13 11:38:28','2017-09-13 11:38:28','Generated by publish of \'Find a Rental\' at Sep 13, 2017, 11:38:28 AM','published',1,NULL,'2017-09-13 11:38:28','2017-09-13 11:38:28',0,1),(4,'SilverStripe\\Versioned\\ChangeSet','2017-09-13 11:38:43','2017-09-13 11:38:43','Generated by publish of \'Regions\' at Sep 13, 2017, 11:38:43 AM','published',1,NULL,'2017-09-13 11:38:43','2017-09-13 11:38:43',0,1),(5,'SilverStripe\\Versioned\\ChangeSet','2017-09-13 11:39:03','2017-09-13 11:39:03','Generated by publish of \'Travel Guides\' at Sep 13, 2017, 11:39:03 AM','published',1,NULL,'2017-09-13 11:39:03','2017-09-13 11:39:03',0,1),(6,'SilverStripe\\Versioned\\ChangeSet','2017-09-13 11:39:13','2017-09-13 11:39:12','Generated by publish of \'Travel Guides\' at Sep 13, 2017, 11:39:12 AM','published',1,NULL,'2017-09-13 11:39:13','2017-09-13 11:39:13',0,1),(7,'SilverStripe\\Versioned\\ChangeSet','2017-09-13 11:40:30','2017-09-13 11:40:30','Generated by publish of \'Home\' at Sep 13, 2017, 11:40:30 AM','published',1,NULL,'2017-09-13 11:40:30','2017-09-13 11:40:30',0,1),(8,'SilverStripe\\Versioned\\ChangeSet','2017-09-13 11:40:30','2017-09-13 11:40:30','Generated by publish of \'Find a Rental\' at Sep 13, 2017, 11:40:30 AM','published',1,NULL,'2017-09-13 11:40:30','2017-09-13 11:40:30',0,1),(9,'SilverStripe\\Versioned\\ChangeSet','2017-09-13 11:40:30','2017-09-13 11:40:30','Generated by publish of \'List Your Rental\' at Sep 13, 2017, 11:40:30 AM','published',1,NULL,'2017-09-13 11:40:30','2017-09-13 11:40:30',0,1),(10,'SilverStripe\\Versioned\\ChangeSet','2017-09-13 11:40:30','2017-09-13 11:40:30','Generated by publish of \'Regions\' at Sep 13, 2017, 11:40:30 AM','published',1,NULL,'2017-09-13 11:40:30','2017-09-13 11:40:30',0,1),(11,'SilverStripe\\Versioned\\ChangeSet','2017-09-13 11:40:30','2017-09-13 11:40:30','Generated by publish of \'Travel Guides\' at Sep 13, 2017, 11:40:30 AM','published',1,NULL,'2017-09-13 11:40:30','2017-09-13 11:40:30',0,1),(12,'SilverStripe\\Versioned\\ChangeSet','2017-09-13 11:40:37','2017-09-13 11:40:37','Generated by publish of \'About Us\' at Sep 13, 2017, 11:40:37 AM','published',1,NULL,'2017-09-13 11:40:37','2017-09-13 11:40:37',0,1),(13,'SilverStripe\\Versioned\\ChangeSet','2017-09-13 11:42:26','2017-09-13 11:42:26','Generated by publish of \'Sample Article 1\' at Sep 13, 2017, 11:42:26 AM','published',1,NULL,'2017-09-13 11:42:26','2017-09-13 11:42:26',0,1),(14,'SilverStripe\\Versioned\\ChangeSet','2017-09-13 11:42:48','2017-09-13 11:42:48','Generated by publish of \'Sample Article 2\' at Sep 13, 2017, 11:42:48 AM','published',1,NULL,'2017-09-13 11:42:48','2017-09-13 11:42:48',0,1),(15,'SilverStripe\\Versioned\\ChangeSet','2017-09-13 12:53:49','2017-09-13 12:53:49','Generated by publish of \'Sample Article 1\' at Sep 13, 2017, 12:53:49 PM','published',1,NULL,'2017-09-13 12:53:49','2017-09-13 12:53:49',0,1),(16,'SilverStripe\\Versioned\\ChangeSet','2017-09-13 12:54:14','2017-09-13 12:54:14','Generated by publish of \'Sample Article 1\' at Sep 13, 2017, 12:54:14 PM','published',1,NULL,'2017-09-13 12:54:14','2017-09-13 12:54:14',0,1),(17,'SilverStripe\\Versioned\\ChangeSet','2017-09-13 13:48:49','2017-09-13 13:48:49','Generated by publish of \'Sample Article 1\' at Sep 13, 2017, 1:48:49 PM','published',1,NULL,'2017-09-13 13:48:49','2017-09-13 13:48:49',0,1),(18,'SilverStripe\\Versioned\\ChangeSet','2017-09-13 13:49:05','2017-09-13 13:49:05','Generated by publish of \'Sample Article 2\' at Sep 13, 2017, 1:49:05 PM','published',1,NULL,'2017-09-13 13:49:05','2017-09-13 13:49:05',0,1),(19,'SilverStripe\\Versioned\\ChangeSet','2017-09-13 13:50:11','2017-09-13 13:50:11','Generated by publish of \'Sample Article 2\' at Sep 13, 2017, 1:50:11 PM','published',1,NULL,'2017-09-13 13:50:11','2017-09-13 13:50:11',0,1),(20,'SilverStripe\\Versioned\\ChangeSet','2017-09-13 13:52:13','2017-09-13 13:52:13','Generated by publish of \'Sample Article 2\' at Sep 13, 2017, 1:52:13 PM','published',1,NULL,'2017-09-13 13:52:13','2017-09-13 13:52:13',0,1),(21,'SilverStripe\\Versioned\\ChangeSet','2017-09-13 13:52:29','2017-09-13 13:52:29','Generated by publish of \'Sample Article 2\' at Sep 13, 2017, 1:52:29 PM','published',1,NULL,'2017-09-13 13:52:29','2017-09-13 13:52:29',0,1),(22,'SilverStripe\\Versioned\\ChangeSet','2017-09-14 12:57:55','2017-09-14 12:57:55','Generated by publish of \'Regions\' at Sep 14, 2017, 12:57:55 PM','published',1,NULL,'2017-09-14 12:57:55','2017-09-14 12:57:55',0,1),(23,'SilverStripe\\Versioned\\ChangeSet','2017-09-14 13:57:58','2017-09-14 13:57:58','Generated by publish of \'The Northeast\' at Sep 14, 2017, 1:57:58 PM','published',1,NULL,'2017-09-14 13:57:58','2017-09-14 13:57:58',0,1),(24,'SilverStripe\\Versioned\\ChangeSet','2017-09-14 13:58:13','2017-09-14 13:58:13','Generated by publish of \'Regions\' at Sep 14, 2017, 1:58:13 PM','published',1,NULL,'2017-09-14 13:58:13','2017-09-14 13:58:13',0,1),(25,'SilverStripe\\Versioned\\ChangeSet','2017-09-14 13:59:01','2017-09-14 13:59:00','Generated by publish of \'Regions\' at Sep 14, 2017, 1:59:00 PM','published',1,NULL,'2017-09-14 13:59:01','2017-09-14 13:59:00',0,1),(26,'SilverStripe\\Versioned\\ChangeSet','2017-09-14 13:59:18','2017-09-14 13:59:18','Generated by publish of \'The Northeast\' at Sep 14, 2017, 1:59:18 PM','published',1,NULL,'2017-09-14 13:59:18','2017-09-14 13:59:18',0,1),(27,'SilverStripe\\Versioned\\ChangeSet','2017-09-14 13:59:35','2017-09-14 13:59:34','Generated by publish of \'The Southwest\' at Sep 14, 2017, 1:59:34 PM','published',1,NULL,'2017-09-14 13:59:35','2017-09-14 13:59:35',0,1),(28,'SilverStripe\\Versioned\\ChangeSet','2017-09-14 13:59:50','2017-09-14 13:59:50','Generated by publish of \'Regions\' at Sep 14, 2017, 1:59:50 PM','published',1,NULL,'2017-09-14 13:59:50','2017-09-14 13:59:50',0,1),(29,'SilverStripe\\Versioned\\ChangeSet','2017-09-14 14:00:52','2017-09-14 14:00:51','Generated by publish of \'The Southeast\' at Sep 14, 2017, 2:00:51 PM','published',1,NULL,'2017-09-14 14:00:52','2017-09-14 14:00:52',0,1),(30,'SilverStripe\\Versioned\\ChangeSet','2017-09-14 14:09:05','2017-09-14 14:09:04','Generated by publish of \'Sample Article 1\' at Sep 14, 2017, 2:09:04 PM','published',1,NULL,'2017-09-14 14:09:05','2017-09-14 14:09:04',0,1),(31,'SilverStripe\\Versioned\\ChangeSet','2017-09-14 14:10:51','2017-09-14 14:10:50','Generated by publish of \'Regions\' at Sep 14, 2017, 2:10:50 PM','published',1,NULL,'2017-09-14 14:10:51','2017-09-14 14:10:50',0,1),(32,'SilverStripe\\Versioned\\ChangeSet','2017-09-14 14:12:17','2017-09-14 14:12:16','Generated by publish of \'Regions\' at Sep 14, 2017, 2:12:16 PM','published',1,NULL,'2017-09-14 14:12:17','2017-09-14 14:12:16',0,1),(33,'SilverStripe\\Versioned\\ChangeSet','2017-09-14 14:13:34','2017-09-14 14:13:34','Generated by publish of \'tester\' at Sep 14, 2017, 2:13:34 PM','published',1,NULL,'2017-09-14 14:13:34','2017-09-14 14:13:34',0,1),(34,'SilverStripe\\Versioned\\ChangeSet','2017-09-14 15:26:25','2017-09-14 15:26:25','Generated by publish of \'The Northeast\' at Sep 14, 2017, 3:26:25 PM','published',1,NULL,'2017-09-14 15:26:25','2017-09-14 15:26:25',0,1),(35,'SilverStripe\\Versioned\\ChangeSet','2017-09-14 15:26:49','2017-09-14 15:26:48','Generated by publish of \'The Southeast\' at Sep 14, 2017, 3:26:48 PM','published',1,NULL,'2017-09-14 15:26:49','2017-09-14 15:26:49',0,1),(36,'SilverStripe\\Versioned\\ChangeSet','2017-09-14 15:27:19','2017-09-14 15:27:19','Generated by publish of \'The Southwest\' at Sep 14, 2017, 3:27:19 PM','published',1,NULL,'2017-09-14 15:27:19','2017-09-14 15:27:19',0,1),(37,'SilverStripe\\Versioned\\ChangeSet','2017-09-14 15:27:38','2017-09-14 15:27:38','Generated by publish of \'The Northwest\' at Sep 14, 2017, 3:27:38 PM','published',1,NULL,'2017-09-14 15:27:38','2017-09-14 15:27:38',0,1),(38,'SilverStripe\\Versioned\\ChangeSet','2017-09-14 16:16:37','2017-09-14 16:16:37','Generated by publish of \'Sample Article 1\' at Sep 14, 2017, 4:16:37 PM','published',1,NULL,'2017-09-14 16:16:37','2017-09-14 16:16:37',0,1),(39,'SilverStripe\\Versioned\\ChangeSet','2017-09-14 16:18:40','2017-09-14 16:18:39','Generated by publish of \'Sample Article 2\' at Sep 14, 2017, 4:18:39 PM','published',1,NULL,'2017-09-14 16:18:40','2017-09-14 16:18:39',0,1),(40,'SilverStripe\\Versioned\\ChangeSet','2017-09-14 16:18:45','2017-09-14 16:18:45','Generated by publish of \'Sample Article 1\' at Sep 14, 2017, 4:18:45 PM','published',1,NULL,'2017-09-14 16:18:45','2017-09-14 16:18:45',0,1),(41,'SilverStripe\\Versioned\\ChangeSet','2017-09-26 12:00:34','2017-09-26 12:00:34','Generated by publish of \'property 1\' at Sep 26, 2017, 12:00:34 PM','published',1,NULL,'2017-09-26 12:00:34','2017-09-26 12:00:34',0,1),(42,'SilverStripe\\Versioned\\ChangeSet','2017-09-26 12:00:35','2017-09-26 12:00:34','Generated by publish of \'property 10\' at Sep 26, 2017, 12:00:34 PM','published',1,NULL,'2017-09-26 12:00:35','2017-09-26 12:00:34',0,1),(43,'SilverStripe\\Versioned\\ChangeSet','2017-09-26 12:00:35','2017-09-26 12:00:35','Generated by publish of \'property 11\' at Sep 26, 2017, 12:00:35 PM','published',1,NULL,'2017-09-26 12:00:35','2017-09-26 12:00:35',0,1),(44,'SilverStripe\\Versioned\\ChangeSet','2017-09-26 12:00:35','2017-09-26 12:00:35','Generated by publish of \'property 2\' at Sep 26, 2017, 12:00:35 PM','published',1,NULL,'2017-09-26 12:00:35','2017-09-26 12:00:35',0,1),(45,'SilverStripe\\Versioned\\ChangeSet','2017-09-26 12:00:35','2017-09-26 12:00:35','Generated by publish of \'property 3\' at Sep 26, 2017, 12:00:35 PM','published',1,NULL,'2017-09-26 12:00:35','2017-09-26 12:00:35',0,1),(46,'SilverStripe\\Versioned\\ChangeSet','2017-09-26 12:00:35','2017-09-26 12:00:35','Generated by publish of \'property 4\' at Sep 26, 2017, 12:00:35 PM','published',1,NULL,'2017-09-26 12:00:35','2017-09-26 12:00:35',0,1),(47,'SilverStripe\\Versioned\\ChangeSet','2017-09-26 12:00:35','2017-09-26 12:00:35','Generated by publish of \'property 5\' at Sep 26, 2017, 12:00:35 PM','published',1,NULL,'2017-09-26 12:00:35','2017-09-26 12:00:35',0,1),(48,'SilverStripe\\Versioned\\ChangeSet','2017-09-26 12:00:35','2017-09-26 12:00:35','Generated by publish of \'property 6\' at Sep 26, 2017, 12:00:35 PM','published',1,NULL,'2017-09-26 12:00:35','2017-09-26 12:00:35',0,1),(49,'SilverStripe\\Versioned\\ChangeSet','2017-09-26 12:00:36','2017-09-26 12:00:35','Generated by publish of \'property 7\' at Sep 26, 2017, 12:00:35 PM','published',1,NULL,'2017-09-26 12:00:36','2017-09-26 12:00:35',0,1),(50,'SilverStripe\\Versioned\\ChangeSet','2017-09-26 12:00:36','2017-09-26 12:00:36','Generated by publish of \'property 8\' at Sep 26, 2017, 12:00:36 PM','published',1,NULL,'2017-09-26 12:00:36','2017-09-26 12:00:36',0,1),(51,'SilverStripe\\Versioned\\ChangeSet','2017-09-26 12:00:36','2017-09-26 12:00:36','Generated by publish of \'property 9\' at Sep 26, 2017, 12:00:36 PM','published',1,NULL,'2017-09-26 12:00:36','2017-09-26 12:00:36',0,1),(52,'SilverStripe\\Versioned\\ChangeSet','2017-09-26 12:01:14','2017-09-26 12:01:14','Generated by publish of \'Sed fusce vehicula\' at Sep 26, 2017, 12:01:14 PM','published',1,NULL,'2017-09-26 12:01:14','2017-09-26 12:01:14',0,1),(53,'SilverStripe\\Versioned\\ChangeSet','2017-09-26 12:01:14','2017-09-26 12:01:14','Generated by publish of \'Sagittis elementum\' at Sep 26, 2017, 12:01:14 PM','published',1,NULL,'2017-09-26 12:01:14','2017-09-26 12:01:14',0,1),(54,'SilverStripe\\Versioned\\ChangeSet','2017-09-26 12:01:14','2017-09-26 12:01:14','Generated by publish of \'Tortor vehicula\' at Sep 26, 2017, 12:01:14 PM','published',1,NULL,'2017-09-26 12:01:14','2017-09-26 12:01:14',0,1),(55,'SilverStripe\\Versioned\\ChangeSet','2017-09-26 12:01:14','2017-09-26 12:01:14','Generated by publish of \'Cubilia efficitur\' at Sep 26, 2017, 12:01:14 PM','published',1,NULL,'2017-09-26 12:01:14','2017-09-26 12:01:14',0,1),(56,'SilverStripe\\Versioned\\ChangeSet','2017-09-26 12:01:14','2017-09-26 12:01:14','Generated by publish of \'Consectetur mollis fringilla dui\' at Sep 26, 2017, 12:01:14 PM','published',1,NULL,'2017-09-26 12:01:14','2017-09-26 12:01:14',0,1),(57,'SilverStripe\\Versioned\\ChangeSet','2017-09-26 12:01:14','2017-09-26 12:01:14','Generated by publish of \'Praesent placerat eu\' at Sep 26, 2017, 12:01:14 PM','published',1,NULL,'2017-09-26 12:01:14','2017-09-26 12:01:14',0,1),(58,'SilverStripe\\Versioned\\ChangeSet','2017-09-26 12:01:14','2017-09-26 12:01:14','Generated by publish of \'Sit fermentum congue\' at Sep 26, 2017, 12:01:14 PM','published',1,NULL,'2017-09-26 12:01:14','2017-09-26 12:01:14',0,1),(59,'SilverStripe\\Versioned\\ChangeSet','2017-09-26 12:01:14','2017-09-26 12:01:14','Generated by publish of \'Dictum aliquet netus\' at Sep 26, 2017, 12:01:14 PM','published',1,NULL,'2017-09-26 12:01:14','2017-09-26 12:01:14',0,1),(60,'SilverStripe\\Versioned\\ChangeSet','2017-09-26 12:01:14','2017-09-26 12:01:14','Generated by publish of \'Facilisis ullamcorper\' at Sep 26, 2017, 12:01:14 PM','published',1,NULL,'2017-09-26 12:01:14','2017-09-26 12:01:14',0,1),(61,'SilverStripe\\Versioned\\ChangeSet','2017-09-26 12:01:14','2017-09-26 12:01:14','Generated by publish of \'Ut proin magna, elit phasellus et\' at Sep 26, 2017, 12:01:14 PM','published',1,NULL,'2017-09-26 12:01:14','2017-09-26 12:01:14',0,1),(62,'SilverStripe\\Versioned\\ChangeSet','2017-09-26 12:01:14','2017-09-26 12:01:14','Generated by publish of \'Fringilla urna per\' at Sep 26, 2017, 12:01:14 PM','published',1,NULL,'2017-09-26 12:01:14','2017-09-26 12:01:14',0,1),(63,'SilverStripe\\Versioned\\ChangeSet','2017-09-26 12:01:14','2017-09-26 12:01:14','Generated by publish of \'Ipsum adipiscing torquent nam\' at Sep 26, 2017, 12:01:14 PM','published',1,NULL,'2017-09-26 12:01:14','2017-09-26 12:01:14',0,1),(64,'SilverStripe\\Versioned\\ChangeSet','2017-09-26 12:01:15','2017-09-26 12:01:14','Generated by publish of \'Quisque habitant\' at Sep 26, 2017, 12:01:14 PM','published',1,NULL,'2017-09-26 12:01:15','2017-09-26 12:01:14',0,1),(65,'SilverStripe\\Versioned\\ChangeSet','2017-09-26 12:01:15','2017-09-26 12:01:15','Generated by publish of \'Volutpat rhoncus, nec pulvinar\' at Sep 26, 2017, 12:01:15 PM','published',1,NULL,'2017-09-26 12:01:15','2017-09-26 12:01:15',0,1),(66,'SilverStripe\\Versioned\\ChangeSet','2017-09-26 12:01:15','2017-09-26 12:01:15','Generated by publish of \'Interdum cubilia commodo porta, interdum eget dictumst cras\' at Sep 26, 2017, 12:01:15 PM','published',1,NULL,'2017-09-26 12:01:15','2017-09-26 12:01:15',0,1),(67,'SilverStripe\\Versioned\\ChangeSet','2017-09-26 12:01:15','2017-09-26 12:01:15','Generated by publish of \'Venenatis class\' at Sep 26, 2017, 12:01:15 PM','published',1,NULL,'2017-09-26 12:01:15','2017-09-26 12:01:15',0,1),(68,'SilverStripe\\Versioned\\ChangeSet','2017-09-26 12:01:15','2017-09-26 12:01:15','Generated by publish of \'Leo phasellus inceptos\' at Sep 26, 2017, 12:01:15 PM','published',1,NULL,'2017-09-26 12:01:15','2017-09-26 12:01:15',0,1),(69,'SilverStripe\\Versioned\\ChangeSet','2017-09-26 12:01:15','2017-09-26 12:01:15','Generated by publish of \'Sit tincidunt ut felis\' at Sep 26, 2017, 12:01:15 PM','published',1,NULL,'2017-09-26 12:01:15','2017-09-26 12:01:15',0,1),(70,'SilverStripe\\Versioned\\ChangeSet','2017-09-26 12:01:15','2017-09-26 12:01:15','Generated by publish of \'Quis ex curae urna, convallis sollicitudin libero ad\' at Sep 26, 2017, 12:01:15 PM','published',1,NULL,'2017-09-26 12:01:15','2017-09-26 12:01:15',0,1),(71,'SilverStripe\\Versioned\\ChangeSet','2017-09-26 12:01:15','2017-09-26 12:01:15','Generated by publish of \'Viverra tortor vulputate odio, adipiscing dapibus vel aliquet\' at Sep 26, 2017, 12:01:15 PM','published',1,NULL,'2017-09-26 12:01:15','2017-09-26 12:01:15',0,1),(72,'SilverStripe\\Versioned\\ChangeSet','2017-09-26 12:01:15','2017-09-26 12:01:15','Generated by publish of \'Faucibus ornare, convallis risus\' at Sep 26, 2017, 12:01:15 PM','published',1,NULL,'2017-09-26 12:01:15','2017-09-26 12:01:15',0,1),(73,'SilverStripe\\Versioned\\ChangeSet','2017-09-26 12:01:15','2017-09-26 12:01:15','Generated by publish of \'Auctor augue dictumst conubia\' at Sep 26, 2017, 12:01:15 PM','published',1,NULL,'2017-09-26 12:01:15','2017-09-26 12:01:15',0,1),(74,'SilverStripe\\Versioned\\ChangeSet','2017-09-26 12:01:15','2017-09-26 12:01:15','Generated by publish of \'Malesuada fusce imperdiet\' at Sep 26, 2017, 12:01:15 PM','published',1,NULL,'2017-09-26 12:01:15','2017-09-26 12:01:15',0,1),(75,'SilverStripe\\Versioned\\ChangeSet','2017-09-26 12:01:15','2017-09-26 12:01:15','Generated by publish of \'Sapien varius pretium inceptos\' at Sep 26, 2017, 12:01:15 PM','published',1,NULL,'2017-09-26 12:01:15','2017-09-26 12:01:15',0,1),(76,'SilverStripe\\Versioned\\ChangeSet','2017-09-26 12:01:15','2017-09-26 12:01:15','Generated by publish of \'Vestibulum conubia tristique\' at Sep 26, 2017, 12:01:15 PM','published',1,NULL,'2017-09-26 12:01:15','2017-09-26 12:01:15',0,1),(77,'SilverStripe\\Versioned\\ChangeSet','2017-09-26 12:01:15','2017-09-26 12:01:15','Generated by publish of \'Tortor bibendum diam, velit quis pharetra\' at Sep 26, 2017, 12:01:15 PM','published',1,NULL,'2017-09-26 12:01:15','2017-09-26 12:01:15',0,1),(78,'SilverStripe\\Versioned\\ChangeSet','2017-09-26 12:01:15','2017-09-26 12:01:15','Generated by publish of \'Potenti laoreet, eu litora\' at Sep 26, 2017, 12:01:15 PM','published',1,NULL,'2017-09-26 12:01:15','2017-09-26 12:01:15',0,1),(79,'SilverStripe\\Versioned\\ChangeSet','2017-09-26 12:01:15','2017-09-26 12:01:15','Generated by publish of \'Convallis sagittis gravida\' at Sep 26, 2017, 12:01:15 PM','published',1,NULL,'2017-09-26 12:01:15','2017-09-26 12:01:15',0,1),(80,'SilverStripe\\Versioned\\ChangeSet','2017-09-26 12:01:15','2017-09-26 12:01:15','Generated by publish of \'Suspendisse netus\' at Sep 26, 2017, 12:01:15 PM','published',1,NULL,'2017-09-26 12:01:15','2017-09-26 12:01:15',0,1),(81,'SilverStripe\\Versioned\\ChangeSet','2017-09-26 12:01:15','2017-09-26 12:01:15','Generated by publish of \'Cursus dictumst, quis congue\' at Sep 26, 2017, 12:01:15 PM','published',1,NULL,'2017-09-26 12:01:15','2017-09-26 12:01:15',0,1),(82,'SilverStripe\\Versioned\\ChangeSet','2017-09-26 12:01:15','2017-09-26 12:01:15','Generated by publish of \'Sed tortor elementum\' at Sep 26, 2017, 12:01:15 PM','published',1,NULL,'2017-09-26 12:01:15','2017-09-26 12:01:15',0,1),(83,'SilverStripe\\Versioned\\ChangeSet','2017-09-26 12:01:15','2017-09-26 12:01:15','Generated by publish of \'Dictumst elementum\' at Sep 26, 2017, 12:01:15 PM','published',1,NULL,'2017-09-26 12:01:15','2017-09-26 12:01:15',0,1),(84,'SilverStripe\\Versioned\\ChangeSet','2017-09-26 12:01:15','2017-09-26 12:01:15','Generated by publish of \'Posuere sollicitudin, ipsum senectus\' at Sep 26, 2017, 12:01:15 PM','published',1,NULL,'2017-09-26 12:01:15','2017-09-26 12:01:15',0,1),(85,'SilverStripe\\Versioned\\ChangeSet','2017-09-26 12:01:16','2017-09-26 12:01:15','Generated by publish of \'Erat leo taciti\' at Sep 26, 2017, 12:01:15 PM','published',1,NULL,'2017-09-26 12:01:16','2017-09-26 12:01:16',0,1),(86,'SilverStripe\\Versioned\\ChangeSet','2017-09-26 12:01:16','2017-09-26 12:01:16','Generated by publish of \'Nibh convallis et libero\' at Sep 26, 2017, 12:01:16 PM','published',1,NULL,'2017-09-26 12:01:16','2017-09-26 12:01:16',0,1),(87,'SilverStripe\\Versioned\\ChangeSet','2017-09-26 12:01:16','2017-09-26 12:01:16','Generated by publish of \'Justo suspendisse pretium\' at Sep 26, 2017, 12:01:16 PM','published',1,NULL,'2017-09-26 12:01:16','2017-09-26 12:01:16',0,1),(88,'SilverStripe\\Versioned\\ChangeSet','2017-09-26 12:01:16','2017-09-26 12:01:16','Generated by publish of \'Donec laoreet\' at Sep 26, 2017, 12:01:16 PM','published',1,NULL,'2017-09-26 12:01:16','2017-09-26 12:01:16',0,1),(89,'SilverStripe\\Versioned\\ChangeSet','2017-09-26 12:01:16','2017-09-26 12:01:16','Generated by publish of \'Interdum integer ultricies consequat\' at Sep 26, 2017, 12:01:16 PM','published',1,NULL,'2017-09-26 12:01:16','2017-09-26 12:01:16',0,1),(90,'SilverStripe\\Versioned\\ChangeSet','2017-09-26 12:01:16','2017-09-26 12:01:16','Generated by publish of \'Fusce arcu vivamus, at facilisis ligula\' at Sep 26, 2017, 12:01:16 PM','published',1,NULL,'2017-09-26 12:01:16','2017-09-26 12:01:16',0,1),(91,'SilverStripe\\Versioned\\ChangeSet','2017-09-26 12:01:16','2017-09-26 12:01:16','Generated by publish of \'Erat convallis primis consequat\' at Sep 26, 2017, 12:01:16 PM','published',1,NULL,'2017-09-26 12:01:16','2017-09-26 12:01:16',0,1),(92,'SilverStripe\\Versioned\\ChangeSet','2017-09-26 12:01:16','2017-09-26 12:01:16','Generated by publish of \'Adipiscing eleifend quam ullamcorper\' at Sep 26, 2017, 12:01:16 PM','published',1,NULL,'2017-09-26 12:01:16','2017-09-26 12:01:16',0,1),(93,'SilverStripe\\Versioned\\ChangeSet','2017-09-26 12:01:16','2017-09-26 12:01:16','Generated by publish of \'Metus et, vel cras\' at Sep 26, 2017, 12:01:16 PM','published',1,NULL,'2017-09-26 12:01:16','2017-09-26 12:01:16',0,1),(94,'SilverStripe\\Versioned\\ChangeSet','2017-09-26 12:01:16','2017-09-26 12:01:16','Generated by publish of \'Dictum erat metus odio\' at Sep 26, 2017, 12:01:16 PM','published',1,NULL,'2017-09-26 12:01:16','2017-09-26 12:01:16',0,1),(95,'SilverStripe\\Versioned\\ChangeSet','2017-09-26 12:01:16','2017-09-26 12:01:16','Generated by publish of \'Sed habitasse fermentum\' at Sep 26, 2017, 12:01:16 PM','published',1,NULL,'2017-09-26 12:01:16','2017-09-26 12:01:16',0,1),(96,'SilverStripe\\Versioned\\ChangeSet','2017-09-26 12:01:16','2017-09-26 12:01:16','Generated by publish of \'Metus maximus, maecenas tempus\' at Sep 26, 2017, 12:01:16 PM','published',1,NULL,'2017-09-26 12:01:16','2017-09-26 12:01:16',0,1),(97,'SilverStripe\\Versioned\\ChangeSet','2017-09-26 12:01:16','2017-09-26 12:01:16','Generated by publish of \'Maecenas condimentum magna\' at Sep 26, 2017, 12:01:16 PM','published',1,NULL,'2017-09-26 12:01:16','2017-09-26 12:01:16',0,1),(98,'SilverStripe\\Versioned\\ChangeSet','2017-09-26 12:01:16','2017-09-26 12:01:16','Generated by publish of \'Id eleifend risus, facilisis tempor ante\' at Sep 26, 2017, 12:01:16 PM','published',1,NULL,'2017-09-26 12:01:16','2017-09-26 12:01:16',0,1),(99,'SilverStripe\\Versioned\\ChangeSet','2017-09-26 12:01:16','2017-09-26 12:01:16','Generated by publish of \'Viverra taciti enim\' at Sep 26, 2017, 12:01:16 PM','published',1,NULL,'2017-09-26 12:01:16','2017-09-26 12:01:16',0,1),(100,'SilverStripe\\Versioned\\ChangeSet','2017-09-26 12:01:16','2017-09-26 12:01:16','Generated by publish of \'Sociosqu vehicula\' at Sep 26, 2017, 12:01:16 PM','published',1,NULL,'2017-09-26 12:01:16','2017-09-26 12:01:16',0,1),(101,'SilverStripe\\Versioned\\ChangeSet','2017-09-26 12:01:16','2017-09-26 12:01:16','Generated by publish of \'Felis orci\' at Sep 26, 2017, 12:01:16 PM','published',1,NULL,'2017-09-26 12:01:16','2017-09-26 12:01:16',0,1),(102,'SilverStripe\\Versioned\\ChangeSet','2017-09-26 12:01:16','2017-09-26 12:01:16','Generated by publish of \'Convallis eros netus, condimentum himenaeos magna\' at Sep 26, 2017, 12:01:16 PM','published',1,NULL,'2017-09-26 12:01:16','2017-09-26 12:01:16',0,1),(103,'SilverStripe\\Versioned\\ChangeSet','2017-09-26 12:01:16','2017-09-26 12:01:16','Generated by publish of \'Ultricies fames\' at Sep 26, 2017, 12:01:16 PM','published',1,NULL,'2017-09-26 12:01:16','2017-09-26 12:01:16',0,1),(104,'SilverStripe\\Versioned\\ChangeSet','2017-09-26 12:01:16','2017-09-26 12:01:16','Generated by publish of \'Tortor nisi litora, litora conubia neque\' at Sep 26, 2017, 12:01:16 PM','published',1,NULL,'2017-09-26 12:01:16','2017-09-26 12:01:16',0,1),(105,'SilverStripe\\Versioned\\ChangeSet','2017-09-26 12:01:16','2017-09-26 12:01:16','Generated by publish of \'Euismod himenaeos donec, maecenas tincidunt fusce\' at Sep 26, 2017, 12:01:16 PM','published',1,NULL,'2017-09-26 12:01:16','2017-09-26 12:01:16',0,1),(106,'SilverStripe\\Versioned\\ChangeSet','2017-09-26 12:01:17','2017-09-26 12:01:16','Generated by publish of \'Lorem mattis nunc orci\' at Sep 26, 2017, 12:01:16 PM','published',1,NULL,'2017-09-26 12:01:17','2017-09-26 12:01:16',0,1),(107,'SilverStripe\\Versioned\\ChangeSet','2017-09-26 12:01:17','2017-09-26 12:01:17','Generated by publish of \'Lacinia eleifend eu\' at Sep 26, 2017, 12:01:17 PM','published',1,NULL,'2017-09-26 12:01:17','2017-09-26 12:01:17',0,1),(108,'SilverStripe\\Versioned\\ChangeSet','2017-09-26 12:01:17','2017-09-26 12:01:17','Generated by publish of \'Lobortis porttitor condimentum ad\' at Sep 26, 2017, 12:01:17 PM','published',1,NULL,'2017-09-26 12:01:17','2017-09-26 12:01:17',0,1),(109,'SilverStripe\\Versioned\\ChangeSet','2017-09-26 12:01:17','2017-09-26 12:01:17','Generated by publish of \'Nulla varius et class\' at Sep 26, 2017, 12:01:17 PM','published',1,NULL,'2017-09-26 12:01:17','2017-09-26 12:01:17',0,1),(110,'SilverStripe\\Versioned\\ChangeSet','2017-09-26 12:01:17','2017-09-26 12:01:17','Generated by publish of \'Suspendisse ante\' at Sep 26, 2017, 12:01:17 PM','published',1,NULL,'2017-09-26 12:01:17','2017-09-26 12:01:17',0,1),(111,'SilverStripe\\Versioned\\ChangeSet','2017-09-26 12:01:17','2017-09-26 12:01:17','Generated by publish of \'Viverra pulvinar cursus blandit\' at Sep 26, 2017, 12:01:17 PM','published',1,NULL,'2017-09-26 12:01:17','2017-09-26 12:01:17',0,1),(112,'SilverStripe\\Versioned\\ChangeSet','2017-09-26 12:01:17','2017-09-26 12:01:17','Generated by publish of \'Etiam velit\' at Sep 26, 2017, 12:01:17 PM','published',1,NULL,'2017-09-26 12:01:17','2017-09-26 12:01:17',0,1),(113,'SilverStripe\\Versioned\\ChangeSet','2017-09-26 12:01:17','2017-09-26 12:01:17','Generated by publish of \'Tortor turpis\' at Sep 26, 2017, 12:01:17 PM','published',1,NULL,'2017-09-26 12:01:17','2017-09-26 12:01:17',0,1),(114,'SilverStripe\\Versioned\\ChangeSet','2017-09-26 12:01:17','2017-09-26 12:01:17','Generated by publish of \'Etiam aliquam\' at Sep 26, 2017, 12:01:17 PM','published',1,NULL,'2017-09-26 12:01:17','2017-09-26 12:01:17',0,1),(115,'SilverStripe\\Versioned\\ChangeSet','2017-09-26 12:01:17','2017-09-26 12:01:17','Generated by publish of \'Eleifend cubilia enim\' at Sep 26, 2017, 12:01:17 PM','published',1,NULL,'2017-09-26 12:01:17','2017-09-26 12:01:17',0,1),(116,'SilverStripe\\Versioned\\ChangeSet','2017-09-26 12:01:17','2017-09-26 12:01:17','Generated by publish of \'Feugiat purus\' at Sep 26, 2017, 12:01:17 PM','published',1,NULL,'2017-09-26 12:01:17','2017-09-26 12:01:17',0,1),(117,'SilverStripe\\Versioned\\ChangeSet','2017-09-26 12:01:17','2017-09-26 12:01:17','Generated by publish of \'Nostra netus\' at Sep 26, 2017, 12:01:17 PM','published',1,NULL,'2017-09-26 12:01:17','2017-09-26 12:01:17',0,1),(118,'SilverStripe\\Versioned\\ChangeSet','2017-09-26 12:01:17','2017-09-26 12:01:17','Generated by publish of \'Mattis laoreet imperdiet\' at Sep 26, 2017, 12:01:17 PM','published',1,NULL,'2017-09-26 12:01:17','2017-09-26 12:01:17',0,1),(119,'SilverStripe\\Versioned\\ChangeSet','2017-09-26 12:01:17','2017-09-26 12:01:17','Generated by publish of \'Eleifend nunc tempor et\' at Sep 26, 2017, 12:01:17 PM','published',1,NULL,'2017-09-26 12:01:17','2017-09-26 12:01:17',0,1),(120,'SilverStripe\\Versioned\\ChangeSet','2017-09-26 12:01:17','2017-09-26 12:01:17','Generated by publish of \'Praesent auctor\' at Sep 26, 2017, 12:01:17 PM','published',1,NULL,'2017-09-26 12:01:17','2017-09-26 12:01:17',0,1),(121,'SilverStripe\\Versioned\\ChangeSet','2017-09-26 12:01:17','2017-09-26 12:01:17','Generated by publish of \'Integer sem, himenaeos blandit\' at Sep 26, 2017, 12:01:17 PM','published',1,NULL,'2017-09-26 12:01:17','2017-09-26 12:01:17',0,1),(122,'SilverStripe\\Versioned\\ChangeSet','2017-09-26 12:01:17','2017-09-26 12:01:17','Generated by publish of \'Erat augue vivamus fermentum\' at Sep 26, 2017, 12:01:17 PM','published',1,NULL,'2017-09-26 12:01:17','2017-09-26 12:01:17',0,1),(123,'SilverStripe\\Versioned\\ChangeSet','2017-09-26 12:01:17','2017-09-26 12:01:17','Generated by publish of \'Egestas posuere magna, justo nisi libero\' at Sep 26, 2017, 12:01:17 PM','published',1,NULL,'2017-09-26 12:01:17','2017-09-26 12:01:17',0,1),(124,'SilverStripe\\Versioned\\ChangeSet','2017-09-26 12:01:17','2017-09-26 12:01:17','Generated by publish of \'Et magna congue eros\' at Sep 26, 2017, 12:01:17 PM','published',1,NULL,'2017-09-26 12:01:17','2017-09-26 12:01:17',0,1),(125,'SilverStripe\\Versioned\\ChangeSet','2017-09-26 12:01:17','2017-09-26 12:01:17','Generated by publish of \'Sed phasellus nullam cras\' at Sep 26, 2017, 12:01:17 PM','published',1,NULL,'2017-09-26 12:01:17','2017-09-26 12:01:17',0,1),(126,'SilverStripe\\Versioned\\ChangeSet','2017-09-26 12:01:17','2017-09-26 12:01:17','Generated by publish of \'Venenatis ad diam\' at Sep 26, 2017, 12:01:17 PM','published',1,NULL,'2017-09-26 12:01:17','2017-09-26 12:01:17',0,1),(127,'SilverStripe\\Versioned\\ChangeSet','2017-09-26 12:01:18','2017-09-26 12:01:17','Generated by publish of \'Vestibulum congue, fusce donec\' at Sep 26, 2017, 12:01:17 PM','published',1,NULL,'2017-09-26 12:01:18','2017-09-26 12:01:17',0,1),(128,'SilverStripe\\Versioned\\ChangeSet','2017-09-26 12:01:18','2017-09-26 12:01:18','Generated by publish of \'Integer vel\' at Sep 26, 2017, 12:01:18 PM','published',1,NULL,'2017-09-26 12:01:18','2017-09-26 12:01:18',0,1),(129,'SilverStripe\\Versioned\\ChangeSet','2017-09-26 12:01:18','2017-09-26 12:01:18','Generated by publish of \'Mi primis\' at Sep 26, 2017, 12:01:18 PM','published',1,NULL,'2017-09-26 12:01:18','2017-09-26 12:01:18',0,1),(130,'SilverStripe\\Versioned\\ChangeSet','2017-09-26 12:01:18','2017-09-26 12:01:18','Generated by publish of \'Mi molestie commodo maximus\' at Sep 26, 2017, 12:01:18 PM','published',1,NULL,'2017-09-26 12:01:18','2017-09-26 12:01:18',0,1),(131,'SilverStripe\\Versioned\\ChangeSet','2017-09-26 12:01:18','2017-09-26 12:01:18','Generated by publish of \'Sit semper molestie eros\' at Sep 26, 2017, 12:01:18 PM','published',1,NULL,'2017-09-26 12:01:18','2017-09-26 12:01:18',0,1),(132,'SilverStripe\\Versioned\\ChangeSet','2017-09-26 12:01:18','2017-09-26 12:01:18','Generated by publish of \'Condimentum habitasse\' at Sep 26, 2017, 12:01:18 PM','published',1,NULL,'2017-09-26 12:01:18','2017-09-26 12:01:18',0,1),(133,'SilverStripe\\Versioned\\ChangeSet','2017-09-26 12:01:18','2017-09-26 12:01:18','Generated by publish of \'Sapien nunc duis\' at Sep 26, 2017, 12:01:18 PM','published',1,NULL,'2017-09-26 12:01:18','2017-09-26 12:01:18',0,1),(134,'SilverStripe\\Versioned\\ChangeSet','2017-09-26 12:01:18','2017-09-26 12:01:18','Generated by publish of \'Malesuada id\' at Sep 26, 2017, 12:01:18 PM','published',1,NULL,'2017-09-26 12:01:18','2017-09-26 12:01:18',0,1),(135,'SilverStripe\\Versioned\\ChangeSet','2017-09-26 12:01:18','2017-09-26 12:01:18','Generated by publish of \'At suspendisse pretium\' at Sep 26, 2017, 12:01:18 PM','published',1,NULL,'2017-09-26 12:01:18','2017-09-26 12:01:18',0,1),(136,'SilverStripe\\Versioned\\ChangeSet','2017-09-26 12:01:18','2017-09-26 12:01:18','Generated by publish of \'Elit in\' at Sep 26, 2017, 12:01:18 PM','published',1,NULL,'2017-09-26 12:01:18','2017-09-26 12:01:18',0,1),(137,'SilverStripe\\Versioned\\ChangeSet','2017-09-26 12:01:18','2017-09-26 12:01:18','Generated by publish of \'Porttitor inceptos\' at Sep 26, 2017, 12:01:18 PM','published',1,NULL,'2017-09-26 12:01:18','2017-09-26 12:01:18',0,1),(138,'SilverStripe\\Versioned\\ChangeSet','2017-09-26 12:01:18','2017-09-26 12:01:18','Generated by publish of \'Id metus\' at Sep 26, 2017, 12:01:18 PM','published',1,NULL,'2017-09-26 12:01:18','2017-09-26 12:01:18',0,1),(139,'SilverStripe\\Versioned\\ChangeSet','2017-09-26 12:01:18','2017-09-26 12:01:18','Generated by publish of \'Integer aliquet habitant\' at Sep 26, 2017, 12:01:18 PM','published',1,NULL,'2017-09-26 12:01:18','2017-09-26 12:01:18',0,1),(140,'SilverStripe\\Versioned\\ChangeSet','2017-09-26 12:01:18','2017-09-26 12:01:18','Generated by publish of \'Tempor platea\' at Sep 26, 2017, 12:01:18 PM','published',1,NULL,'2017-09-26 12:01:18','2017-09-26 12:01:18',0,1),(141,'SilverStripe\\Versioned\\ChangeSet','2017-09-26 12:01:18','2017-09-26 12:01:18','Generated by publish of \'Scelerisque ultricies dictumst\' at Sep 26, 2017, 12:01:18 PM','published',1,NULL,'2017-09-26 12:01:18','2017-09-26 12:01:18',0,1),(142,'SilverStripe\\Versioned\\ChangeSet','2017-09-26 12:01:18','2017-09-26 12:01:18','Generated by publish of \'Ligula vehicula\' at Sep 26, 2017, 12:01:18 PM','published',1,NULL,'2017-09-26 12:01:18','2017-09-26 12:01:18',0,1),(143,'SilverStripe\\Versioned\\ChangeSet','2017-09-26 12:01:18','2017-09-26 12:01:18','Generated by publish of \'Viverra proin hendrerit\' at Sep 26, 2017, 12:01:18 PM','published',1,NULL,'2017-09-26 12:01:18','2017-09-26 12:01:18',0,1),(144,'SilverStripe\\Versioned\\ChangeSet','2017-09-26 12:01:18','2017-09-26 12:01:18','Generated by publish of \'Malesuada ut est ad, justo pretium aptent imperdiet, ac semper arcu accumsan\' at Sep 26, 2017, 12:01:18 PM','published',1,NULL,'2017-09-26 12:01:18','2017-09-26 12:01:18',0,1),(145,'SilverStripe\\Versioned\\ChangeSet','2017-09-26 12:01:18','2017-09-26 12:01:18','Generated by publish of \'Ante ornare sagittis donec\' at Sep 26, 2017, 12:01:18 PM','published',1,NULL,'2017-09-26 12:01:18','2017-09-26 12:01:18',0,1),(146,'SilverStripe\\Versioned\\ChangeSet','2017-09-26 12:01:18','2017-09-26 12:01:18','Generated by publish of \'Ornare sollicitudin gravida ad, sit euismod commodo vehicula\' at Sep 26, 2017, 12:01:18 PM','published',1,NULL,'2017-09-26 12:01:18','2017-09-26 12:01:18',0,1),(147,'SilverStripe\\Versioned\\ChangeSet','2017-09-26 12:01:18','2017-09-26 12:01:18','Generated by publish of \'Nulla orci\' at Sep 26, 2017, 12:01:18 PM','published',1,NULL,'2017-09-26 12:01:18','2017-09-26 12:01:18',0,1),(148,'SilverStripe\\Versioned\\ChangeSet','2017-09-26 12:01:19','2017-09-26 12:01:18','Generated by publish of \'Quis phasellus, et nostra\' at Sep 26, 2017, 12:01:18 PM','published',1,NULL,'2017-09-26 12:01:19','2017-09-26 12:01:19',0,1),(149,'SilverStripe\\Versioned\\ChangeSet','2017-09-26 12:01:19','2017-09-26 12:01:19','Generated by publish of \'Praesent eleifend tempor\' at Sep 26, 2017, 12:01:19 PM','published',1,NULL,'2017-09-26 12:01:19','2017-09-26 12:01:19',0,1),(150,'SilverStripe\\Versioned\\ChangeSet','2017-09-26 12:01:19','2017-09-26 12:01:19','Generated by publish of \'Egestas convallis enim bibendum\' at Sep 26, 2017, 12:01:19 PM','published',1,NULL,'2017-09-26 12:01:19','2017-09-26 12:01:19',0,1),(151,'SilverStripe\\Versioned\\ChangeSet','2017-09-26 12:01:19','2017-09-26 12:01:19','Generated by publish of \'Sed auctor tempus\' at Sep 26, 2017, 12:01:19 PM','published',1,NULL,'2017-09-26 12:01:19','2017-09-26 12:01:19',0,1),(152,'SilverStripe\\Versioned\\ChangeSet','2017-09-26 12:27:46','2017-09-26 12:27:46','Generated by publish of \'The Northeast\' at Sep 26, 2017, 12:27:46 PM','published',1,NULL,'2017-09-26 12:27:46','2017-09-26 12:27:46',0,1),(153,'SilverStripe\\Versioned\\ChangeSet','2017-09-26 12:28:06','2017-09-26 12:28:06','Generated by publish of \'The Southeast\' at Sep 26, 2017, 12:28:06 PM','published',1,NULL,'2017-09-26 12:28:06','2017-09-26 12:28:06',0,1),(154,'SilverStripe\\Versioned\\ChangeSet','2017-09-26 12:28:42','2017-09-26 12:28:42','Generated by publish of \'The Southwest\' at Sep 26, 2017, 12:28:42 PM','published',1,NULL,'2017-09-26 12:28:42','2017-09-26 12:28:42',0,1),(155,'SilverStripe\\Versioned\\ChangeSet','2017-09-26 12:29:14','2017-09-26 12:29:14','Generated by publish of \'The Northwest\' at Sep 26, 2017, 12:29:14 PM','published',1,NULL,'2017-09-26 12:29:14','2017-09-26 12:29:14',0,1);
/*!40000 ALTER TABLE `ChangeSet` ENABLE KEYS */;
UNLOCK TABLES;

--
-- Table structure for table `ChangeSetItem`
--

DROP TABLE IF EXISTS `ChangeSetItem`;
/*!40101 SET @saved_cs_client     = @@character_set_client */;
/*!40101 SET character_set_client = utf8 */;
CREATE TABLE `ChangeSetItem` (
  `ID` int(11) NOT NULL AUTO_INCREMENT,
  `ClassName` enum('SilverStripe\\Versioned\\ChangeSetItem') DEFAULT 'SilverStripe\\Versioned\\ChangeSetItem',
  `LastEdited` datetime DEFAULT NULL,
  `Created` datetime DEFAULT NULL,
  `VersionBefore` int(11) NOT NULL DEFAULT '0',
  `VersionAfter` int(11) NOT NULL DEFAULT '0',
  `Added` enum('explicitly','implicitly') DEFAULT 'implicitly',
  `ChangeSetID` int(11) NOT NULL DEFAULT '0',
  `ObjectID` int(11) NOT NULL DEFAULT '0',
  `ObjectClass` enum('SilverStripe\\Lessons\\ArticleCategory','SilverStripe\\Lessons\\ArticleComment','SilverStripe\\Lessons\\Property','SilverStripe\\Lessons\\Region','SilverStripe\\Assets\\File','SilverStripe\\Assets\\Folder','SilverStripe\\Assets\\Image','SilverStripe\\SiteConfig\\SiteConfig','SilverStripe\\Versioned\\ChangeSet','SilverStripe\\Versioned\\ChangeSetItem','SilverStripe\\CMS\\Model\\SiteTree','Page','SilverStripe\\Lessons\\ArticleHolder','SilverStripe\\Lessons\\ArticlePage','SilverStripe\\Lessons\\HomePage','SilverStripe\\Lessons\\RegionsPage','SilverStripe\\ErrorPage\\ErrorPage','SilverStripe\\CMS\\Model\\RedirectorPage','SilverStripe\\CMS\\Model\\VirtualPage','SilverStripe\\Security\\Group','SilverStripe\\Security\\LoginAttempt','SilverStripe\\Security\\Member','SilverStripe\\Security\\MemberPassword','SilverStripe\\Security\\Permission','SilverStripe\\Security\\PermissionRole','SilverStripe\\Security\\PermissionRoleCode','SilverStripe\\Security\\RememberLoginHash') DEFAULT 'SilverStripe\\Lessons\\ArticleCategory',
  PRIMARY KEY (`ID`),
  UNIQUE KEY `ObjectUniquePerChangeSet` (`ObjectID`,`ObjectClass`,`ChangeSetID`),
  KEY `ClassName` (`ClassName`),
  KEY `ChangeSetID` (`ChangeSetID`),
  KEY `Object` (`ObjectID`,`ObjectClass`)
) ENGINE=InnoDB AUTO_INCREMENT=301 DEFAULT CHARSET=utf8;
/*!40101 SET character_set_client = @saved_cs_client */;

--
-- Dumping data for table `ChangeSetItem`
--

LOCK TABLES `ChangeSetItem` WRITE;
/*!40000 ALTER TABLE `ChangeSetItem` DISABLE KEYS */;
INSERT INTO `ChangeSetItem` VALUES (1,'SilverStripe\\Versioned\\ChangeSetItem','2017-09-12 15:51:23','2017-09-12 15:51:23',1,2,'explicitly',1,1,'SilverStripe\\CMS\\Model\\SiteTree'),(2,'SilverStripe\\Versioned\\ChangeSetItem','2017-09-13 11:38:20','2017-09-13 11:38:20',0,2,'explicitly',2,7,'SilverStripe\\CMS\\Model\\SiteTree'),(3,'SilverStripe\\Versioned\\ChangeSetItem','2017-09-13 11:38:28','2017-09-13 11:38:28',0,2,'explicitly',3,6,'SilverStripe\\CMS\\Model\\SiteTree'),(4,'SilverStripe\\Versioned\\ChangeSetItem','2017-09-13 11:38:43','2017-09-13 11:38:43',0,2,'explicitly',4,8,'SilverStripe\\CMS\\Model\\SiteTree'),(5,'SilverStripe\\Versioned\\ChangeSetItem','2017-09-13 11:39:03','2017-09-13 11:39:03',0,2,'explicitly',5,9,'SilverStripe\\CMS\\Model\\SiteTree'),(6,'SilverStripe\\Versioned\\ChangeSetItem','2017-09-13 11:39:13','2017-09-13 11:39:12',2,3,'explicitly',6,9,'SilverStripe\\CMS\\Model\\SiteTree'),(7,'SilverStripe\\Versioned\\ChangeSetItem','2017-09-13 11:40:30','2017-09-13 11:40:30',2,2,'explicitly',7,1,'SilverStripe\\CMS\\Model\\SiteTree'),(8,'SilverStripe\\Versioned\\ChangeSetItem','2017-09-13 11:40:30','2017-09-13 11:40:30',2,3,'explicitly',8,6,'SilverStripe\\CMS\\Model\\SiteTree'),(9,'SilverStripe\\Versioned\\ChangeSetItem','2017-09-13 11:40:30','2017-09-13 11:40:30',2,4,'explicitly',9,7,'SilverStripe\\CMS\\Model\\SiteTree'),(10,'SilverStripe\\Versioned\\ChangeSetItem','2017-09-13 11:40:30','2017-09-13 11:40:30',2,4,'explicitly',10,8,'SilverStripe\\CMS\\Model\\SiteTree'),(11,'SilverStripe\\Versioned\\ChangeSetItem','2017-09-13 11:40:30','2017-09-13 11:40:30',3,5,'explicitly',11,9,'SilverStripe\\CMS\\Model\\SiteTree'),(12,'SilverStripe\\Versioned\\ChangeSetItem','2017-09-13 11:40:37','2017-09-13 11:40:37',1,3,'explicitly',12,2,'SilverStripe\\CMS\\Model\\SiteTree'),(13,'SilverStripe\\Versioned\\ChangeSetItem','2017-09-13 11:42:26','2017-09-13 11:42:26',0,2,'explicitly',13,10,'SilverStripe\\CMS\\Model\\SiteTree'),(14,'SilverStripe\\Versioned\\ChangeSetItem','2017-09-13 11:42:48','2017-09-13 11:42:48',0,2,'explicitly',14,11,'SilverStripe\\CMS\\Model\\SiteTree'),(15,'SilverStripe\\Versioned\\ChangeSetItem','2017-09-13 12:53:49','2017-09-13 12:53:49',2,2,'explicitly',15,10,'SilverStripe\\CMS\\Model\\SiteTree'),(16,'SilverStripe\\Versioned\\ChangeSetItem','2017-09-13 12:54:14','2017-09-13 12:54:14',2,3,'explicitly',16,10,'SilverStripe\\CMS\\Model\\SiteTree'),(17,'SilverStripe\\Versioned\\ChangeSetItem','2017-09-13 13:48:49','2017-09-13 13:48:49',3,4,'explicitly',17,10,'SilverStripe\\CMS\\Model\\SiteTree'),(18,'SilverStripe\\Versioned\\ChangeSetItem','2017-09-13 13:49:05','2017-09-13 13:49:05',2,3,'explicitly',18,11,'SilverStripe\\CMS\\Model\\SiteTree'),(19,'SilverStripe\\Versioned\\ChangeSetItem','2017-09-13 13:50:11','2017-09-13 13:50:11',3,3,'explicitly',19,11,'SilverStripe\\CMS\\Model\\SiteTree'),(20,'SilverStripe\\Versioned\\ChangeSetItem','2017-09-13 13:52:13','2017-09-13 13:52:13',3,3,'explicitly',20,11,'SilverStripe\\CMS\\Model\\SiteTree'),(22,'SilverStripe\\Versioned\\ChangeSetItem','2017-09-13 13:52:13','2017-09-13 13:52:13',0,1,'implicitly',20,6,'SilverStripe\\Assets\\File'),(23,'SilverStripe\\Versioned\\ChangeSetItem','2017-09-13 13:52:29','2017-09-13 13:52:29',0,3,'explicitly',21,11,'SilverStripe\\CMS\\Model\\SiteTree'),(25,'SilverStripe\\Versioned\\ChangeSetItem','2017-09-13 13:52:29','2017-09-13 13:52:29',1,1,'implicitly',21,6,'SilverStripe\\Assets\\File'),(26,'SilverStripe\\Versioned\\ChangeSetItem','2017-09-14 12:57:55','2017-09-14 12:57:55',4,5,'explicitly',22,8,'SilverStripe\\CMS\\Model\\SiteTree'),(27,'SilverStripe\\Versioned\\ChangeSetItem','2017-09-14 13:57:58','2017-09-14 13:57:58',0,0,'explicitly',23,1,'SilverStripe\\Lessons\\Region'),(28,'SilverStripe\\Versioned\\ChangeSetItem','2017-09-14 13:58:13','2017-09-14 13:58:13',5,5,'explicitly',24,8,'SilverStripe\\CMS\\Model\\SiteTree'),(29,'SilverStripe\\Versioned\\ChangeSetItem','2017-09-14 13:58:13','2017-09-14 13:58:13',0,0,'implicitly',24,1,'SilverStripe\\Lessons\\Region'),(30,'SilverStripe\\Versioned\\ChangeSetItem','2017-09-14 13:58:13','2017-09-14 13:58:13',0,0,'implicitly',24,2,'SilverStripe\\Lessons\\Region'),(31,'SilverStripe\\Versioned\\ChangeSetItem','2017-09-14 13:58:13','2017-09-14 13:58:13',0,0,'implicitly',24,3,'SilverStripe\\Lessons\\Region'),(32,'SilverStripe\\Versioned\\ChangeSetItem','2017-09-14 13:58:13','2017-09-14 13:58:13',0,0,'implicitly',24,4,'SilverStripe\\Lessons\\Region'),(33,'SilverStripe\\Versioned\\ChangeSetItem','2017-09-14 13:59:00','2017-09-14 13:59:00',5,5,'explicitly',25,8,'SilverStripe\\CMS\\Model\\SiteTree'),(34,'SilverStripe\\Versioned\\ChangeSetItem','2017-09-14 13:59:00','2017-09-14 13:59:00',0,0,'implicitly',25,1,'SilverStripe\\Lessons\\Region'),(35,'SilverStripe\\Versioned\\ChangeSetItem','2017-09-14 13:59:00','2017-09-14 13:59:00',0,0,'implicitly',25,2,'SilverStripe\\Lessons\\Region'),(36,'SilverStripe\\Versioned\\ChangeSetItem','2017-09-14 13:59:00','2017-09-14 13:59:00',0,0,'implicitly',25,3,'SilverStripe\\Lessons\\Region'),(37,'SilverStripe\\Versioned\\ChangeSetItem','2017-09-14 13:59:00','2017-09-14 13:59:00',0,0,'implicitly',25,4,'SilverStripe\\Lessons\\Region'),(38,'SilverStripe\\Versioned\\ChangeSetItem','2017-09-14 13:59:18','2017-09-14 13:59:18',0,0,'explicitly',26,1,'SilverStripe\\Lessons\\Region'),(39,'SilverStripe\\Versioned\\ChangeSetItem','2017-09-14 13:59:35','2017-09-14 13:59:35',0,0,'explicitly',27,2,'SilverStripe\\Lessons\\Region'),(40,'SilverStripe\\Versioned\\ChangeSetItem','2017-09-14 13:59:50','2017-09-14 13:59:50',5,5,'explicitly',28,8,'SilverStripe\\CMS\\Model\\SiteTree'),(41,'SilverStripe\\Versioned\\ChangeSetItem','2017-09-14 13:59:50','2017-09-14 13:59:50',0,0,'implicitly',28,1,'SilverStripe\\Lessons\\Region'),(42,'SilverStripe\\Versioned\\ChangeSetItem','2017-09-14 13:59:50','2017-09-14 13:59:50',0,0,'implicitly',28,2,'SilverStripe\\Lessons\\Region'),(43,'SilverStripe\\Versioned\\ChangeSetItem','2017-09-14 13:59:50','2017-09-14 13:59:50',0,0,'implicitly',28,3,'SilverStripe\\Lessons\\Region'),(44,'SilverStripe\\Versioned\\ChangeSetItem','2017-09-14 13:59:50','2017-09-14 13:59:50',0,0,'implicitly',28,4,'SilverStripe\\Lessons\\Region'),(45,'SilverStripe\\Versioned\\ChangeSetItem','2017-09-14 14:00:52','2017-09-14 14:00:51',0,0,'explicitly',29,4,'SilverStripe\\Lessons\\Region'),(46,'SilverStripe\\Versioned\\ChangeSetItem','2017-09-14 14:09:04','2017-09-14 14:09:04',4,4,'explicitly',30,10,'SilverStripe\\CMS\\Model\\SiteTree'),(47,'SilverStripe\\Versioned\\ChangeSetItem','2017-09-14 14:09:05','2017-09-14 14:09:04',0,1,'implicitly',30,3,'SilverStripe\\Assets\\File'),(48,'SilverStripe\\Versioned\\ChangeSetItem','2017-09-14 14:09:05','2017-09-14 14:09:04',0,1,'implicitly',30,4,'SilverStripe\\Assets\\File'),(49,'SilverStripe\\Versioned\\ChangeSetItem','2017-09-14 14:10:50','2017-09-14 14:10:50',5,5,'explicitly',31,8,'SilverStripe\\CMS\\Model\\SiteTree'),(50,'SilverStripe\\Versioned\\ChangeSetItem','2017-09-14 14:10:51','2017-09-14 14:10:50',0,0,'implicitly',31,1,'SilverStripe\\Lessons\\Region'),(51,'SilverStripe\\Versioned\\ChangeSetItem','2017-09-14 14:10:51','2017-09-14 14:10:50',0,0,'implicitly',31,2,'SilverStripe\\Lessons\\Region'),(52,'SilverStripe\\Versioned\\ChangeSetItem','2017-09-14 14:10:51','2017-09-14 14:10:50',0,0,'implicitly',31,3,'SilverStripe\\Lessons\\Region'),(53,'SilverStripe\\Versioned\\ChangeSetItem','2017-09-14 14:10:51','2017-09-14 14:10:50',0,0,'implicitly',31,4,'SilverStripe\\Lessons\\Region'),(54,'SilverStripe\\Versioned\\ChangeSetItem','2017-09-14 14:12:16','2017-09-14 14:12:16',5,5,'explicitly',32,8,'SilverStripe\\CMS\\Model\\SiteTree'),(55,'SilverStripe\\Versioned\\ChangeSetItem','2017-09-14 14:12:16','2017-09-14 14:12:16',0,0,'implicitly',32,1,'SilverStripe\\Lessons\\Region'),(56,'SilverStripe\\Versioned\\ChangeSetItem','2017-09-14 14:12:16','2017-09-14 14:12:16',0,0,'implicitly',32,2,'SilverStripe\\Lessons\\Region'),(57,'SilverStripe\\Versioned\\ChangeSetItem','2017-09-14 14:12:16','2017-09-14 14:12:16',0,0,'implicitly',32,3,'SilverStripe\\Lessons\\Region'),(58,'SilverStripe\\Versioned\\ChangeSetItem','2017-09-14 14:12:16','2017-09-14 14:12:16',0,0,'implicitly',32,4,'SilverStripe\\Lessons\\Region'),(59,'SilverStripe\\Versioned\\ChangeSetItem','2017-09-14 14:12:16','2017-09-14 14:12:16',0,1,'implicitly',32,8,'SilverStripe\\Assets\\File'),(60,'SilverStripe\\Versioned\\ChangeSetItem','2017-09-14 14:12:17','2017-09-14 14:12:16',0,1,'implicitly',32,10,'SilverStripe\\Assets\\File'),(61,'SilverStripe\\Versioned\\ChangeSetItem','2017-09-14 14:12:17','2017-09-14 14:12:16',0,1,'implicitly',32,11,'SilverStripe\\Assets\\File'),(62,'SilverStripe\\Versioned\\ChangeSetItem','2017-09-14 14:12:17','2017-09-14 14:12:16',0,1,'implicitly',32,9,'SilverStripe\\Assets\\File'),(64,'SilverStripe\\Versioned\\ChangeSetItem','2017-09-14 14:13:34','2017-09-14 14:13:34',1,1,'implicitly',33,10,'SilverStripe\\Assets\\File'),(65,'SilverStripe\\Versioned\\ChangeSetItem','2017-09-14 15:26:25','2017-09-14 15:26:25',0,1,'explicitly',34,1,'SilverStripe\\Lessons\\Region'),(66,'SilverStripe\\Versioned\\ChangeSetItem','2017-09-14 15:26:25','2017-09-14 15:26:25',1,1,'implicitly',34,11,'SilverStripe\\Assets\\File'),(67,'SilverStripe\\Versioned\\ChangeSetItem','2017-09-14 15:26:49','2017-09-14 15:26:48',0,1,'explicitly',35,2,'SilverStripe\\Lessons\\Region'),(68,'SilverStripe\\Versioned\\ChangeSetItem','2017-09-14 15:26:49','2017-09-14 15:26:48',1,1,'implicitly',35,10,'SilverStripe\\Assets\\File'),(69,'SilverStripe\\Versioned\\ChangeSetItem','2017-09-14 15:27:19','2017-09-14 15:27:19',0,1,'explicitly',36,3,'SilverStripe\\Lessons\\Region'),(70,'SilverStripe\\Versioned\\ChangeSetItem','2017-09-14 15:27:19','2017-09-14 15:27:19',1,1,'implicitly',36,8,'SilverStripe\\Assets\\File'),(71,'SilverStripe\\Versioned\\ChangeSetItem','2017-09-14 15:27:38','2017-09-14 15:27:38',0,1,'explicitly',37,4,'SilverStripe\\Lessons\\Region'),(72,'SilverStripe\\Versioned\\ChangeSetItem','2017-09-14 15:27:38','2017-09-14 15:27:38',1,1,'implicitly',37,9,'SilverStripe\\Assets\\File'),(73,'SilverStripe\\Versioned\\ChangeSetItem','2017-09-14 16:16:37','2017-09-14 16:16:37',4,4,'explicitly',38,10,'SilverStripe\\CMS\\Model\\SiteTree'),(74,'SilverStripe\\Versioned\\ChangeSetItem','2017-09-14 16:16:37','2017-09-14 16:16:37',1,1,'implicitly',38,3,'SilverStripe\\Assets\\File'),(75,'SilverStripe\\Versioned\\ChangeSetItem','2017-09-14 16:16:37','2017-09-14 16:16:37',1,1,'implicitly',38,4,'SilverStripe\\Assets\\File'),(76,'SilverStripe\\Versioned\\ChangeSetItem','2017-09-14 16:18:39','2017-09-14 16:18:39',3,3,'explicitly',39,11,'SilverStripe\\CMS\\Model\\SiteTree'),(77,'SilverStripe\\Versioned\\ChangeSetItem','2017-09-14 16:18:39','2017-09-14 16:18:39',1,1,'implicitly',39,5,'SilverStripe\\Assets\\File'),(78,'SilverStripe\\Versioned\\ChangeSetItem','2017-09-14 16:18:39','2017-09-14 16:18:39',1,1,'implicitly',39,6,'SilverStripe\\Assets\\File'),(79,'SilverStripe\\Versioned\\ChangeSetItem','2017-09-14 16:18:45','2017-09-14 16:18:45',4,4,'explicitly',40,10,'SilverStripe\\CMS\\Model\\SiteTree'),(80,'SilverStripe\\Versioned\\ChangeSetItem','2017-09-14 16:18:45','2017-09-14 16:18:45',1,1,'implicitly',40,3,'SilverStripe\\Assets\\File'),(81,'SilverStripe\\Versioned\\ChangeSetItem','2017-09-14 16:18:45','2017-09-14 16:18:45',1,1,'implicitly',40,4,'SilverStripe\\Assets\\File'),(82,'SilverStripe\\Versioned\\ChangeSetItem','2017-09-26 12:00:34','2017-09-26 12:00:34',0,1,'explicitly',41,13,'SilverStripe\\Assets\\File'),(83,'SilverStripe\\Versioned\\ChangeSetItem','2017-09-26 12:00:35','2017-09-26 12:00:34',0,1,'explicitly',42,22,'SilverStripe\\Assets\\File'),(84,'SilverStripe\\Versioned\\ChangeSetItem','2017-09-26 12:00:35','2017-09-26 12:00:35',0,1,'explicitly',43,23,'SilverStripe\\Assets\\File'),(85,'SilverStripe\\Versioned\\ChangeSetItem','2017-09-26 12:00:35','2017-09-26 12:00:35',0,1,'explicitly',44,14,'SilverStripe\\Assets\\File'),(86,'SilverStripe\\Versioned\\ChangeSetItem','2017-09-26 12:00:35','2017-09-26 12:00:35',0,1,'explicitly',45,15,'SilverStripe\\Assets\\File'),(87,'SilverStripe\\Versioned\\ChangeSetItem','2017-09-26 12:00:35','2017-09-26 12:00:35',0,1,'explicitly',46,16,'SilverStripe\\Assets\\File'),(88,'SilverStripe\\Versioned\\ChangeSetItem','2017-09-26 12:00:35','2017-09-26 12:00:35',0,1,'explicitly',47,17,'SilverStripe\\Assets\\File'),(89,'SilverStripe\\Versioned\\ChangeSetItem','2017-09-26 12:00:35','2017-09-26 12:00:35',0,1,'explicitly',48,18,'SilverStripe\\Assets\\File'),(90,'SilverStripe\\Versioned\\ChangeSetItem','2017-09-26 12:00:36','2017-09-26 12:00:35',0,1,'explicitly',49,19,'SilverStripe\\Assets\\File'),(91,'SilverStripe\\Versioned\\ChangeSetItem','2017-09-26 12:00:36','2017-09-26 12:00:36',0,1,'explicitly',50,20,'SilverStripe\\Assets\\File'),(92,'SilverStripe\\Versioned\\ChangeSetItem','2017-09-26 12:00:36','2017-09-26 12:00:36',0,1,'explicitly',51,21,'SilverStripe\\Assets\\File'),(93,'SilverStripe\\Versioned\\ChangeSetItem','2017-09-26 12:01:14','2017-09-26 12:01:14',0,1,'explicitly',52,101,'SilverStripe\\Lessons\\Property'),(94,'SilverStripe\\Versioned\\ChangeSetItem','2017-09-26 12:01:14','2017-09-26 12:01:14',1,1,'implicitly',52,22,'SilverStripe\\Assets\\File'),(95,'SilverStripe\\Versioned\\ChangeSetItem','2017-09-26 12:01:14','2017-09-26 12:01:14',0,1,'explicitly',53,102,'SilverStripe\\Lessons\\Property'),(96,'SilverStripe\\Versioned\\ChangeSetItem','2017-09-26 12:01:14','2017-09-26 12:01:14',1,1,'implicitly',53,14,'SilverStripe\\Assets\\File'),(97,'SilverStripe\\Versioned\\ChangeSetItem','2017-09-26 12:01:14','2017-09-26 12:01:14',0,1,'explicitly',54,103,'SilverStripe\\Lessons\\Property'),(98,'SilverStripe\\Versioned\\ChangeSetItem','2017-09-26 12:01:14','2017-09-26 12:01:14',1,1,'implicitly',54,20,'SilverStripe\\Assets\\File'),(99,'SilverStripe\\Versioned\\ChangeSetItem','2017-09-26 12:01:14','2017-09-26 12:01:14',0,1,'explicitly',55,104,'SilverStripe\\Lessons\\Property'),(100,'SilverStripe\\Versioned\\ChangeSetItem','2017-09-26 12:01:14','2017-09-26 12:01:14',1,1,'implicitly',55,23,'SilverStripe\\Assets\\File'),(101,'SilverStripe\\Versioned\\ChangeSetItem','2017-09-26 12:01:14','2017-09-26 12:01:14',0,1,'explicitly',56,105,'SilverStripe\\Lessons\\Property'),(102,'SilverStripe\\Versioned\\ChangeSetItem','2017-09-26 12:01:14','2017-09-26 12:01:14',1,1,'implicitly',56,16,'SilverStripe\\Assets\\File'),(103,'SilverStripe\\Versioned\\ChangeSetItem','2017-09-26 12:01:14','2017-09-26 12:01:14',0,1,'explicitly',57,106,'SilverStripe\\Lessons\\Property'),(104,'SilverStripe\\Versioned\\ChangeSetItem','2017-09-26 12:01:14','2017-09-26 12:01:14',1,1,'implicitly',57,17,'SilverStripe\\Assets\\File'),(105,'SilverStripe\\Versioned\\ChangeSetItem','2017-09-26 12:01:14','2017-09-26 12:01:14',0,1,'explicitly',58,107,'SilverStripe\\Lessons\\Property'),(106,'SilverStripe\\Versioned\\ChangeSetItem','2017-09-26 12:01:14','2017-09-26 12:01:14',1,1,'implicitly',58,17,'SilverStripe\\Assets\\File'),(107,'SilverStripe\\Versioned\\ChangeSetItem','2017-09-26 12:01:14','2017-09-26 12:01:14',0,1,'explicitly',59,108,'SilverStripe\\Lessons\\Property'),(108,'SilverStripe\\Versioned\\ChangeSetItem','2017-09-26 12:01:14','2017-09-26 12:01:14',1,1,'implicitly',59,15,'SilverStripe\\Assets\\File'),(109,'SilverStripe\\Versioned\\ChangeSetItem','2017-09-26 12:01:14','2017-09-26 12:01:14',0,1,'explicitly',60,109,'SilverStripe\\Lessons\\Property'),(110,'SilverStripe\\Versioned\\ChangeSetItem','2017-09-26 12:01:14','2017-09-26 12:01:14',1,1,'implicitly',60,14,'SilverStripe\\Assets\\File'),(111,'SilverStripe\\Versioned\\ChangeSetItem','2017-09-26 12:01:14','2017-09-26 12:01:14',0,1,'explicitly',61,110,'SilverStripe\\Lessons\\Property'),(112,'SilverStripe\\Versioned\\ChangeSetItem','2017-09-26 12:01:14','2017-09-26 12:01:14',1,1,'implicitly',61,18,'SilverStripe\\Assets\\File'),(113,'SilverStripe\\Versioned\\ChangeSetItem','2017-09-26 12:01:14','2017-09-26 12:01:14',0,1,'explicitly',62,111,'SilverStripe\\Lessons\\Property'),(114,'SilverStripe\\Versioned\\ChangeSetItem','2017-09-26 12:01:14','2017-09-26 12:01:14',1,1,'implicitly',62,21,'SilverStripe\\Assets\\File'),(115,'SilverStripe\\Versioned\\ChangeSetItem','2017-09-26 12:01:14','2017-09-26 12:01:14',0,1,'explicitly',63,112,'SilverStripe\\Lessons\\Property'),(116,'SilverStripe\\Versioned\\ChangeSetItem','2017-09-26 12:01:14','2017-09-26 12:01:14',1,1,'implicitly',63,13,'SilverStripe\\Assets\\File'),(117,'SilverStripe\\Versioned\\ChangeSetItem','2017-09-26 12:01:15','2017-09-26 12:01:14',0,1,'explicitly',64,113,'SilverStripe\\Lessons\\Property'),(118,'SilverStripe\\Versioned\\ChangeSetItem','2017-09-26 12:01:15','2017-09-26 12:01:14',1,1,'implicitly',64,20,'SilverStripe\\Assets\\File'),(119,'SilverStripe\\Versioned\\ChangeSetItem','2017-09-26 12:01:15','2017-09-26 12:01:15',0,1,'explicitly',65,114,'SilverStripe\\Lessons\\Property'),(120,'SilverStripe\\Versioned\\ChangeSetItem','2017-09-26 12:01:15','2017-09-26 12:01:15',1,1,'implicitly',65,13,'SilverStripe\\Assets\\File'),(121,'SilverStripe\\Versioned\\ChangeSetItem','2017-09-26 12:01:15','2017-09-26 12:01:15',0,1,'explicitly',66,115,'SilverStripe\\Lessons\\Property'),(122,'SilverStripe\\Versioned\\ChangeSetItem','2017-09-26 12:01:15','2017-09-26 12:01:15',1,1,'implicitly',66,17,'SilverStripe\\Assets\\File'),(123,'SilverStripe\\Versioned\\ChangeSetItem','2017-09-26 12:01:15','2017-09-26 12:01:15',0,1,'explicitly',67,116,'SilverStripe\\Lessons\\Property'),(124,'SilverStripe\\Versioned\\ChangeSetItem','2017-09-26 12:01:15','2017-09-26 12:01:15',1,1,'implicitly',67,23,'SilverStripe\\Assets\\File'),(125,'SilverStripe\\Versioned\\ChangeSetItem','2017-09-26 12:01:15','2017-09-26 12:01:15',0,1,'explicitly',68,117,'SilverStripe\\Lessons\\Property'),(126,'SilverStripe\\Versioned\\ChangeSetItem','2017-09-26 12:01:15','2017-09-26 12:01:15',1,1,'implicitly',68,19,'SilverStripe\\Assets\\File'),(127,'SilverStripe\\Versioned\\ChangeSetItem','2017-09-26 12:01:15','2017-09-26 12:01:15',0,1,'explicitly',69,118,'SilverStripe\\Lessons\\Property'),(128,'SilverStripe\\Versioned\\ChangeSetItem','2017-09-26 12:01:15','2017-09-26 12:01:15',1,1,'implicitly',69,17,'SilverStripe\\Assets\\File'),(129,'SilverStripe\\Versioned\\ChangeSetItem','2017-09-26 12:01:15','2017-09-26 12:01:15',0,1,'explicitly',70,119,'SilverStripe\\Lessons\\Property'),(130,'SilverStripe\\Versioned\\ChangeSetItem','2017-09-26 12:01:15','2017-09-26 12:01:15',1,1,'implicitly',70,14,'SilverStripe\\Assets\\File'),(131,'SilverStripe\\Versioned\\ChangeSetItem','2017-09-26 12:01:15','2017-09-26 12:01:15',0,1,'explicitly',71,120,'SilverStripe\\Lessons\\Property'),(132,'SilverStripe\\Versioned\\ChangeSetItem','2017-09-26 12:01:15','2017-09-26 12:01:15',1,1,'implicitly',71,19,'SilverStripe\\Assets\\File'),(133,'SilverStripe\\Versioned\\ChangeSetItem','2017-09-26 12:01:15','2017-09-26 12:01:15',0,1,'explicitly',72,121,'SilverStripe\\Lessons\\Property'),(134,'SilverStripe\\Versioned\\ChangeSetItem','2017-09-26 12:01:15','2017-09-26 12:01:15',1,1,'implicitly',72,19,'SilverStripe\\Assets\\File'),(135,'SilverStripe\\Versioned\\ChangeSetItem','2017-09-26 12:01:15','2017-09-26 12:01:15',0,1,'explicitly',73,122,'SilverStripe\\Lessons\\Property'),(136,'SilverStripe\\Versioned\\ChangeSetItem','2017-09-26 12:01:15','2017-09-26 12:01:15',1,1,'implicitly',73,19,'SilverStripe\\Assets\\File'),(137,'SilverStripe\\Versioned\\ChangeSetItem','2017-09-26 12:01:15','2017-09-26 12:01:15',0,1,'explicitly',74,123,'SilverStripe\\Lessons\\Property'),(138,'SilverStripe\\Versioned\\ChangeSetItem','2017-09-26 12:01:15','2017-09-26 12:01:15',1,1,'implicitly',74,19,'SilverStripe\\Assets\\File'),(139,'SilverStripe\\Versioned\\ChangeSetItem','2017-09-26 12:01:15','2017-09-26 12:01:15',0,1,'explicitly',75,124,'SilverStripe\\Lessons\\Property'),(140,'SilverStripe\\Versioned\\ChangeSetItem','2017-09-26 12:01:15','2017-09-26 12:01:15',1,1,'implicitly',75,17,'SilverStripe\\Assets\\File'),(141,'SilverStripe\\Versioned\\ChangeSetItem','2017-09-26 12:01:15','2017-09-26 12:01:15',0,1,'explicitly',76,125,'SilverStripe\\Lessons\\Property'),(142,'SilverStripe\\Versioned\\ChangeSetItem','2017-09-26 12:01:15','2017-09-26 12:01:15',1,1,'implicitly',76,16,'SilverStripe\\Assets\\File'),(143,'SilverStripe\\Versioned\\ChangeSetItem','2017-09-26 12:01:15','2017-09-26 12:01:15',0,1,'explicitly',77,126,'SilverStripe\\Lessons\\Property'),(144,'SilverStripe\\Versioned\\ChangeSetItem','2017-09-26 12:01:15','2017-09-26 12:01:15',1,1,'implicitly',77,17,'SilverStripe\\Assets\\File'),(145,'SilverStripe\\Versioned\\ChangeSetItem','2017-09-26 12:01:15','2017-09-26 12:01:15',0,1,'explicitly',78,127,'SilverStripe\\Lessons\\Property'),(146,'SilverStripe\\Versioned\\ChangeSetItem','2017-09-26 12:01:15','2017-09-26 12:01:15',1,1,'implicitly',78,16,'SilverStripe\\Assets\\File'),(147,'SilverStripe\\Versioned\\ChangeSetItem','2017-09-26 12:01:15','2017-09-26 12:01:15',0,1,'explicitly',79,128,'SilverStripe\\Lessons\\Property'),(148,'SilverStripe\\Versioned\\ChangeSetItem','2017-09-26 12:01:15','2017-09-26 12:01:15',1,1,'implicitly',79,19,'SilverStripe\\Assets\\File'),(149,'SilverStripe\\Versioned\\ChangeSetItem','2017-09-26 12:01:15','2017-09-26 12:01:15',0,1,'explicitly',80,129,'SilverStripe\\Lessons\\Property'),(150,'SilverStripe\\Versioned\\ChangeSetItem','2017-09-26 12:01:15','2017-09-26 12:01:15',1,1,'implicitly',80,22,'SilverStripe\\Assets\\File'),(151,'SilverStripe\\Versioned\\ChangeSetItem','2017-09-26 12:01:15','2017-09-26 12:01:15',0,1,'explicitly',81,130,'SilverStripe\\Lessons\\Property'),(152,'SilverStripe\\Versioned\\ChangeSetItem','2017-09-26 12:01:15','2017-09-26 12:01:15',1,1,'implicitly',81,15,'SilverStripe\\Assets\\File'),(153,'SilverStripe\\Versioned\\ChangeSetItem','2017-09-26 12:01:15','2017-09-26 12:01:15',0,1,'explicitly',82,131,'SilverStripe\\Lessons\\Property'),(154,'SilverStripe\\Versioned\\ChangeSetItem','2017-09-26 12:01:15','2017-09-26 12:01:15',1,1,'implicitly',82,22,'SilverStripe\\Assets\\File'),(155,'SilverStripe\\Versioned\\ChangeSetItem','2017-09-26 12:01:15','2017-09-26 12:01:15',0,1,'explicitly',83,132,'SilverStripe\\Lessons\\Property'),(156,'SilverStripe\\Versioned\\ChangeSetItem','2017-09-26 12:01:15','2017-09-26 12:01:15',1,1,'implicitly',83,23,'SilverStripe\\Assets\\File'),(157,'SilverStripe\\Versioned\\ChangeSetItem','2017-09-26 12:01:15','2017-09-26 12:01:15',0,1,'explicitly',84,133,'SilverStripe\\Lessons\\Property'),(158,'SilverStripe\\Versioned\\ChangeSetItem','2017-09-26 12:01:15','2017-09-26 12:01:15',1,1,'implicitly',84,21,'SilverStripe\\Assets\\File'),(159,'SilverStripe\\Versioned\\ChangeSetItem','2017-09-26 12:01:16','2017-09-26 12:01:15',0,1,'explicitly',85,134,'SilverStripe\\Lessons\\Property'),(160,'SilverStripe\\Versioned\\ChangeSetItem','2017-09-26 12:01:16','2017-09-26 12:01:16',1,1,'implicitly',85,14,'SilverStripe\\Assets\\File'),(161,'SilverStripe\\Versioned\\ChangeSetItem','2017-09-26 12:01:16','2017-09-26 12:01:16',0,1,'explicitly',86,135,'SilverStripe\\Lessons\\Property'),(162,'SilverStripe\\Versioned\\ChangeSetItem','2017-09-26 12:01:16','2017-09-26 12:01:16',1,1,'implicitly',86,13,'SilverStripe\\Assets\\File'),(163,'SilverStripe\\Versioned\\ChangeSetItem','2017-09-26 12:01:16','2017-09-26 12:01:16',0,1,'explicitly',87,136,'SilverStripe\\Lessons\\Property'),(164,'SilverStripe\\Versioned\\ChangeSetItem','2017-09-26 12:01:16','2017-09-26 12:01:16',1,1,'implicitly',87,21,'SilverStripe\\Assets\\File'),(165,'SilverStripe\\Versioned\\ChangeSetItem','2017-09-26 12:01:16','2017-09-26 12:01:16',0,1,'explicitly',88,137,'SilverStripe\\Lessons\\Property'),(166,'SilverStripe\\Versioned\\ChangeSetItem','2017-09-26 12:01:16','2017-09-26 12:01:16',1,1,'implicitly',88,22,'SilverStripe\\Assets\\File'),(167,'SilverStripe\\Versioned\\ChangeSetItem','2017-09-26 12:01:16','2017-09-26 12:01:16',0,1,'explicitly',89,138,'SilverStripe\\Lessons\\Property'),(168,'SilverStripe\\Versioned\\ChangeSetItem','2017-09-26 12:01:16','2017-09-26 12:01:16',1,1,'implicitly',89,20,'SilverStripe\\Assets\\File'),(169,'SilverStripe\\Versioned\\ChangeSetItem','2017-09-26 12:01:16','2017-09-26 12:01:16',0,1,'explicitly',90,139,'SilverStripe\\Lessons\\Property'),(170,'SilverStripe\\Versioned\\ChangeSetItem','2017-09-26 12:01:16','2017-09-26 12:01:16',1,1,'implicitly',90,15,'SilverStripe\\Assets\\File'),(171,'SilverStripe\\Versioned\\ChangeSetItem','2017-09-26 12:01:16','2017-09-26 12:01:16',0,1,'explicitly',91,140,'SilverStripe\\Lessons\\Property'),(172,'SilverStripe\\Versioned\\ChangeSetItem','2017-09-26 12:01:16','2017-09-26 12:01:16',1,1,'implicitly',91,14,'SilverStripe\\Assets\\File'),(173,'SilverStripe\\Versioned\\ChangeSetItem','2017-09-26 12:01:16','2017-09-26 12:01:16',0,1,'explicitly',92,141,'SilverStripe\\Lessons\\Property'),(174,'SilverStripe\\Versioned\\ChangeSetItem','2017-09-26 12:01:16','2017-09-26 12:01:16',1,1,'implicitly',92,19,'SilverStripe\\Assets\\File'),(175,'SilverStripe\\Versioned\\ChangeSetItem','2017-09-26 12:01:16','2017-09-26 12:01:16',0,1,'explicitly',93,142,'SilverStripe\\Lessons\\Property'),(176,'SilverStripe\\Versioned\\ChangeSetItem','2017-09-26 12:01:16','2017-09-26 12:01:16',1,1,'implicitly',93,16,'SilverStripe\\Assets\\File'),(177,'SilverStripe\\Versioned\\ChangeSetItem','2017-09-26 12:01:16','2017-09-26 12:01:16',0,1,'explicitly',94,143,'SilverStripe\\Lessons\\Property'),(178,'SilverStripe\\Versioned\\ChangeSetItem','2017-09-26 12:01:16','2017-09-26 12:01:16',1,1,'implicitly',94,21,'SilverStripe\\Assets\\File'),(179,'SilverStripe\\Versioned\\ChangeSetItem','2017-09-26 12:01:16','2017-09-26 12:01:16',0,1,'explicitly',95,144,'SilverStripe\\Lessons\\Property'),(180,'SilverStripe\\Versioned\\ChangeSetItem','2017-09-26 12:01:16','2017-09-26 12:01:16',1,1,'implicitly',95,17,'SilverStripe\\Assets\\File'),(181,'SilverStripe\\Versioned\\ChangeSetItem','2017-09-26 12:01:16','2017-09-26 12:01:16',0,1,'explicitly',96,145,'SilverStripe\\Lessons\\Property'),(182,'SilverStripe\\Versioned\\ChangeSetItem','2017-09-26 12:01:16','2017-09-26 12:01:16',1,1,'implicitly',96,19,'SilverStripe\\Assets\\File'),(183,'SilverStripe\\Versioned\\ChangeSetItem','2017-09-26 12:01:16','2017-09-26 12:01:16',0,1,'explicitly',97,146,'SilverStripe\\Lessons\\Property'),(184,'SilverStripe\\Versioned\\ChangeSetItem','2017-09-26 12:01:16','2017-09-26 12:01:16',1,1,'implicitly',97,17,'SilverStripe\\Assets\\File'),(185,'SilverStripe\\Versioned\\ChangeSetItem','2017-09-26 12:01:16','2017-09-26 12:01:16',0,1,'explicitly',98,147,'SilverStripe\\Lessons\\Property'),(186,'SilverStripe\\Versioned\\ChangeSetItem','2017-09-26 12:01:16','2017-09-26 12:01:16',1,1,'implicitly',98,17,'SilverStripe\\Assets\\File'),(187,'SilverStripe\\Versioned\\ChangeSetItem','2017-09-26 12:01:16','2017-09-26 12:01:16',0,1,'explicitly',99,148,'SilverStripe\\Lessons\\Property'),(188,'SilverStripe\\Versioned\\ChangeSetItem','2017-09-26 12:01:16','2017-09-26 12:01:16',1,1,'implicitly',99,20,'SilverStripe\\Assets\\File'),(189,'SilverStripe\\Versioned\\ChangeSetItem','2017-09-26 12:01:16','2017-09-26 12:01:16',0,1,'explicitly',100,149,'SilverStripe\\Lessons\\Property'),(190,'SilverStripe\\Versioned\\ChangeSetItem','2017-09-26 12:01:16','2017-09-26 12:01:16',1,1,'implicitly',100,14,'SilverStripe\\Assets\\File'),(191,'SilverStripe\\Versioned\\ChangeSetItem','2017-09-26 12:01:16','2017-09-26 12:01:16',0,1,'explicitly',101,150,'SilverStripe\\Lessons\\Property'),(192,'SilverStripe\\Versioned\\ChangeSetItem','2017-09-26 12:01:16','2017-09-26 12:01:16',1,1,'implicitly',101,14,'SilverStripe\\Assets\\File'),(193,'SilverStripe\\Versioned\\ChangeSetItem','2017-09-26 12:01:16','2017-09-26 12:01:16',0,1,'explicitly',102,151,'SilverStripe\\Lessons\\Property'),(194,'SilverStripe\\Versioned\\ChangeSetItem','2017-09-26 12:01:16','2017-09-26 12:01:16',1,1,'implicitly',102,21,'SilverStripe\\Assets\\File'),(195,'SilverStripe\\Versioned\\ChangeSetItem','2017-09-26 12:01:16','2017-09-26 12:01:16',0,1,'explicitly',103,152,'SilverStripe\\Lessons\\Property'),(196,'SilverStripe\\Versioned\\ChangeSetItem','2017-09-26 12:01:16','2017-09-26 12:01:16',1,1,'implicitly',103,13,'SilverStripe\\Assets\\File'),(197,'SilverStripe\\Versioned\\ChangeSetItem','2017-09-26 12:01:16','2017-09-26 12:01:16',0,1,'explicitly',104,153,'SilverStripe\\Lessons\\Property'),(198,'SilverStripe\\Versioned\\ChangeSetItem','2017-09-26 12:01:16','2017-09-26 12:01:16',1,1,'implicitly',104,18,'SilverStripe\\Assets\\File'),(199,'SilverStripe\\Versioned\\ChangeSetItem','2017-09-26 12:01:16','2017-09-26 12:01:16',0,1,'explicitly',105,154,'SilverStripe\\Lessons\\Property'),(200,'SilverStripe\\Versioned\\ChangeSetItem','2017-09-26 12:01:16','2017-09-26 12:01:16',1,1,'implicitly',105,16,'SilverStripe\\Assets\\File'),(201,'SilverStripe\\Versioned\\ChangeSetItem','2017-09-26 12:01:17','2017-09-26 12:01:16',0,1,'explicitly',106,155,'SilverStripe\\Lessons\\Property'),(202,'SilverStripe\\Versioned\\ChangeSetItem','2017-09-26 12:01:17','2017-09-26 12:01:16',1,1,'implicitly',106,17,'SilverStripe\\Assets\\File'),(203,'SilverStripe\\Versioned\\ChangeSetItem','2017-09-26 12:01:17','2017-09-26 12:01:17',0,1,'explicitly',107,156,'SilverStripe\\Lessons\\Property'),(204,'SilverStripe\\Versioned\\ChangeSetItem','2017-09-26 12:01:17','2017-09-26 12:01:17',1,1,'implicitly',107,15,'SilverStripe\\Assets\\File'),(205,'SilverStripe\\Versioned\\ChangeSetItem','2017-09-26 12:01:17','2017-09-26 12:01:17',0,1,'explicitly',108,157,'SilverStripe\\Lessons\\Property'),(206,'SilverStripe\\Versioned\\ChangeSetItem','2017-09-26 12:01:17','2017-09-26 12:01:17',1,1,'implicitly',108,16,'SilverStripe\\Assets\\File'),(207,'SilverStripe\\Versioned\\ChangeSetItem','2017-09-26 12:01:17','2017-09-26 12:01:17',0,1,'explicitly',109,158,'SilverStripe\\Lessons\\Property'),(208,'SilverStripe\\Versioned\\ChangeSetItem','2017-09-26 12:01:17','2017-09-26 12:01:17',1,1,'implicitly',109,18,'SilverStripe\\Assets\\File'),(209,'SilverStripe\\Versioned\\ChangeSetItem','2017-09-26 12:01:17','2017-09-26 12:01:17',0,1,'explicitly',110,159,'SilverStripe\\Lessons\\Property'),(210,'SilverStripe\\Versioned\\ChangeSetItem','2017-09-26 12:01:17','2017-09-26 12:01:17',1,1,'implicitly',110,16,'SilverStripe\\Assets\\File'),(211,'SilverStripe\\Versioned\\ChangeSetItem','2017-09-26 12:01:17','2017-09-26 12:01:17',0,1,'explicitly',111,160,'SilverStripe\\Lessons\\Property'),(212,'SilverStripe\\Versioned\\ChangeSetItem','2017-09-26 12:01:17','2017-09-26 12:01:17',1,1,'implicitly',111,18,'SilverStripe\\Assets\\File'),(213,'SilverStripe\\Versioned\\ChangeSetItem','2017-09-26 12:01:17','2017-09-26 12:01:17',0,1,'explicitly',112,161,'SilverStripe\\Lessons\\Property'),(214,'SilverStripe\\Versioned\\ChangeSetItem','2017-09-26 12:01:17','2017-09-26 12:01:17',1,1,'implicitly',112,21,'SilverStripe\\Assets\\File'),(215,'SilverStripe\\Versioned\\ChangeSetItem','2017-09-26 12:01:17','2017-09-26 12:01:17',0,1,'explicitly',113,162,'SilverStripe\\Lessons\\Property'),(216,'SilverStripe\\Versioned\\ChangeSetItem','2017-09-26 12:01:17','2017-09-26 12:01:17',1,1,'implicitly',113,13,'SilverStripe\\Assets\\File'),(217,'SilverStripe\\Versioned\\ChangeSetItem','2017-09-26 12:01:17','2017-09-26 12:01:17',0,1,'explicitly',114,163,'SilverStripe\\Lessons\\Property'),(218,'SilverStripe\\Versioned\\ChangeSetItem','2017-09-26 12:01:17','2017-09-26 12:01:17',1,1,'implicitly',114,13,'SilverStripe\\Assets\\File'),(219,'SilverStripe\\Versioned\\ChangeSetItem','2017-09-26 12:01:17','2017-09-26 12:01:17',0,1,'explicitly',115,164,'SilverStripe\\Lessons\\Property'),(220,'SilverStripe\\Versioned\\ChangeSetItem','2017-09-26 12:01:17','2017-09-26 12:01:17',1,1,'implicitly',115,20,'SilverStripe\\Assets\\File'),(221,'SilverStripe\\Versioned\\ChangeSetItem','2017-09-26 12:01:17','2017-09-26 12:01:17',0,1,'explicitly',116,165,'SilverStripe\\Lessons\\Property'),(222,'SilverStripe\\Versioned\\ChangeSetItem','2017-09-26 12:01:17','2017-09-26 12:01:17',1,1,'implicitly',116,22,'SilverStripe\\Assets\\File'),(223,'SilverStripe\\Versioned\\ChangeSetItem','2017-09-26 12:01:17','2017-09-26 12:01:17',0,1,'explicitly',117,166,'SilverStripe\\Lessons\\Property'),(224,'SilverStripe\\Versioned\\ChangeSetItem','2017-09-26 12:01:17','2017-09-26 12:01:17',1,1,'implicitly',117,20,'SilverStripe\\Assets\\File'),(225,'SilverStripe\\Versioned\\ChangeSetItem','2017-09-26 12:01:17','2017-09-26 12:01:17',0,1,'explicitly',118,167,'SilverStripe\\Lessons\\Property'),(226,'SilverStripe\\Versioned\\ChangeSetItem','2017-09-26 12:01:17','2017-09-26 12:01:17',1,1,'implicitly',118,23,'SilverStripe\\Assets\\File'),(227,'SilverStripe\\Versioned\\ChangeSetItem','2017-09-26 12:01:17','2017-09-26 12:01:17',0,1,'explicitly',119,168,'SilverStripe\\Lessons\\Property'),(228,'SilverStripe\\Versioned\\ChangeSetItem','2017-09-26 12:01:17','2017-09-26 12:01:17',1,1,'implicitly',119,22,'SilverStripe\\Assets\\File'),(229,'SilverStripe\\Versioned\\ChangeSetItem','2017-09-26 12:01:17','2017-09-26 12:01:17',0,1,'explicitly',120,169,'SilverStripe\\Lessons\\Property'),(230,'SilverStripe\\Versioned\\ChangeSetItem','2017-09-26 12:01:17','2017-09-26 12:01:17',1,1,'implicitly',120,22,'SilverStripe\\Assets\\File'),(231,'SilverStripe\\Versioned\\ChangeSetItem','2017-09-26 12:01:17','2017-09-26 12:01:17',0,1,'explicitly',121,170,'SilverStripe\\Lessons\\Property'),(232,'SilverStripe\\Versioned\\ChangeSetItem','2017-09-26 12:01:17','2017-09-26 12:01:17',1,1,'implicitly',121,22,'SilverStripe\\Assets\\File'),(233,'SilverStripe\\Versioned\\ChangeSetItem','2017-09-26 12:01:17','2017-09-26 12:01:17',0,1,'explicitly',122,171,'SilverStripe\\Lessons\\Property'),(234,'SilverStripe\\Versioned\\ChangeSetItem','2017-09-26 12:01:17','2017-09-26 12:01:17',1,1,'implicitly',122,18,'SilverStripe\\Assets\\File'),(235,'SilverStripe\\Versioned\\ChangeSetItem','2017-09-26 12:01:17','2017-09-26 12:01:17',0,1,'explicitly',123,172,'SilverStripe\\Lessons\\Property'),(236,'SilverStripe\\Versioned\\ChangeSetItem','2017-09-26 12:01:17','2017-09-26 12:01:17',1,1,'implicitly',123,20,'SilverStripe\\Assets\\File'),(237,'SilverStripe\\Versioned\\ChangeSetItem','2017-09-26 12:01:17','2017-09-26 12:01:17',0,1,'explicitly',124,173,'SilverStripe\\Lessons\\Property'),(238,'SilverStripe\\Versioned\\ChangeSetItem','2017-09-26 12:01:17','2017-09-26 12:01:17',1,1,'implicitly',124,21,'SilverStripe\\Assets\\File'),(239,'SilverStripe\\Versioned\\ChangeSetItem','2017-09-26 12:01:17','2017-09-26 12:01:17',0,1,'explicitly',125,174,'SilverStripe\\Lessons\\Property'),(240,'SilverStripe\\Versioned\\ChangeSetItem','2017-09-26 12:01:17','2017-09-26 12:01:17',1,1,'implicitly',125,18,'SilverStripe\\Assets\\File'),(241,'SilverStripe\\Versioned\\ChangeSetItem','2017-09-26 12:01:17','2017-09-26 12:01:17',0,1,'explicitly',126,175,'SilverStripe\\Lessons\\Property'),(242,'SilverStripe\\Versioned\\ChangeSetItem','2017-09-26 12:01:17','2017-09-26 12:01:17',1,1,'implicitly',126,18,'SilverStripe\\Assets\\File'),(243,'SilverStripe\\Versioned\\ChangeSetItem','2017-09-26 12:01:18','2017-09-26 12:01:17',0,1,'explicitly',127,176,'SilverStripe\\Lessons\\Property'),(244,'SilverStripe\\Versioned\\ChangeSetItem','2017-09-26 12:01:18','2017-09-26 12:01:17',1,1,'implicitly',127,20,'SilverStripe\\Assets\\File'),(245,'SilverStripe\\Versioned\\ChangeSetItem','2017-09-26 12:01:18','2017-09-26 12:01:18',0,1,'explicitly',128,177,'SilverStripe\\Lessons\\Property'),(246,'SilverStripe\\Versioned\\ChangeSetItem','2017-09-26 12:01:18','2017-09-26 12:01:18',1,1,'implicitly',128,19,'SilverStripe\\Assets\\File'),(247,'SilverStripe\\Versioned\\ChangeSetItem','2017-09-26 12:01:18','2017-09-26 12:01:18',0,1,'explicitly',129,178,'SilverStripe\\Lessons\\Property'),(248,'SilverStripe\\Versioned\\ChangeSetItem','2017-09-26 12:01:18','2017-09-26 12:01:18',1,1,'implicitly',129,13,'SilverStripe\\Assets\\File'),(249,'SilverStripe\\Versioned\\ChangeSetItem','2017-09-26 12:01:18','2017-09-26 12:01:18',0,1,'explicitly',130,179,'SilverStripe\\Lessons\\Property'),(250,'SilverStripe\\Versioned\\ChangeSetItem','2017-09-26 12:01:18','2017-09-26 12:01:18',1,1,'implicitly',130,22,'SilverStripe\\Assets\\File'),(251,'SilverStripe\\Versioned\\ChangeSetItem','2017-09-26 12:01:18','2017-09-26 12:01:18',0,1,'explicitly',131,180,'SilverStripe\\Lessons\\Property'),(252,'SilverStripe\\Versioned\\ChangeSetItem','2017-09-26 12:01:18','2017-09-26 12:01:18',1,1,'implicitly',131,19,'SilverStripe\\Assets\\File'),(253,'SilverStripe\\Versioned\\ChangeSetItem','2017-09-26 12:01:18','2017-09-26 12:01:18',0,1,'explicitly',132,181,'SilverStripe\\Lessons\\Property'),(254,'SilverStripe\\Versioned\\ChangeSetItem','2017-09-26 12:01:18','2017-09-26 12:01:18',1,1,'implicitly',132,13,'SilverStripe\\Assets\\File'),(255,'SilverStripe\\Versioned\\ChangeSetItem','2017-09-26 12:01:18','2017-09-26 12:01:18',0,1,'explicitly',133,182,'SilverStripe\\Lessons\\Property'),(256,'SilverStripe\\Versioned\\ChangeSetItem','2017-09-26 12:01:18','2017-09-26 12:01:18',1,1,'implicitly',133,20,'SilverStripe\\Assets\\File'),(257,'SilverStripe\\Versioned\\ChangeSetItem','2017-09-26 12:01:18','2017-09-26 12:01:18',0,1,'explicitly',134,183,'SilverStripe\\Lessons\\Property'),(258,'SilverStripe\\Versioned\\ChangeSetItem','2017-09-26 12:01:18','2017-09-26 12:01:18',1,1,'implicitly',134,13,'SilverStripe\\Assets\\File'),(259,'SilverStripe\\Versioned\\ChangeSetItem','2017-09-26 12:01:18','2017-09-26 12:01:18',0,1,'explicitly',135,184,'SilverStripe\\Lessons\\Property'),(260,'SilverStripe\\Versioned\\ChangeSetItem','2017-09-26 12:01:18','2017-09-26 12:01:18',1,1,'implicitly',135,14,'SilverStripe\\Assets\\File'),(261,'SilverStripe\\Versioned\\ChangeSetItem','2017-09-26 12:01:18','2017-09-26 12:01:18',0,1,'explicitly',136,185,'SilverStripe\\Lessons\\Property'),(262,'SilverStripe\\Versioned\\ChangeSetItem','2017-09-26 12:01:18','2017-09-26 12:01:18',1,1,'implicitly',136,22,'SilverStripe\\Assets\\File'),(263,'SilverStripe\\Versioned\\ChangeSetItem','2017-09-26 12:01:18','2017-09-26 12:01:18',0,1,'explicitly',137,186,'SilverStripe\\Lessons\\Property'),(264,'SilverStripe\\Versioned\\ChangeSetItem','2017-09-26 12:01:18','2017-09-26 12:01:18',1,1,'implicitly',137,19,'SilverStripe\\Assets\\File'),(265,'SilverStripe\\Versioned\\ChangeSetItem','2017-09-26 12:01:18','2017-09-26 12:01:18',0,1,'explicitly',138,187,'SilverStripe\\Lessons\\Property'),(266,'SilverStripe\\Versioned\\ChangeSetItem','2017-09-26 12:01:18','2017-09-26 12:01:18',1,1,'implicitly',138,17,'SilverStripe\\Assets\\File'),(267,'SilverStripe\\Versioned\\ChangeSetItem','2017-09-26 12:01:18','2017-09-26 12:01:18',0,1,'explicitly',139,188,'SilverStripe\\Lessons\\Property'),(268,'SilverStripe\\Versioned\\ChangeSetItem','2017-09-26 12:01:18','2017-09-26 12:01:18',1,1,'implicitly',139,19,'SilverStripe\\Assets\\File'),(269,'SilverStripe\\Versioned\\ChangeSetItem','2017-09-26 12:01:18','2017-09-26 12:01:18',0,1,'explicitly',140,189,'SilverStripe\\Lessons\\Property'),(270,'SilverStripe\\Versioned\\ChangeSetItem','2017-09-26 12:01:18','2017-09-26 12:01:18',1,1,'implicitly',140,23,'SilverStripe\\Assets\\File'),(271,'SilverStripe\\Versioned\\ChangeSetItem','2017-09-26 12:01:18','2017-09-26 12:01:18',0,1,'explicitly',141,190,'SilverStripe\\Lessons\\Property'),(272,'SilverStripe\\Versioned\\ChangeSetItem','2017-09-26 12:01:18','2017-09-26 12:01:18',1,1,'implicitly',141,14,'SilverStripe\\Assets\\File'),(273,'SilverStripe\\Versioned\\ChangeSetItem','2017-09-26 12:01:18','2017-09-26 12:01:18',0,1,'explicitly',142,191,'SilverStripe\\Lessons\\Property'),(274,'SilverStripe\\Versioned\\ChangeSetItem','2017-09-26 12:01:18','2017-09-26 12:01:18',1,1,'implicitly',142,21,'SilverStripe\\Assets\\File'),(275,'SilverStripe\\Versioned\\ChangeSetItem','2017-09-26 12:01:18','2017-09-26 12:01:18',0,1,'explicitly',143,192,'SilverStripe\\Lessons\\Property'),(276,'SilverStripe\\Versioned\\ChangeSetItem','2017-09-26 12:01:18','2017-09-26 12:01:18',1,1,'implicitly',143,23,'SilverStripe\\Assets\\File'),(277,'SilverStripe\\Versioned\\ChangeSetItem','2017-09-26 12:01:18','2017-09-26 12:01:18',0,1,'explicitly',144,193,'SilverStripe\\Lessons\\Property'),(278,'SilverStripe\\Versioned\\ChangeSetItem','2017-09-26 12:01:18','2017-09-26 12:01:18',1,1,'implicitly',144,15,'SilverStripe\\Assets\\File'),(279,'SilverStripe\\Versioned\\ChangeSetItem','2017-09-26 12:01:18','2017-09-26 12:01:18',0,1,'explicitly',145,194,'SilverStripe\\Lessons\\Property'),(280,'SilverStripe\\Versioned\\ChangeSetItem','2017-09-26 12:01:18','2017-09-26 12:01:18',1,1,'implicitly',145,22,'SilverStripe\\Assets\\File'),(281,'SilverStripe\\Versioned\\ChangeSetItem','2017-09-26 12:01:18','2017-09-26 12:01:18',0,1,'explicitly',146,195,'SilverStripe\\Lessons\\Property'),(282,'SilverStripe\\Versioned\\ChangeSetItem','2017-09-26 12:01:18','2017-09-26 12:01:18',1,1,'implicitly',146,13,'SilverStripe\\Assets\\File'),(283,'SilverStripe\\Versioned\\ChangeSetItem','2017-09-26 12:01:18','2017-09-26 12:01:18',0,1,'explicitly',147,196,'SilverStripe\\Lessons\\Property'),(284,'SilverStripe\\Versioned\\ChangeSetItem','2017-09-26 12:01:18','2017-09-26 12:01:18',1,1,'implicitly',147,17,'SilverStripe\\Assets\\File'),(285,'SilverStripe\\Versioned\\ChangeSetItem','2017-09-26 12:01:19','2017-09-26 12:01:18',0,1,'explicitly',148,197,'SilverStripe\\Lessons\\Property'),(286,'SilverStripe\\Versioned\\ChangeSetItem','2017-09-26 12:01:19','2017-09-26 12:01:19',1,1,'implicitly',148,22,'SilverStripe\\Assets\\File'),(287,'SilverStripe\\Versioned\\ChangeSetItem','2017-09-26 12:01:19','2017-09-26 12:01:19',0,1,'explicitly',149,198,'SilverStripe\\Lessons\\Property'),(288,'SilverStripe\\Versioned\\ChangeSetItem','2017-09-26 12:01:19','2017-09-26 12:01:19',1,1,'implicitly',149,17,'SilverStripe\\Assets\\File'),(289,'SilverStripe\\Versioned\\ChangeSetItem','2017-09-26 12:01:19','2017-09-26 12:01:19',0,1,'explicitly',150,199,'SilverStripe\\Lessons\\Property'),(290,'SilverStripe\\Versioned\\ChangeSetItem','2017-09-26 12:01:19','2017-09-26 12:01:19',1,1,'implicitly',150,13,'SilverStripe\\Assets\\File'),(291,'SilverStripe\\Versioned\\ChangeSetItem','2017-09-26 12:01:19','2017-09-26 12:01:19',0,1,'explicitly',151,200,'SilverStripe\\Lessons\\Property'),(292,'SilverStripe\\Versioned\\ChangeSetItem','2017-09-26 12:01:19','2017-09-26 12:01:19',1,1,'implicitly',151,13,'SilverStripe\\Assets\\File'),(293,'SilverStripe\\Versioned\\ChangeSetItem','2017-09-26 12:27:46','2017-09-26 12:27:46',1,2,'explicitly',152,1,'SilverStripe\\Lessons\\Region'),(294,'SilverStripe\\Versioned\\ChangeSetItem','2017-09-26 12:27:46','2017-09-26 12:27:46',1,1,'implicitly',152,11,'SilverStripe\\Assets\\File'),(295,'SilverStripe\\Versioned\\ChangeSetItem','2017-09-26 12:28:06','2017-09-26 12:28:06',1,2,'explicitly',153,2,'SilverStripe\\Lessons\\Region'),(296,'SilverStripe\\Versioned\\ChangeSetItem','2017-09-26 12:28:06','2017-09-26 12:28:06',1,1,'implicitly',153,10,'SilverStripe\\Assets\\File'),(297,'SilverStripe\\Versioned\\ChangeSetItem','2017-09-26 12:28:42','2017-09-26 12:28:42',1,2,'explicitly',154,3,'SilverStripe\\Lessons\\Region'),(298,'SilverStripe\\Versioned\\ChangeSetItem','2017-09-26 12:28:42','2017-09-26 12:28:42',1,1,'implicitly',154,8,'SilverStripe\\Assets\\File'),(299,'SilverStripe\\Versioned\\ChangeSetItem','2017-09-26 12:29:14','2017-09-26 12:29:14',1,2,'explicitly',155,4,'SilverStripe\\Lessons\\Region'),(300,'SilverStripe\\Versioned\\ChangeSetItem','2017-09-26 12:29:14','2017-09-26 12:29:14',1,1,'implicitly',155,9,'SilverStripe\\Assets\\File');
/*!40000 ALTER TABLE `ChangeSetItem` ENABLE KEYS */;
UNLOCK TABLES;

--
-- Table structure for table `ChangeSetItem_ReferencedBy`
--

DROP TABLE IF EXISTS `ChangeSetItem_ReferencedBy`;
/*!40101 SET @saved_cs_client     = @@character_set_client */;
/*!40101 SET character_set_client = utf8 */;
CREATE TABLE `ChangeSetItem_ReferencedBy` (
  `ID` int(11) NOT NULL AUTO_INCREMENT,
  `ChangeSetItemID` int(11) NOT NULL DEFAULT '0',
  `ChildID` int(11) NOT NULL DEFAULT '0',
  PRIMARY KEY (`ID`),
  KEY `ChangeSetItemID` (`ChangeSetItemID`),
  KEY `ChildID` (`ChildID`)
) ENGINE=InnoDB AUTO_INCREMENT=146 DEFAULT CHARSET=utf8;
/*!40101 SET character_set_client = @saved_cs_client */;

--
-- Dumping data for table `ChangeSetItem_ReferencedBy`
--

LOCK TABLES `ChangeSetItem_ReferencedBy` WRITE;
/*!40000 ALTER TABLE `ChangeSetItem_ReferencedBy` DISABLE KEYS */;
INSERT INTO `ChangeSetItem_ReferencedBy` VALUES (1,21,20),(2,22,20),(3,24,23),(4,25,23),(5,29,28),(6,30,28),(7,31,28),(8,32,28),(9,34,33),(10,35,33),(11,36,33),(12,37,33),(13,41,40),(14,42,40),(15,43,40),(16,44,40),(17,47,46),(18,48,46),(19,50,49),(20,51,49),(21,52,49),(22,53,49),(23,55,54),(24,56,54),(25,57,54),(26,58,54),(27,59,54),(28,60,54),(29,61,54),(30,62,54),(31,64,63),(32,66,65),(33,68,67),(34,70,69),(35,72,71),(36,74,73),(37,75,73),(38,77,76),(39,78,76),(40,80,79),(41,81,79),(42,94,93),(43,96,95),(44,98,97),(45,100,99),(46,102,101),(47,104,103),(48,106,105),(49,108,107),(50,110,109),(51,112,111),(52,114,113),(53,116,115),(54,118,117),(55,120,119),(56,122,121),(57,124,123),(58,126,125),(59,128,127),(60,130,129),(61,132,131),(62,134,133),(63,136,135),(64,138,137),(65,140,139),(66,142,141),(67,144,143),(68,146,145),(69,148,147),(70,150,149),(71,152,151),(72,154,153),(73,156,155),(74,158,157),(75,160,159),(76,162,161),(77,164,163),(78,166,165),(79,168,167),(80,170,169),(81,172,171),(82,174,173),(83,176,175),(84,178,177),(85,180,179),(86,182,181),(87,184,183),(88,186,185),(89,188,187),(90,190,189),(91,192,191),(92,194,193),(93,196,195),(94,198,197),(95,200,199),(96,202,201),(97,204,203),(98,206,205),(99,208,207),(100,210,209),(101,212,211),(102,214,213),(103,216,215),(104,218,217),(105,220,219),(106,222,221),(107,224,223),(108,226,225),(109,228,227),(110,230,229),(111,232,231),(112,234,233),(113,236,235),(114,238,237),(115,240,239),(116,242,241),(117,244,243),(118,246,245),(119,248,247),(120,250,249),(121,252,251),(122,254,253),(123,256,255),(124,258,257),(125,260,259),(126,262,261),(127,264,263),(128,266,265),(129,268,267),(130,270,269),(131,272,271),(132,274,273),(133,276,275),(134,278,277),(135,280,279),(136,282,281),(137,284,283),(138,286,285),(139,288,287),(140,290,289),(141,292,291),(142,294,293),(143,296,295),(144,298,297),(145,300,299);
/*!40000 ALTER TABLE `ChangeSetItem_ReferencedBy` ENABLE KEYS */;
UNLOCK TABLES;

--
-- Table structure for table `ErrorPage`
--

DROP TABLE IF EXISTS `ErrorPage`;
/*!40101 SET @saved_cs_client     = @@character_set_client */;
/*!40101 SET character_set_client = utf8 */;
CREATE TABLE `ErrorPage` (
  `ID` int(11) NOT NULL AUTO_INCREMENT,
  `ErrorCode` int(11) NOT NULL DEFAULT '0',
  PRIMARY KEY (`ID`)
) ENGINE=InnoDB AUTO_INCREMENT=6 DEFAULT CHARSET=utf8;
/*!40101 SET character_set_client = @saved_cs_client */;

--
-- Dumping data for table `ErrorPage`
--

LOCK TABLES `ErrorPage` WRITE;
/*!40000 ALTER TABLE `ErrorPage` DISABLE KEYS */;
INSERT INTO `ErrorPage` VALUES (4,404),(5,500);
/*!40000 ALTER TABLE `ErrorPage` ENABLE KEYS */;
UNLOCK TABLES;

--
-- Table structure for table `ErrorPage_Live`
--

DROP TABLE IF EXISTS `ErrorPage_Live`;
/*!40101 SET @saved_cs_client     = @@character_set_client */;
/*!40101 SET character_set_client = utf8 */;
CREATE TABLE `ErrorPage_Live` (
  `ID` int(11) NOT NULL AUTO_INCREMENT,
  `ErrorCode` int(11) NOT NULL DEFAULT '0',
  PRIMARY KEY (`ID`)
) ENGINE=InnoDB AUTO_INCREMENT=6 DEFAULT CHARSET=utf8;
/*!40101 SET character_set_client = @saved_cs_client */;

--
-- Dumping data for table `ErrorPage_Live`
--

LOCK TABLES `ErrorPage_Live` WRITE;
/*!40000 ALTER TABLE `ErrorPage_Live` DISABLE KEYS */;
INSERT INTO `ErrorPage_Live` VALUES (4,404),(5,500);
/*!40000 ALTER TABLE `ErrorPage_Live` ENABLE KEYS */;
UNLOCK TABLES;

--
-- Table structure for table `ErrorPage_Versions`
--

DROP TABLE IF EXISTS `ErrorPage_Versions`;
/*!40101 SET @saved_cs_client     = @@character_set_client */;
/*!40101 SET character_set_client = utf8 */;
CREATE TABLE `ErrorPage_Versions` (
  `ID` int(11) NOT NULL AUTO_INCREMENT,
  `RecordID` int(11) NOT NULL DEFAULT '0',
  `Version` int(11) NOT NULL DEFAULT '0',
  `ErrorCode` int(11) NOT NULL DEFAULT '0',
  PRIMARY KEY (`ID`),
  UNIQUE KEY `RecordID_Version` (`RecordID`,`Version`),
  KEY `RecordID` (`RecordID`),
  KEY `Version` (`Version`)
) ENGINE=InnoDB AUTO_INCREMENT=3 DEFAULT CHARSET=utf8;
/*!40101 SET character_set_client = @saved_cs_client */;

--
-- Dumping data for table `ErrorPage_Versions`
--

LOCK TABLES `ErrorPage_Versions` WRITE;
/*!40000 ALTER TABLE `ErrorPage_Versions` DISABLE KEYS */;
INSERT INTO `ErrorPage_Versions` VALUES (1,4,1,404),(2,5,1,500);
/*!40000 ALTER TABLE `ErrorPage_Versions` ENABLE KEYS */;
UNLOCK TABLES;

--
-- Table structure for table `File`
--

DROP TABLE IF EXISTS `File`;
/*!40101 SET @saved_cs_client     = @@character_set_client */;
/*!40101 SET character_set_client = utf8 */;
CREATE TABLE `File` (
  `ID` int(11) NOT NULL AUTO_INCREMENT,
  `ClassName` enum('SilverStripe\\Assets\\File','SilverStripe\\Assets\\Folder','SilverStripe\\Assets\\Image') DEFAULT 'SilverStripe\\Assets\\File',
  `LastEdited` datetime DEFAULT NULL,
  `Created` datetime DEFAULT NULL,
  `Name` varchar(255) DEFAULT NULL,
  `Title` varchar(255) DEFAULT NULL,
  `ShowInSearch` tinyint(1) unsigned NOT NULL DEFAULT '1',
  `CanViewType` enum('Anyone','LoggedInUsers','OnlyTheseUsers','Inherit') DEFAULT 'Inherit',
  `CanEditType` enum('LoggedInUsers','OnlyTheseUsers','Inherit') DEFAULT 'Inherit',
  `Version` int(11) NOT NULL DEFAULT '0',
  `ParentID` int(11) NOT NULL DEFAULT '0',
  `OwnerID` int(11) NOT NULL DEFAULT '0',
  `FileHash` varchar(255) DEFAULT NULL,
  `FileFilename` varchar(255) DEFAULT NULL,
  `FileVariant` varchar(255) DEFAULT NULL,
  PRIMARY KEY (`ID`),
  KEY `ClassName` (`ClassName`),
  KEY `ParentID` (`ParentID`),
  KEY `OwnerID` (`OwnerID`)
) ENGINE=InnoDB AUTO_INCREMENT=24 DEFAULT CHARSET=utf8;
/*!40101 SET character_set_client = @saved_cs_client */;

--
-- Dumping data for table `File`
--

LOCK TABLES `File` WRITE;
/*!40000 ALTER TABLE `File` DISABLE KEYS */;
INSERT INTO `File` VALUES (1,'SilverStripe\\Assets\\Folder','2017-09-14 14:09:04','2017-09-13 13:45:48','travel-photos','travel-photos',1,'Inherit','Inherit',1,0,1,NULL,NULL,NULL),(2,'SilverStripe\\Assets\\Folder','2017-09-14 14:09:05','2017-09-13 13:45:48','travel-brochures','travel-brochures',1,'Inherit','Inherit',1,0,1,NULL,NULL,NULL),(3,'SilverStripe\\Assets\\Image','2017-09-14 14:09:04','2017-09-13 13:46:24','mock_file_1.jpeg','mock file 1',1,'Inherit','Inherit',1,1,1,'df481bc37fcf2e9b686e2e8c34eec206ebaf6255','travel-photos/mock_file_1.jpeg',NULL),(4,'SilverStripe\\Assets\\File','2017-09-14 14:09:05','2017-09-13 13:48:43','example-pdf.pdf','example pdf',1,'Inherit','Inherit',1,2,1,'957e89b7197175fa055f968b6da870958e0b14c9','travel-brochures/example-pdf.pdf',NULL),(5,'SilverStripe\\Assets\\Image','2017-09-13 13:52:13','2017-09-13 13:48:59','mock_file_2.jpeg','mock file 2',1,'Inherit','Inherit',1,1,1,'e7d72e1c5ed5f953285586bc3ea48f197a1dfb2c','travel-photos/mock_file_2.jpeg',NULL),(6,'SilverStripe\\Assets\\File','2017-09-13 13:52:13','2017-09-13 13:49:03','example-pdf-v2.pdf','example pdf v2',1,'Inherit','Inherit',1,2,1,'957e89b7197175fa055f968b6da870958e0b14c9','travel-brochures/example-pdf-v2.pdf',NULL),(7,'SilverStripe\\Assets\\Folder','2017-09-14 14:12:17','2017-09-14 12:58:05','region-photos','region-photos',1,'Inherit','Inherit',1,0,1,NULL,NULL,NULL),(8,'SilverStripe\\Assets\\Image','2017-09-14 14:12:16','2017-09-14 12:58:36','mock_file_5.jpeg','mock file 5',1,'Inherit','Inherit',1,7,1,'99eb2e15329f3f387524310a3d439aab4b92a9a9','region-photos/mock_file_5.jpeg',NULL),(9,'SilverStripe\\Assets\\Image','2017-09-14 14:12:17','2017-09-14 12:58:36','mock_file_7.jpeg','mock file 7',1,'Inherit','Inherit',1,7,1,'e5b9b590f02f82fec9e0d5dae8d3be14563f6b57','region-photos/mock_file_7.jpeg',NULL),(10,'SilverStripe\\Assets\\Image','2017-09-14 14:12:17','2017-09-14 12:58:37','mock_file_10.jpeg','mock file 10',1,'Inherit','Inherit',1,7,1,'5e856cff3078b3b328bee136606de028aab67609','region-photos/mock_file_10.jpeg',NULL),(11,'SilverStripe\\Assets\\Image','2017-09-14 14:12:17','2017-09-14 12:58:37','mock-file-3.jpeg','mock file 3',1,'Inherit','Inherit',1,7,1,'9f0202c6cb0a29c46052feeb7f4880d1f048a9c2','region-photos/mock-file-3.jpeg',NULL),(12,'SilverStripe\\Assets\\Folder','2017-09-26 12:00:36','2017-09-25 15:17:54','property-photos','property-photos',1,'Inherit','Inherit',1,0,1,NULL,NULL,NULL),(13,'SilverStripe\\Assets\\Image','2017-09-26 12:00:34','2017-09-26 12:00:22','property-1.jpg','property 1',1,'Inherit','Inherit',1,12,1,'c210d26c1d374b448ea295661ab9a8deeb52489b','property-photos/property-1.jpg',NULL),(14,'SilverStripe\\Assets\\Image','2017-09-26 12:00:35','2017-09-26 12:00:23','property-2.jpg','property 2',1,'Inherit','Inherit',1,12,1,'227e53bd7745069d5875b8d2dba4bea314321d46','property-photos/property-2.jpg',NULL),(15,'SilverStripe\\Assets\\Image','2017-09-26 12:00:35','2017-09-26 12:00:23','property-3.jpg','property 3',1,'Inherit','Inherit',1,12,1,'a31d1df10f7d436161135a69acd28867010c6a31','property-photos/property-3.jpg',NULL),(16,'SilverStripe\\Assets\\Image','2017-09-26 12:00:35','2017-09-26 12:00:23','property-4.jpg','property 4',1,'Inherit','Inherit',1,12,1,'fd2a19662fbfa3541b2c4d99bd1cffedc95c8396','property-photos/property-4.jpg',NULL),(17,'SilverStripe\\Assets\\Image','2017-09-26 12:00:35','2017-09-26 12:00:24','property-5.jpg','property 5',1,'Inherit','Inherit',1,12,1,'2751e707322afce6685b5d82aa2d624b94d8df20','property-photos/property-5.jpg',NULL),(18,'SilverStripe\\Assets\\Image','2017-09-26 12:00:35','2017-09-26 12:00:24','property-6.jpg','property 6',1,'Inherit','Inherit',1,12,1,'c649e9dea1ea8ffaa4ada09096e244060b1a0915','property-photos/property-6.jpg',NULL),(19,'SilverStripe\\Assets\\Image','2017-09-26 12:00:36','2017-09-26 12:00:25','property-7.jpg','property 7',1,'Inherit','Inherit',1,12,1,'7bb2595d100c267a7fbfbc7ffe682d9dfc6cc376','property-photos/property-7.jpg',NULL),(20,'SilverStripe\\Assets\\Image','2017-09-26 12:00:36','2017-09-26 12:00:25','property-8.jpg','property 8',1,'Inherit','Inherit',1,12,1,'6b0fdafe51f615025f8ab87ccc309b6699326f82','property-photos/property-8.jpg',NULL),(21,'SilverStripe\\Assets\\Image','2017-09-26 12:00:36','2017-09-26 12:00:26','property-9.jpg','property 9',1,'Inherit','Inherit',1,12,1,'7df8d7e49ffd34b388d6f71513758392dc8454ca','property-photos/property-9.jpg',NULL),(22,'SilverStripe\\Assets\\Image','2017-09-26 12:00:35','2017-09-26 12:00:26','property-10.jpg','property 10',1,'Inherit','Inherit',1,12,1,'bf3b7b8ec124882058bde3dedcbf1073f2ac2386','property-photos/property-10.jpg',NULL),(23,'SilverStripe\\Assets\\Image','2017-09-26 12:00:35','2017-09-26 12:00:27','property-11.jpg','property 11',1,'Inherit','Inherit',1,12,1,'a2b33a5f47c37eade3751815c10412e74b70123b','property-photos/property-11.jpg',NULL);
/*!40000 ALTER TABLE `File` ENABLE KEYS */;
UNLOCK TABLES;

--
-- Table structure for table `File_EditorGroups`
--

DROP TABLE IF EXISTS `File_EditorGroups`;
/*!40101 SET @saved_cs_client     = @@character_set_client */;
/*!40101 SET character_set_client = utf8 */;
CREATE TABLE `File_EditorGroups` (
  `ID` int(11) NOT NULL AUTO_INCREMENT,
  `FileID` int(11) NOT NULL DEFAULT '0',
  `GroupID` int(11) NOT NULL DEFAULT '0',
  PRIMARY KEY (`ID`),
  KEY `FileID` (`FileID`),
  KEY `GroupID` (`GroupID`)
) ENGINE=InnoDB DEFAULT CHARSET=utf8;
/*!40101 SET character_set_client = @saved_cs_client */;

--
-- Dumping data for table `File_EditorGroups`
--

LOCK TABLES `File_EditorGroups` WRITE;
/*!40000 ALTER TABLE `File_EditorGroups` DISABLE KEYS */;
/*!40000 ALTER TABLE `File_EditorGroups` ENABLE KEYS */;
UNLOCK TABLES;

--
-- Table structure for table `File_Live`
--

DROP TABLE IF EXISTS `File_Live`;
/*!40101 SET @saved_cs_client     = @@character_set_client */;
/*!40101 SET character_set_client = utf8 */;
CREATE TABLE `File_Live` (
  `ID` int(11) NOT NULL AUTO_INCREMENT,
  `ClassName` enum('SilverStripe\\Assets\\File','SilverStripe\\Assets\\Folder','SilverStripe\\Assets\\Image') DEFAULT 'SilverStripe\\Assets\\File',
  `LastEdited` datetime DEFAULT NULL,
  `Created` datetime DEFAULT NULL,
  `Name` varchar(255) DEFAULT NULL,
  `Title` varchar(255) DEFAULT NULL,
  `ShowInSearch` tinyint(1) unsigned NOT NULL DEFAULT '1',
  `CanViewType` enum('Anyone','LoggedInUsers','OnlyTheseUsers','Inherit') DEFAULT 'Inherit',
  `CanEditType` enum('LoggedInUsers','OnlyTheseUsers','Inherit') DEFAULT 'Inherit',
  `Version` int(11) NOT NULL DEFAULT '0',
  `ParentID` int(11) NOT NULL DEFAULT '0',
  `OwnerID` int(11) NOT NULL DEFAULT '0',
  `FileHash` varchar(255) DEFAULT NULL,
  `FileFilename` varchar(255) DEFAULT NULL,
  `FileVariant` varchar(255) DEFAULT NULL,
  PRIMARY KEY (`ID`),
  KEY `ClassName` (`ClassName`),
  KEY `ParentID` (`ParentID`),
  KEY `OwnerID` (`OwnerID`)
) ENGINE=InnoDB AUTO_INCREMENT=24 DEFAULT CHARSET=utf8;
/*!40101 SET character_set_client = @saved_cs_client */;

--
-- Dumping data for table `File_Live`
--

LOCK TABLES `File_Live` WRITE;
/*!40000 ALTER TABLE `File_Live` DISABLE KEYS */;
INSERT INTO `File_Live` VALUES (1,'SilverStripe\\Assets\\Folder','2017-09-14 14:09:04','2017-09-13 13:45:48','travel-photos','travel-photos',1,'Inherit','Inherit',1,0,1,NULL,NULL,NULL),(2,'SilverStripe\\Assets\\Folder','2017-09-14 14:09:05','2017-09-13 13:45:48','travel-brochures','travel-brochures',1,'Inherit','Inherit',1,0,1,NULL,NULL,NULL),(3,'SilverStripe\\Assets\\Image','2017-09-14 14:09:04','2017-09-13 13:46:24','mock_file_1.jpeg','mock file 1',1,'Inherit','Inherit',1,1,1,'df481bc37fcf2e9b686e2e8c34eec206ebaf6255','travel-photos/mock_file_1.jpeg',NULL),(4,'SilverStripe\\Assets\\File','2017-09-14 14:09:05','2017-09-13 13:48:43','example-pdf.pdf','example pdf',1,'Inherit','Inherit',1,2,1,'957e89b7197175fa055f968b6da870958e0b14c9','travel-brochures/example-pdf.pdf',NULL),(5,'SilverStripe\\Assets\\Image','2017-09-13 13:52:13','2017-09-13 13:48:59','mock_file_2.jpeg','mock file 2',1,'Inherit','Inherit',1,1,1,'e7d72e1c5ed5f953285586bc3ea48f197a1dfb2c','travel-photos/mock_file_2.jpeg',NULL),(6,'SilverStripe\\Assets\\File','2017-09-13 13:52:13','2017-09-13 13:49:03','example-pdf-v2.pdf','example pdf v2',1,'Inherit','Inherit',1,2,1,'957e89b7197175fa055f968b6da870958e0b14c9','travel-brochures/example-pdf-v2.pdf',NULL),(7,'SilverStripe\\Assets\\Folder','2017-09-14 14:12:17','2017-09-14 12:58:05','region-photos','region-photos',1,'Inherit','Inherit',1,0,1,NULL,NULL,NULL),(8,'SilverStripe\\Assets\\Image','2017-09-14 14:12:16','2017-09-14 12:58:36','mock_file_5.jpeg','mock file 5',1,'Inherit','Inherit',1,7,1,'99eb2e15329f3f387524310a3d439aab4b92a9a9','region-photos/mock_file_5.jpeg',NULL),(9,'SilverStripe\\Assets\\Image','2017-09-14 14:12:17','2017-09-14 12:58:36','mock_file_7.jpeg','mock file 7',1,'Inherit','Inherit',1,7,1,'e5b9b590f02f82fec9e0d5dae8d3be14563f6b57','region-photos/mock_file_7.jpeg',NULL),(10,'SilverStripe\\Assets\\Image','2017-09-14 14:12:17','2017-09-14 12:58:37','mock_file_10.jpeg','mock file 10',1,'Inherit','Inherit',1,7,1,'5e856cff3078b3b328bee136606de028aab67609','region-photos/mock_file_10.jpeg',NULL),(11,'SilverStripe\\Assets\\Image','2017-09-14 14:12:17','2017-09-14 12:58:37','mock-file-3.jpeg','mock file 3',1,'Inherit','Inherit',1,7,1,'9f0202c6cb0a29c46052feeb7f4880d1f048a9c2','region-photos/mock-file-3.jpeg',NULL),(12,'SilverStripe\\Assets\\Folder','2017-09-26 12:00:36','2017-09-25 15:17:54','property-photos','property-photos',1,'Inherit','Inherit',1,0,1,NULL,NULL,NULL),(13,'SilverStripe\\Assets\\Image','2017-09-26 12:00:34','2017-09-26 12:00:22','property-1.jpg','property 1',1,'Inherit','Inherit',1,12,1,'c210d26c1d374b448ea295661ab9a8deeb52489b','property-photos/property-1.jpg',NULL),(14,'SilverStripe\\Assets\\Image','2017-09-26 12:00:35','2017-09-26 12:00:23','property-2.jpg','property 2',1,'Inherit','Inherit',1,12,1,'227e53bd7745069d5875b8d2dba4bea314321d46','property-photos/property-2.jpg',NULL),(15,'SilverStripe\\Assets\\Image','2017-09-26 12:00:35','2017-09-26 12:00:23','property-3.jpg','property 3',1,'Inherit','Inherit',1,12,1,'a31d1df10f7d436161135a69acd28867010c6a31','property-photos/property-3.jpg',NULL),(16,'SilverStripe\\Assets\\Image','2017-09-26 12:00:35','2017-09-26 12:00:23','property-4.jpg','property 4',1,'Inherit','Inherit',1,12,1,'fd2a19662fbfa3541b2c4d99bd1cffedc95c8396','property-photos/property-4.jpg',NULL),(17,'SilverStripe\\Assets\\Image','2017-09-26 12:00:35','2017-09-26 12:00:24','property-5.jpg','property 5',1,'Inherit','Inherit',1,12,1,'2751e707322afce6685b5d82aa2d624b94d8df20','property-photos/property-5.jpg',NULL),(18,'SilverStripe\\Assets\\Image','2017-09-26 12:00:35','2017-09-26 12:00:24','property-6.jpg','property 6',1,'Inherit','Inherit',1,12,1,'c649e9dea1ea8ffaa4ada09096e244060b1a0915','property-photos/property-6.jpg',NULL),(19,'SilverStripe\\Assets\\Image','2017-09-26 12:00:36','2017-09-26 12:00:25','property-7.jpg','property 7',1,'Inherit','Inherit',1,12,1,'7bb2595d100c267a7fbfbc7ffe682d9dfc6cc376','property-photos/property-7.jpg',NULL),(20,'SilverStripe\\Assets\\Image','2017-09-26 12:00:36','2017-09-26 12:00:25','property-8.jpg','property 8',1,'Inherit','Inherit',1,12,1,'6b0fdafe51f615025f8ab87ccc309b6699326f82','property-photos/property-8.jpg',NULL),(21,'SilverStripe\\Assets\\Image','2017-09-26 12:00:36','2017-09-26 12:00:26','property-9.jpg','property 9',1,'Inherit','Inherit',1,12,1,'7df8d7e49ffd34b388d6f71513758392dc8454ca','property-photos/property-9.jpg',NULL),(22,'SilverStripe\\Assets\\Image','2017-09-26 12:00:35','2017-09-26 12:00:26','property-10.jpg','property 10',1,'Inherit','Inherit',1,12,1,'bf3b7b8ec124882058bde3dedcbf1073f2ac2386','property-photos/property-10.jpg',NULL),(23,'SilverStripe\\Assets\\Image','2017-09-26 12:00:35','2017-09-26 12:00:27','property-11.jpg','property 11',1,'Inherit','Inherit',1,12,1,'a2b33a5f47c37eade3751815c10412e74b70123b','property-photos/property-11.jpg',NULL);
/*!40000 ALTER TABLE `File_Live` ENABLE KEYS */;
UNLOCK TABLES;

--
-- Table structure for table `File_Versions`
--

DROP TABLE IF EXISTS `File_Versions`;
/*!40101 SET @saved_cs_client     = @@character_set_client */;
/*!40101 SET character_set_client = utf8 */;
CREATE TABLE `File_Versions` (
  `ID` int(11) NOT NULL AUTO_INCREMENT,
  `RecordID` int(11) NOT NULL DEFAULT '0',
  `Version` int(11) NOT NULL DEFAULT '0',
  `WasPublished` tinyint(1) unsigned NOT NULL DEFAULT '0',
  `AuthorID` int(11) NOT NULL DEFAULT '0',
  `PublisherID` int(11) NOT NULL DEFAULT '0',
  `ClassName` enum('SilverStripe\\Assets\\File','SilverStripe\\Assets\\Folder','SilverStripe\\Assets\\Image') DEFAULT 'SilverStripe\\Assets\\File',
  `LastEdited` datetime DEFAULT NULL,
  `Created` datetime DEFAULT NULL,
  `Name` varchar(255) DEFAULT NULL,
  `Title` varchar(255) DEFAULT NULL,
  `ShowInSearch` tinyint(1) unsigned NOT NULL DEFAULT '1',
  `CanViewType` enum('Anyone','LoggedInUsers','OnlyTheseUsers','Inherit') DEFAULT 'Inherit',
  `CanEditType` enum('LoggedInUsers','OnlyTheseUsers','Inherit') DEFAULT 'Inherit',
  `ParentID` int(11) NOT NULL DEFAULT '0',
  `OwnerID` int(11) NOT NULL DEFAULT '0',
  `FileHash` varchar(255) DEFAULT NULL,
  `FileFilename` varchar(255) DEFAULT NULL,
  `FileVariant` varchar(255) DEFAULT NULL,
  PRIMARY KEY (`ID`),
  KEY `RecordID_Version` (`RecordID`,`Version`),
  KEY `RecordID` (`RecordID`),
  KEY `Version` (`Version`),
  KEY `AuthorID` (`AuthorID`),
  KEY `PublisherID` (`PublisherID`),
  KEY `ClassName` (`ClassName`),
  KEY `ParentID` (`ParentID`),
  KEY `OwnerID` (`OwnerID`)
) ENGINE=InnoDB AUTO_INCREMENT=24 DEFAULT CHARSET=utf8;
/*!40101 SET character_set_client = @saved_cs_client */;

--
-- Dumping data for table `File_Versions`
--

LOCK TABLES `File_Versions` WRITE;
/*!40000 ALTER TABLE `File_Versions` DISABLE KEYS */;
INSERT INTO `File_Versions` VALUES (1,1,1,1,1,1,'SilverStripe\\Assets\\Folder','2017-09-13 13:45:48','2017-09-13 13:45:48','travel-photos','travel-photos',1,'Inherit','Inherit',0,1,NULL,NULL,NULL),(2,2,1,1,1,1,'SilverStripe\\Assets\\Folder','2017-09-13 13:45:48','2017-09-13 13:45:48','travel-brochures','travel-brochures',1,'Inherit','Inherit',0,1,NULL,NULL,NULL),(3,3,1,1,1,1,'SilverStripe\\Assets\\Image','2017-09-13 13:46:24','2017-09-13 13:46:24','mock_file_1.jpeg','mock file 1',1,'Inherit','Inherit',1,1,'df481bc37fcf2e9b686e2e8c34eec206ebaf6255','travel-photos/mock_file_1.jpeg',NULL),(4,4,1,1,1,1,'SilverStripe\\Assets\\File','2017-09-13 13:48:43','2017-09-13 13:48:43','example-pdf.pdf','example pdf',1,'Inherit','Inherit',2,1,'957e89b7197175fa055f968b6da870958e0b14c9','travel-brochures/example-pdf.pdf',NULL),(5,5,1,1,1,1,'SilverStripe\\Assets\\Image','2017-09-13 13:48:59','2017-09-13 13:48:59','mock_file_2.jpeg','mock file 2',1,'Inherit','Inherit',1,1,'e7d72e1c5ed5f953285586bc3ea48f197a1dfb2c','travel-photos/mock_file_2.jpeg',NULL),(6,6,1,1,1,1,'SilverStripe\\Assets\\File','2017-09-13 13:49:03','2017-09-13 13:49:03','example-pdf-v2.pdf','example pdf v2',1,'Inherit','Inherit',2,1,'957e89b7197175fa055f968b6da870958e0b14c9','travel-brochures/example-pdf-v2.pdf',NULL),(7,7,1,1,1,1,'SilverStripe\\Assets\\Folder','2017-09-14 12:58:05','2017-09-14 12:58:05','region-photos','region-photos',1,'Inherit','Inherit',0,1,NULL,NULL,NULL),(8,8,1,1,1,1,'SilverStripe\\Assets\\Image','2017-09-14 12:58:36','2017-09-14 12:58:36','mock_file_5.jpeg','mock file 5',1,'Inherit','Inherit',7,1,'99eb2e15329f3f387524310a3d439aab4b92a9a9','region-photos/mock_file_5.jpeg',NULL),(9,9,1,1,1,1,'SilverStripe\\Assets\\Image','2017-09-14 12:58:36','2017-09-14 12:58:36','mock_file_7.jpeg','mock file 7',1,'Inherit','Inherit',7,1,'e5b9b590f02f82fec9e0d5dae8d3be14563f6b57','region-photos/mock_file_7.jpeg',NULL),(10,10,1,1,1,1,'SilverStripe\\Assets\\Image','2017-09-14 12:58:37','2017-09-14 12:58:37','mock_file_10.jpeg','mock file 10',1,'Inherit','Inherit',7,1,'5e856cff3078b3b328bee136606de028aab67609','region-photos/mock_file_10.jpeg',NULL),(11,11,1,1,1,1,'SilverStripe\\Assets\\Image','2017-09-14 12:58:37','2017-09-14 12:58:37','mock-file-3.jpeg','mock file 3',1,'Inherit','Inherit',7,1,'9f0202c6cb0a29c46052feeb7f4880d1f048a9c2','region-photos/mock-file-3.jpeg',NULL),(12,12,1,1,1,1,'SilverStripe\\Assets\\Folder','2017-09-25 15:17:54','2017-09-25 15:17:54','property-photos','property-photos',1,'Inherit','Inherit',0,1,NULL,NULL,NULL),(13,13,1,1,1,1,'SilverStripe\\Assets\\Image','2017-09-26 12:00:22','2017-09-26 12:00:22','property-1.jpg','property 1',1,'Inherit','Inherit',12,1,'c210d26c1d374b448ea295661ab9a8deeb52489b','property-photos/property-1.jpg',NULL),(14,14,1,1,1,1,'SilverStripe\\Assets\\Image','2017-09-26 12:00:23','2017-09-26 12:00:23','property-2.jpg','property 2',1,'Inherit','Inherit',12,1,'227e53bd7745069d5875b8d2dba4bea314321d46','property-photos/property-2.jpg',NULL),(15,15,1,1,1,1,'SilverStripe\\Assets\\Image','2017-09-26 12:00:23','2017-09-26 12:00:23','property-3.jpg','property 3',1,'Inherit','Inherit',12,1,'a31d1df10f7d436161135a69acd28867010c6a31','property-photos/property-3.jpg',NULL),(16,16,1,1,1,1,'SilverStripe\\Assets\\Image','2017-09-26 12:00:23','2017-09-26 12:00:23','property-4.jpg','property 4',1,'Inherit','Inherit',12,1,'fd2a19662fbfa3541b2c4d99bd1cffedc95c8396','property-photos/property-4.jpg',NULL),(17,17,1,1,1,1,'SilverStripe\\Assets\\Image','2017-09-26 12:00:24','2017-09-26 12:00:24','property-5.jpg','property 5',1,'Inherit','Inherit',12,1,'2751e707322afce6685b5d82aa2d624b94d8df20','property-photos/property-5.jpg',NULL),(18,18,1,1,1,1,'SilverStripe\\Assets\\Image','2017-09-26 12:00:24','2017-09-26 12:00:24','property-6.jpg','property 6',1,'Inherit','Inherit',12,1,'c649e9dea1ea8ffaa4ada09096e244060b1a0915','property-photos/property-6.jpg',NULL),(19,19,1,1,1,1,'SilverStripe\\Assets\\Image','2017-09-26 12:00:25','2017-09-26 12:00:25','property-7.jpg','property 7',1,'Inherit','Inherit',12,1,'7bb2595d100c267a7fbfbc7ffe682d9dfc6cc376','property-photos/property-7.jpg',NULL),(20,20,1,1,1,1,'SilverStripe\\Assets\\Image','2017-09-26 12:00:25','2017-09-26 12:00:25','property-8.jpg','property 8',1,'Inherit','Inherit',12,1,'6b0fdafe51f615025f8ab87ccc309b6699326f82','property-photos/property-8.jpg',NULL),(21,21,1,1,1,1,'SilverStripe\\Assets\\Image','2017-09-26 12:00:26','2017-09-26 12:00:26','property-9.jpg','property 9',1,'Inherit','Inherit',12,1,'7df8d7e49ffd34b388d6f71513758392dc8454ca','property-photos/property-9.jpg',NULL),(22,22,1,1,1,1,'SilverStripe\\Assets\\Image','2017-09-26 12:00:26','2017-09-26 12:00:26','property-10.jpg','property 10',1,'Inherit','Inherit',12,1,'bf3b7b8ec124882058bde3dedcbf1073f2ac2386','property-photos/property-10.jpg',NULL),(23,23,1,1,1,1,'SilverStripe\\Assets\\Image','2017-09-26 12:00:27','2017-09-26 12:00:27','property-11.jpg','property 11',1,'Inherit','Inherit',12,1,'a2b33a5f47c37eade3751815c10412e74b70123b','property-photos/property-11.jpg',NULL);
/*!40000 ALTER TABLE `File_Versions` ENABLE KEYS */;
UNLOCK TABLES;

--
-- Table structure for table `File_ViewerGroups`
--

DROP TABLE IF EXISTS `File_ViewerGroups`;
/*!40101 SET @saved_cs_client     = @@character_set_client */;
/*!40101 SET character_set_client = utf8 */;
CREATE TABLE `File_ViewerGroups` (
  `ID` int(11) NOT NULL AUTO_INCREMENT,
  `FileID` int(11) NOT NULL DEFAULT '0',
  `GroupID` int(11) NOT NULL DEFAULT '0',
  PRIMARY KEY (`ID`),
  KEY `FileID` (`FileID`),
  KEY `GroupID` (`GroupID`)
) ENGINE=InnoDB DEFAULT CHARSET=utf8;
/*!40101 SET character_set_client = @saved_cs_client */;

--
-- Dumping data for table `File_ViewerGroups`
--

LOCK TABLES `File_ViewerGroups` WRITE;
/*!40000 ALTER TABLE `File_ViewerGroups` DISABLE KEYS */;
/*!40000 ALTER TABLE `File_ViewerGroups` ENABLE KEYS */;
UNLOCK TABLES;

--
-- Table structure for table `Group`
--

DROP TABLE IF EXISTS `Group`;
/*!40101 SET @saved_cs_client     = @@character_set_client */;
/*!40101 SET character_set_client = utf8 */;
CREATE TABLE `Group` (
  `ID` int(11) NOT NULL AUTO_INCREMENT,
  `ClassName` enum('SilverStripe\\Security\\Group') DEFAULT 'SilverStripe\\Security\\Group',
  `LastEdited` datetime DEFAULT NULL,
  `Created` datetime DEFAULT NULL,
  `Title` varchar(255) DEFAULT NULL,
  `Description` mediumtext,
  `Code` varchar(255) DEFAULT NULL,
  `Locked` tinyint(1) unsigned NOT NULL DEFAULT '0',
  `Sort` int(11) NOT NULL DEFAULT '0',
  `HtmlEditorConfig` mediumtext,
  `ParentID` int(11) NOT NULL DEFAULT '0',
  PRIMARY KEY (`ID`),
  KEY `ClassName` (`ClassName`),
  KEY `ParentID` (`ParentID`)
) ENGINE=InnoDB AUTO_INCREMENT=3 DEFAULT CHARSET=utf8;
/*!40101 SET character_set_client = @saved_cs_client */;

--
-- Dumping data for table `Group`
--

LOCK TABLES `Group` WRITE;
/*!40000 ALTER TABLE `Group` DISABLE KEYS */;
INSERT INTO `Group` VALUES (1,'SilverStripe\\Security\\Group','2017-09-12 11:04:00','2017-09-12 11:04:00','Content Authors',NULL,'content-authors',0,1,NULL,0),(2,'SilverStripe\\Security\\Group','2017-09-12 11:04:00','2017-09-12 11:04:00','Administrators',NULL,'administrators',0,0,NULL,0);
/*!40000 ALTER TABLE `Group` ENABLE KEYS */;
UNLOCK TABLES;

--
-- Table structure for table `Group_Members`
--

DROP TABLE IF EXISTS `Group_Members`;
/*!40101 SET @saved_cs_client     = @@character_set_client */;
/*!40101 SET character_set_client = utf8 */;
CREATE TABLE `Group_Members` (
  `ID` int(11) NOT NULL AUTO_INCREMENT,
  `GroupID` int(11) NOT NULL DEFAULT '0',
  `MemberID` int(11) NOT NULL DEFAULT '0',
  PRIMARY KEY (`ID`),
  KEY `GroupID` (`GroupID`),
  KEY `MemberID` (`MemberID`)
) ENGINE=InnoDB AUTO_INCREMENT=2 DEFAULT CHARSET=utf8;
/*!40101 SET character_set_client = @saved_cs_client */;

--
-- Dumping data for table `Group_Members`
--

LOCK TABLES `Group_Members` WRITE;
/*!40000 ALTER TABLE `Group_Members` DISABLE KEYS */;
INSERT INTO `Group_Members` VALUES (1,2,1);
/*!40000 ALTER TABLE `Group_Members` ENABLE KEYS */;
UNLOCK TABLES;

--
-- Table structure for table `Group_Roles`
--

DROP TABLE IF EXISTS `Group_Roles`;
/*!40101 SET @saved_cs_client     = @@character_set_client */;
/*!40101 SET character_set_client = utf8 */;
CREATE TABLE `Group_Roles` (
  `ID` int(11) NOT NULL AUTO_INCREMENT,
  `GroupID` int(11) NOT NULL DEFAULT '0',
  `PermissionRoleID` int(11) NOT NULL DEFAULT '0',
  PRIMARY KEY (`ID`),
  KEY `GroupID` (`GroupID`),
  KEY `PermissionRoleID` (`PermissionRoleID`)
) ENGINE=InnoDB DEFAULT CHARSET=utf8;
/*!40101 SET character_set_client = @saved_cs_client */;

--
-- Dumping data for table `Group_Roles`
--

LOCK TABLES `Group_Roles` WRITE;
/*!40000 ALTER TABLE `Group_Roles` DISABLE KEYS */;
/*!40000 ALTER TABLE `Group_Roles` ENABLE KEYS */;
UNLOCK TABLES;

--
-- Table structure for table `LoginAttempt`
--

DROP TABLE IF EXISTS `LoginAttempt`;
/*!40101 SET @saved_cs_client     = @@character_set_client */;
/*!40101 SET character_set_client = utf8 */;
CREATE TABLE `LoginAttempt` (
  `ID` int(11) NOT NULL AUTO_INCREMENT,
  `ClassName` enum('SilverStripe\\Security\\LoginAttempt') DEFAULT 'SilverStripe\\Security\\LoginAttempt',
  `LastEdited` datetime DEFAULT NULL,
  `Created` datetime DEFAULT NULL,
  `Email` varchar(255) DEFAULT NULL,
  `Status` enum('Success','Failure') DEFAULT 'Success',
  `IP` varchar(255) DEFAULT NULL,
  `MemberID` int(11) NOT NULL DEFAULT '0',
  PRIMARY KEY (`ID`),
  KEY `ClassName` (`ClassName`),
  KEY `MemberID` (`MemberID`)
) ENGINE=InnoDB DEFAULT CHARSET=utf8;
/*!40101 SET character_set_client = @saved_cs_client */;

--
-- Dumping data for table `LoginAttempt`
--

LOCK TABLES `LoginAttempt` WRITE;
/*!40000 ALTER TABLE `LoginAttempt` DISABLE KEYS */;
/*!40000 ALTER TABLE `LoginAttempt` ENABLE KEYS */;
UNLOCK TABLES;

--
-- Table structure for table `Member`
--

DROP TABLE IF EXISTS `Member`;
/*!40101 SET @saved_cs_client     = @@character_set_client */;
/*!40101 SET character_set_client = utf8 */;
CREATE TABLE `Member` (
  `ID` int(11) NOT NULL AUTO_INCREMENT,
  `ClassName` enum('SilverStripe\\Security\\Member') DEFAULT 'SilverStripe\\Security\\Member',
  `LastEdited` datetime DEFAULT NULL,
  `Created` datetime DEFAULT NULL,
  `FirstName` varchar(255) DEFAULT NULL,
  `Surname` varchar(255) DEFAULT NULL,
  `Email` varchar(254) DEFAULT NULL,
  `TempIDHash` varchar(160) DEFAULT NULL,
  `TempIDExpired` datetime DEFAULT NULL,
  `Password` varchar(160) DEFAULT NULL,
  `AutoLoginHash` varchar(160) DEFAULT NULL,
  `AutoLoginExpired` datetime DEFAULT NULL,
  `PasswordEncryption` varchar(50) DEFAULT NULL,
  `Salt` varchar(50) DEFAULT NULL,
  `PasswordExpiry` date DEFAULT NULL,
  `LockedOutUntil` datetime DEFAULT NULL,
  `Locale` varchar(6) DEFAULT NULL,
  `FailedLoginCount` int(11) NOT NULL DEFAULT '0',
  PRIMARY KEY (`ID`),
  KEY `ClassName` (`ClassName`),
  KEY `Email` (`Email`)
) ENGINE=InnoDB AUTO_INCREMENT=2 DEFAULT CHARSET=utf8;
/*!40101 SET character_set_client = @saved_cs_client */;

--
-- Dumping data for table `Member`
--

LOCK TABLES `Member` WRITE;
/*!40000 ALTER TABLE `Member` DISABLE KEYS */;
INSERT INTO `Member` VALUES (1,'SilverStripe\\Security\\Member','2017-09-14 12:57:42','2017-09-12 11:04:00','Default Admin',NULL,'root','19c29b75a1c62d6b66c58cdf6df8710e029b34d8','2017-09-17 12:57:42',NULL,NULL,NULL,NULL,NULL,NULL,NULL,'en_US',0);
/*!40000 ALTER TABLE `Member` ENABLE KEYS */;
UNLOCK TABLES;

--
-- Table structure for table `MemberPassword`
--

DROP TABLE IF EXISTS `MemberPassword`;
/*!40101 SET @saved_cs_client     = @@character_set_client */;
/*!40101 SET character_set_client = utf8 */;
CREATE TABLE `MemberPassword` (
  `ID` int(11) NOT NULL AUTO_INCREMENT,
  `ClassName` enum('SilverStripe\\Security\\MemberPassword') DEFAULT 'SilverStripe\\Security\\MemberPassword',
  `LastEdited` datetime DEFAULT NULL,
  `Created` datetime DEFAULT NULL,
  `Password` varchar(160) DEFAULT NULL,
  `Salt` varchar(50) DEFAULT NULL,
  `PasswordEncryption` varchar(50) DEFAULT NULL,
  `MemberID` int(11) NOT NULL DEFAULT '0',
  PRIMARY KEY (`ID`),
  KEY `ClassName` (`ClassName`),
  KEY `MemberID` (`MemberID`)
) ENGINE=InnoDB DEFAULT CHARSET=utf8;
/*!40101 SET character_set_client = @saved_cs_client */;

--
-- Dumping data for table `MemberPassword`
--

LOCK TABLES `MemberPassword` WRITE;
/*!40000 ALTER TABLE `MemberPassword` DISABLE KEYS */;
/*!40000 ALTER TABLE `MemberPassword` ENABLE KEYS */;
UNLOCK TABLES;

--
-- Table structure for table `Permission`
--

DROP TABLE IF EXISTS `Permission`;
/*!40101 SET @saved_cs_client     = @@character_set_client */;
/*!40101 SET character_set_client = utf8 */;
CREATE TABLE `Permission` (
  `ID` int(11) NOT NULL AUTO_INCREMENT,
  `ClassName` enum('SilverStripe\\Security\\Permission') DEFAULT 'SilverStripe\\Security\\Permission',
  `LastEdited` datetime DEFAULT NULL,
  `Created` datetime DEFAULT NULL,
  `Code` varchar(255) DEFAULT NULL,
  `Arg` int(11) NOT NULL DEFAULT '0',
  `Type` int(11) NOT NULL DEFAULT '1',
  `GroupID` int(11) NOT NULL DEFAULT '0',
  PRIMARY KEY (`ID`),
  KEY `ClassName` (`ClassName`),
  KEY `GroupID` (`GroupID`),
  KEY `Code` (`Code`)
) ENGINE=InnoDB AUTO_INCREMENT=6 DEFAULT CHARSET=utf8;
/*!40101 SET character_set_client = @saved_cs_client */;

--
-- Dumping data for table `Permission`
--

LOCK TABLES `Permission` WRITE;
/*!40000 ALTER TABLE `Permission` DISABLE KEYS */;
INSERT INTO `Permission` VALUES (1,'SilverStripe\\Security\\Permission','2017-09-12 11:04:00','2017-09-12 11:04:00','CMS_ACCESS_CMSMain',0,1,1),(2,'SilverStripe\\Security\\Permission','2017-09-12 11:04:00','2017-09-12 11:04:00','CMS_ACCESS_AssetAdmin',0,1,1),(3,'SilverStripe\\Security\\Permission','2017-09-12 11:04:00','2017-09-12 11:04:00','CMS_ACCESS_ReportAdmin',0,1,1),(4,'SilverStripe\\Security\\Permission','2017-09-12 11:04:00','2017-09-12 11:04:00','SITETREE_REORGANISE',0,1,1),(5,'SilverStripe\\Security\\Permission','2017-09-12 11:04:00','2017-09-12 11:04:00','ADMIN',0,1,2);
/*!40000 ALTER TABLE `Permission` ENABLE KEYS */;
UNLOCK TABLES;

--
-- Table structure for table `PermissionRole`
--

DROP TABLE IF EXISTS `PermissionRole`;
/*!40101 SET @saved_cs_client     = @@character_set_client */;
/*!40101 SET character_set_client = utf8 */;
CREATE TABLE `PermissionRole` (
  `ID` int(11) NOT NULL AUTO_INCREMENT,
  `ClassName` enum('SilverStripe\\Security\\PermissionRole') DEFAULT 'SilverStripe\\Security\\PermissionRole',
  `LastEdited` datetime DEFAULT NULL,
  `Created` datetime DEFAULT NULL,
  `Title` varchar(255) DEFAULT NULL,
  `OnlyAdminCanApply` tinyint(1) unsigned NOT NULL DEFAULT '0',
  PRIMARY KEY (`ID`),
  KEY `ClassName` (`ClassName`)
) ENGINE=InnoDB DEFAULT CHARSET=utf8;
/*!40101 SET character_set_client = @saved_cs_client */;

--
-- Dumping data for table `PermissionRole`
--

LOCK TABLES `PermissionRole` WRITE;
/*!40000 ALTER TABLE `PermissionRole` DISABLE KEYS */;
/*!40000 ALTER TABLE `PermissionRole` ENABLE KEYS */;
UNLOCK TABLES;

--
-- Table structure for table `PermissionRoleCode`
--

DROP TABLE IF EXISTS `PermissionRoleCode`;
/*!40101 SET @saved_cs_client     = @@character_set_client */;
/*!40101 SET character_set_client = utf8 */;
CREATE TABLE `PermissionRoleCode` (
  `ID` int(11) NOT NULL AUTO_INCREMENT,
  `ClassName` enum('SilverStripe\\Security\\PermissionRoleCode') DEFAULT 'SilverStripe\\Security\\PermissionRoleCode',
  `LastEdited` datetime DEFAULT NULL,
  `Created` datetime DEFAULT NULL,
  `Code` varchar(255) DEFAULT NULL,
  `RoleID` int(11) NOT NULL DEFAULT '0',
  PRIMARY KEY (`ID`),
  KEY `ClassName` (`ClassName`),
  KEY `RoleID` (`RoleID`)
) ENGINE=InnoDB DEFAULT CHARSET=utf8;
/*!40101 SET character_set_client = @saved_cs_client */;

--
-- Dumping data for table `PermissionRoleCode`
--

LOCK TABLES `PermissionRoleCode` WRITE;
/*!40000 ALTER TABLE `PermissionRoleCode` DISABLE KEYS */;
/*!40000 ALTER TABLE `PermissionRoleCode` ENABLE KEYS */;
UNLOCK TABLES;

--
-- Table structure for table `RedirectorPage`
--

DROP TABLE IF EXISTS `RedirectorPage`;
/*!40101 SET @saved_cs_client     = @@character_set_client */;
/*!40101 SET character_set_client = utf8 */;
CREATE TABLE `RedirectorPage` (
  `ID` int(11) NOT NULL AUTO_INCREMENT,
  `RedirectionType` enum('Internal','External') DEFAULT 'Internal',
  `ExternalURL` varchar(2083) DEFAULT NULL,
  `LinkToID` int(11) NOT NULL DEFAULT '0',
  PRIMARY KEY (`ID`),
  KEY `LinkToID` (`LinkToID`)
) ENGINE=InnoDB DEFAULT CHARSET=utf8;
/*!40101 SET character_set_client = @saved_cs_client */;

--
-- Dumping data for table `RedirectorPage`
--

LOCK TABLES `RedirectorPage` WRITE;
/*!40000 ALTER TABLE `RedirectorPage` DISABLE KEYS */;
/*!40000 ALTER TABLE `RedirectorPage` ENABLE KEYS */;
UNLOCK TABLES;

--
-- Table structure for table `RedirectorPage_Live`
--

DROP TABLE IF EXISTS `RedirectorPage_Live`;
/*!40101 SET @saved_cs_client     = @@character_set_client */;
/*!40101 SET character_set_client = utf8 */;
CREATE TABLE `RedirectorPage_Live` (
  `ID` int(11) NOT NULL AUTO_INCREMENT,
  `RedirectionType` enum('Internal','External') DEFAULT 'Internal',
  `ExternalURL` varchar(2083) DEFAULT NULL,
  `LinkToID` int(11) NOT NULL DEFAULT '0',
  PRIMARY KEY (`ID`),
  KEY `LinkToID` (`LinkToID`)
) ENGINE=InnoDB DEFAULT CHARSET=utf8;
/*!40101 SET character_set_client = @saved_cs_client */;

--
-- Dumping data for table `RedirectorPage_Live`
--

LOCK TABLES `RedirectorPage_Live` WRITE;
/*!40000 ALTER TABLE `RedirectorPage_Live` DISABLE KEYS */;
/*!40000 ALTER TABLE `RedirectorPage_Live` ENABLE KEYS */;
UNLOCK TABLES;

--
-- Table structure for table `RedirectorPage_Versions`
--

DROP TABLE IF EXISTS `RedirectorPage_Versions`;
/*!40101 SET @saved_cs_client     = @@character_set_client */;
/*!40101 SET character_set_client = utf8 */;
CREATE TABLE `RedirectorPage_Versions` (
  `ID` int(11) NOT NULL AUTO_INCREMENT,
  `RecordID` int(11) NOT NULL DEFAULT '0',
  `Version` int(11) NOT NULL DEFAULT '0',
  `RedirectionType` enum('Internal','External') DEFAULT 'Internal',
  `ExternalURL` varchar(2083) DEFAULT NULL,
  `LinkToID` int(11) NOT NULL DEFAULT '0',
  PRIMARY KEY (`ID`),
  UNIQUE KEY `RecordID_Version` (`RecordID`,`Version`),
  KEY `RecordID` (`RecordID`),
  KEY `Version` (`Version`),
  KEY `LinkToID` (`LinkToID`)
) ENGINE=InnoDB DEFAULT CHARSET=utf8;
/*!40101 SET character_set_client = @saved_cs_client */;

--
-- Dumping data for table `RedirectorPage_Versions`
--

LOCK TABLES `RedirectorPage_Versions` WRITE;
/*!40000 ALTER TABLE `RedirectorPage_Versions` DISABLE KEYS */;
/*!40000 ALTER TABLE `RedirectorPage_Versions` ENABLE KEYS */;
UNLOCK TABLES;

--
-- Table structure for table `RememberLoginHash`
--

DROP TABLE IF EXISTS `RememberLoginHash`;
/*!40101 SET @saved_cs_client     = @@character_set_client */;
/*!40101 SET character_set_client = utf8 */;
CREATE TABLE `RememberLoginHash` (
  `ID` int(11) NOT NULL AUTO_INCREMENT,
  `ClassName` enum('SilverStripe\\Security\\RememberLoginHash') DEFAULT 'SilverStripe\\Security\\RememberLoginHash',
  `LastEdited` datetime DEFAULT NULL,
  `Created` datetime DEFAULT NULL,
  `DeviceID` varchar(40) DEFAULT NULL,
  `Hash` varchar(160) DEFAULT NULL,
  `ExpiryDate` datetime DEFAULT NULL,
  `MemberID` int(11) NOT NULL DEFAULT '0',
  PRIMARY KEY (`ID`),
  KEY `ClassName` (`ClassName`),
  KEY `MemberID` (`MemberID`),
  KEY `DeviceID` (`DeviceID`),
  KEY `Hash` (`Hash`)
) ENGINE=InnoDB DEFAULT CHARSET=utf8;
/*!40101 SET character_set_client = @saved_cs_client */;

--
-- Dumping data for table `RememberLoginHash`
--

LOCK TABLES `RememberLoginHash` WRITE;
/*!40000 ALTER TABLE `RememberLoginHash` DISABLE KEYS */;
/*!40000 ALTER TABLE `RememberLoginHash` ENABLE KEYS */;
UNLOCK TABLES;

--
-- Table structure for table `SilverStripe_Lessons_ArticleCategory`
--

DROP TABLE IF EXISTS `SilverStripe_Lessons_ArticleCategory`;
/*!40101 SET @saved_cs_client     = @@character_set_client */;
/*!40101 SET character_set_client = utf8 */;
CREATE TABLE `SilverStripe_Lessons_ArticleCategory` (
  `ID` int(11) NOT NULL AUTO_INCREMENT,
  `ClassName` enum('SilverStripe\\Lessons\\ArticleCategory') DEFAULT 'SilverStripe\\Lessons\\ArticleCategory',
  `LastEdited` datetime DEFAULT NULL,
  `Created` datetime DEFAULT NULL,
  `Title` varchar(255) DEFAULT NULL,
  `ArticleHolderID` int(11) NOT NULL DEFAULT '0',
  PRIMARY KEY (`ID`),
  KEY `ClassName` (`ClassName`),
  KEY `ArticleHolderID` (`ArticleHolderID`)
) ENGINE=InnoDB AUTO_INCREMENT=4 DEFAULT CHARSET=utf8;
/*!40101 SET character_set_client = @saved_cs_client */;

--
-- Dumping data for table `SilverStripe_Lessons_ArticleCategory`
--

LOCK TABLES `SilverStripe_Lessons_ArticleCategory` WRITE;
/*!40000 ALTER TABLE `SilverStripe_Lessons_ArticleCategory` DISABLE KEYS */;
INSERT INTO `SilverStripe_Lessons_ArticleCategory` VALUES (1,'SilverStripe\\Lessons\\ArticleCategory','2017-09-14 16:13:52','2017-09-14 16:13:52','Properties',9),(2,'SilverStripe\\Lessons\\ArticleCategory','2017-09-14 16:14:01','2017-09-14 16:14:01','Prices',9),(3,'SilverStripe\\Lessons\\ArticleCategory','2017-09-14 16:14:08','2017-09-14 16:14:08','Best deals',9);
/*!40000 ALTER TABLE `SilverStripe_Lessons_ArticleCategory` ENABLE KEYS */;
UNLOCK TABLES;

--
-- Table structure for table `SilverStripe_Lessons_ArticleComment`
--

DROP TABLE IF EXISTS `SilverStripe_Lessons_ArticleComment`;
/*!40101 SET @saved_cs_client     = @@character_set_client */;
/*!40101 SET character_set_client = utf8 */;
CREATE TABLE `SilverStripe_Lessons_ArticleComment` (
  `ID` int(11) NOT NULL AUTO_INCREMENT,
  `ClassName` enum('SilverStripe\\Lessons\\ArticleComment') DEFAULT 'SilverStripe\\Lessons\\ArticleComment',
  `LastEdited` datetime DEFAULT NULL,
  `Created` datetime DEFAULT NULL,
  `Name` varchar(255) DEFAULT NULL,
  `Email` varchar(255) DEFAULT NULL,
  `Comment` mediumtext,
  `ArticlePageID` int(11) NOT NULL DEFAULT '0',
  PRIMARY KEY (`ID`),
  KEY `ClassName` (`ClassName`),
  KEY `ArticlePageID` (`ArticlePageID`)
) ENGINE=InnoDB AUTO_INCREMENT=2 DEFAULT CHARSET=utf8;
/*!40101 SET character_set_client = @saved_cs_client */;

--
-- Dumping data for table `SilverStripe_Lessons_ArticleComment`
--

LOCK TABLES `SilverStripe_Lessons_ArticleComment` WRITE;
/*!40000 ALTER TABLE `SilverStripe_Lessons_ArticleComment` DISABLE KEYS */;
INSERT INTO `SilverStripe_Lessons_ArticleComment` VALUES (1,'SilverStripe\\Lessons\\ArticleComment','2017-09-14 16:52:11','2017-09-14 16:52:11','Test Commenter','tester@example.com','This is a test comment.',10);
/*!40000 ALTER TABLE `SilverStripe_Lessons_ArticleComment` ENABLE KEYS */;
UNLOCK TABLES;

--
-- Table structure for table `SilverStripe_Lessons_ArticlePage`
--

DROP TABLE IF EXISTS `SilverStripe_Lessons_ArticlePage`;
/*!40101 SET @saved_cs_client     = @@character_set_client */;
/*!40101 SET character_set_client = utf8 */;
CREATE TABLE `SilverStripe_Lessons_ArticlePage` (
  `ID` int(11) NOT NULL AUTO_INCREMENT,
  `Date` date DEFAULT NULL,
  `Teaser` mediumtext,
  `Author` varchar(255) DEFAULT NULL,
  `PhotoID` int(11) NOT NULL DEFAULT '0',
  `BrochureID` int(11) NOT NULL DEFAULT '0',
  PRIMARY KEY (`ID`),
  KEY `PhotoID` (`PhotoID`),
  KEY `BrochureID` (`BrochureID`)
) ENGINE=InnoDB AUTO_INCREMENT=12 DEFAULT CHARSET=utf8;
/*!40101 SET character_set_client = @saved_cs_client */;

--
-- Dumping data for table `SilverStripe_Lessons_ArticlePage`
--

LOCK TABLES `SilverStripe_Lessons_ArticlePage` WRITE;
/*!40000 ALTER TABLE `SilverStripe_Lessons_ArticlePage` DISABLE KEYS */;
INSERT INTO `SilverStripe_Lessons_ArticlePage` VALUES (10,'2017-06-14','Summary of the first article.','Uncle Cheese',3,4),(11,NULL,NULL,NULL,5,6);
/*!40000 ALTER TABLE `SilverStripe_Lessons_ArticlePage` ENABLE KEYS */;
UNLOCK TABLES;

--
-- Table structure for table `SilverStripe_Lessons_ArticlePage_Categories`
--

DROP TABLE IF EXISTS `SilverStripe_Lessons_ArticlePage_Categories`;
/*!40101 SET @saved_cs_client     = @@character_set_client */;
/*!40101 SET character_set_client = utf8 */;
CREATE TABLE `SilverStripe_Lessons_ArticlePage_Categories` (
  `ID` int(11) NOT NULL AUTO_INCREMENT,
  `SilverStripe_Lessons_ArticlePageID` int(11) NOT NULL DEFAULT '0',
  `SilverStripe_Lessons_ArticleCategoryID` int(11) NOT NULL DEFAULT '0',
  PRIMARY KEY (`ID`),
  KEY `SilverStripe_Lessons_ArticlePageID` (`SilverStripe_Lessons_ArticlePageID`),
  KEY `SilverStripe_Lessons_ArticleCategoryID` (`SilverStripe_Lessons_ArticleCategoryID`)
) ENGINE=InnoDB AUTO_INCREMENT=4 DEFAULT CHARSET=utf8;
/*!40101 SET character_set_client = @saved_cs_client */;

--
-- Dumping data for table `SilverStripe_Lessons_ArticlePage_Categories`
--

LOCK TABLES `SilverStripe_Lessons_ArticlePage_Categories` WRITE;
/*!40000 ALTER TABLE `SilverStripe_Lessons_ArticlePage_Categories` DISABLE KEYS */;
INSERT INTO `SilverStripe_Lessons_ArticlePage_Categories` VALUES (1,11,2),(2,11,3),(3,10,1);
/*!40000 ALTER TABLE `SilverStripe_Lessons_ArticlePage_Categories` ENABLE KEYS */;
UNLOCK TABLES;

--
-- Table structure for table `SilverStripe_Lessons_ArticlePage_Live`
--

DROP TABLE IF EXISTS `SilverStripe_Lessons_ArticlePage_Live`;
/*!40101 SET @saved_cs_client     = @@character_set_client */;
/*!40101 SET character_set_client = utf8 */;
CREATE TABLE `SilverStripe_Lessons_ArticlePage_Live` (
  `ID` int(11) NOT NULL AUTO_INCREMENT,
  `Date` date DEFAULT NULL,
  `Teaser` mediumtext,
  `Author` varchar(255) DEFAULT NULL,
  `PhotoID` int(11) NOT NULL DEFAULT '0',
  `BrochureID` int(11) NOT NULL DEFAULT '0',
  PRIMARY KEY (`ID`),
  KEY `PhotoID` (`PhotoID`),
  KEY `BrochureID` (`BrochureID`)
) ENGINE=InnoDB AUTO_INCREMENT=12 DEFAULT CHARSET=utf8;
/*!40101 SET character_set_client = @saved_cs_client */;

--
-- Dumping data for table `SilverStripe_Lessons_ArticlePage_Live`
--

LOCK TABLES `SilverStripe_Lessons_ArticlePage_Live` WRITE;
/*!40000 ALTER TABLE `SilverStripe_Lessons_ArticlePage_Live` DISABLE KEYS */;
INSERT INTO `SilverStripe_Lessons_ArticlePage_Live` VALUES (10,'2017-06-14','Summary of the first article.','Uncle Cheese',3,4),(11,NULL,NULL,NULL,5,6);
/*!40000 ALTER TABLE `SilverStripe_Lessons_ArticlePage_Live` ENABLE KEYS */;
UNLOCK TABLES;

--
-- Table structure for table `SilverStripe_Lessons_ArticlePage_Versions`
--

DROP TABLE IF EXISTS `SilverStripe_Lessons_ArticlePage_Versions`;
/*!40101 SET @saved_cs_client     = @@character_set_client */;
/*!40101 SET character_set_client = utf8 */;
CREATE TABLE `SilverStripe_Lessons_ArticlePage_Versions` (
  `ID` int(11) NOT NULL AUTO_INCREMENT,
  `RecordID` int(11) NOT NULL DEFAULT '0',
  `Version` int(11) NOT NULL DEFAULT '0',
  `Date` date DEFAULT NULL,
  `Teaser` mediumtext,
  `Author` varchar(255) DEFAULT NULL,
  `PhotoID` int(11) NOT NULL DEFAULT '0',
  `BrochureID` int(11) NOT NULL DEFAULT '0',
  PRIMARY KEY (`ID`),
  UNIQUE KEY `RecordID_Version` (`RecordID`,`Version`),
  KEY `RecordID` (`RecordID`),
  KEY `Version` (`Version`),
  KEY `PhotoID` (`PhotoID`),
  KEY `BrochureID` (`BrochureID`)
) ENGINE=InnoDB AUTO_INCREMENT=4 DEFAULT CHARSET=utf8;
/*!40101 SET character_set_client = @saved_cs_client */;

--
-- Dumping data for table `SilverStripe_Lessons_ArticlePage_Versions`
--

LOCK TABLES `SilverStripe_Lessons_ArticlePage_Versions` WRITE;
/*!40000 ALTER TABLE `SilverStripe_Lessons_ArticlePage_Versions` DISABLE KEYS */;
INSERT INTO `SilverStripe_Lessons_ArticlePage_Versions` VALUES (1,10,3,'2017-06-14','Summary of the first article.','Uncle Cheese',0,0),(2,10,4,'2017-06-14','Summary of the first article.','Uncle Cheese',3,4),(3,11,3,NULL,NULL,NULL,5,6);
/*!40000 ALTER TABLE `SilverStripe_Lessons_ArticlePage_Versions` ENABLE KEYS */;
UNLOCK TABLES;

--
-- Table structure for table `SilverStripe_Lessons_Property`
--

DROP TABLE IF EXISTS `SilverStripe_Lessons_Property`;
/*!40101 SET @saved_cs_client     = @@character_set_client */;
/*!40101 SET character_set_client = utf8 */;
CREATE TABLE `SilverStripe_Lessons_Property` (
  `ID` int(11) NOT NULL AUTO_INCREMENT,
  `ClassName` enum('SilverStripe\\Lessons\\Property') DEFAULT 'SilverStripe\\Lessons\\Property',
  `LastEdited` datetime DEFAULT NULL,
  `Created` datetime DEFAULT NULL,
  `Title` varchar(255) DEFAULT NULL,
  `PricePerNight` decimal(9,2) NOT NULL DEFAULT '0.00',
  `Bedrooms` int(11) NOT NULL DEFAULT '0',
  `Bathrooms` int(11) NOT NULL DEFAULT '0',
  `FeaturedOnHomepage` tinyint(1) unsigned NOT NULL DEFAULT '0',
  `RegionID` int(11) NOT NULL DEFAULT '0',
  `PrimaryPhotoID` int(11) NOT NULL DEFAULT '0',
  `Version` int(11) NOT NULL DEFAULT '0',
  PRIMARY KEY (`ID`),
  KEY `ClassName` (`ClassName`),
  KEY `RegionID` (`RegionID`),
  KEY `PrimaryPhotoID` (`PrimaryPhotoID`)
) ENGINE=InnoDB AUTO_INCREMENT=201 DEFAULT CHARSET=utf8;
/*!40101 SET character_set_client = @saved_cs_client */;

--
-- Dumping data for table `SilverStripe_Lessons_Property`
--

LOCK TABLES `SilverStripe_Lessons_Property` WRITE;
/*!40000 ALTER TABLE `SilverStripe_Lessons_Property` DISABLE KEYS */;
INSERT INTO `SilverStripe_Lessons_Property` VALUES (101,'SilverStripe\\Lessons\\Property','2017-09-26 12:01:14','2017-09-25 15:34:34','Sed fusce vehicula',700.00,2,1,0,1,22,1),(102,'SilverStripe\\Lessons\\Property','2017-09-26 12:01:14','2017-09-25 15:34:34','Sagittis elementum',100.00,3,1,0,4,14,1),(103,'SilverStripe\\Lessons\\Property','2017-09-26 12:01:14','2017-09-25 15:34:34','Tortor vehicula',600.00,2,1,1,3,20,1),(104,'SilverStripe\\Lessons\\Property','2017-09-26 12:01:14','2017-09-25 15:34:34','Cubilia efficitur',100.00,3,3,0,3,23,1),(105,'SilverStripe\\Lessons\\Property','2017-09-26 12:01:14','2017-09-25 15:34:34','Consectetur mollis fringilla dui',900.00,1,1,0,1,16,1),(106,'SilverStripe\\Lessons\\Property','2017-09-26 12:01:14','2017-09-25 15:34:34','Praesent placerat eu',100.00,5,2,0,2,17,1),(107,'SilverStripe\\Lessons\\Property','2017-09-26 12:01:14','2017-09-25 15:34:34','Sit fermentum congue',100.00,3,3,1,1,17,1),(108,'SilverStripe\\Lessons\\Property','2017-09-26 12:01:14','2017-09-25 15:34:34','Dictum aliquet netus',400.00,3,3,0,4,15,1),(109,'SilverStripe\\Lessons\\Property','2017-09-26 12:01:14','2017-09-25 15:34:34','Facilisis ullamcorper',500.00,3,3,1,3,14,1),(110,'SilverStripe\\Lessons\\Property','2017-09-26 12:01:14','2017-09-25 15:34:34','Ut proin magna, elit phasellus et',200.00,1,1,0,2,18,1),(111,'SilverStripe\\Lessons\\Property','2017-09-26 12:01:14','2017-09-25 15:34:34','Fringilla urna per',200.00,2,1,1,4,21,1),(112,'SilverStripe\\Lessons\\Property','2017-09-26 12:01:14','2017-09-25 15:34:34','Ipsum adipiscing torquent nam',300.00,3,3,0,3,13,1),(113,'SilverStripe\\Lessons\\Property','2017-09-26 12:01:15','2017-09-25 15:34:34','Quisque habitant',300.00,1,1,1,3,20,1),(114,'SilverStripe\\Lessons\\Property','2017-09-26 12:01:15','2017-09-25 15:34:34','Volutpat rhoncus, nec pulvinar',600.00,1,1,1,3,13,1),(115,'SilverStripe\\Lessons\\Property','2017-09-26 12:01:15','2017-09-25 15:34:34','Interdum cubilia commodo porta, interdum eget dictumst cras',200.00,3,1,1,1,17,1),(116,'SilverStripe\\Lessons\\Property','2017-09-26 12:01:15','2017-09-25 15:34:34','Venenatis class',100.00,5,2,0,2,23,1),(117,'SilverStripe\\Lessons\\Property','2017-09-26 12:01:15','2017-09-25 15:34:34','Leo phasellus inceptos',500.00,2,1,0,1,19,1),(118,'SilverStripe\\Lessons\\Property','2017-09-26 12:01:15','2017-09-25 15:34:34','Sit tincidunt ut felis',600.00,2,1,0,3,17,1),(119,'SilverStripe\\Lessons\\Property','2017-09-26 12:01:15','2017-09-25 15:34:34','Quis ex curae urna, convallis sollicitudin libero ad',300.00,5,2,1,2,14,1),(120,'SilverStripe\\Lessons\\Property','2017-09-26 12:01:15','2017-09-25 15:34:34','Viverra tortor vulputate odio, adipiscing dapibus vel aliquet',500.00,4,2,0,1,19,1),(121,'SilverStripe\\Lessons\\Property','2017-09-26 12:01:15','2017-09-25 15:34:34','Faucibus ornare, convallis risus',200.00,2,3,0,3,19,1),(122,'SilverStripe\\Lessons\\Property','2017-09-26 12:01:15','2017-09-25 15:34:35','Auctor augue dictumst conubia',100.00,1,2,1,1,19,1),(123,'SilverStripe\\Lessons\\Property','2017-09-26 12:01:15','2017-09-25 15:34:35','Malesuada fusce imperdiet',900.00,3,1,1,1,19,1),(124,'SilverStripe\\Lessons\\Property','2017-09-26 12:01:15','2017-09-25 15:34:35','Sapien varius pretium inceptos',400.00,1,2,0,4,17,1),(125,'SilverStripe\\Lessons\\Property','2017-09-26 12:01:15','2017-09-25 15:34:35','Vestibulum conubia tristique',100.00,5,2,1,3,16,1),(126,'SilverStripe\\Lessons\\Property','2017-09-26 12:01:15','2017-09-25 15:34:35','Tortor bibendum diam, velit quis pharetra',700.00,5,2,0,2,17,1),(127,'SilverStripe\\Lessons\\Property','2017-09-26 12:01:15','2017-09-25 15:34:35','Potenti laoreet, eu litora',200.00,5,2,1,4,16,1),(128,'SilverStripe\\Lessons\\Property','2017-09-26 12:01:15','2017-09-25 15:34:35','Convallis sagittis gravida',500.00,3,3,0,2,19,1),(129,'SilverStripe\\Lessons\\Property','2017-09-26 12:01:15','2017-09-25 15:34:35','Suspendisse netus',400.00,5,2,0,4,22,1),(130,'SilverStripe\\Lessons\\Property','2017-09-26 12:01:15','2017-09-25 15:34:35','Cursus dictumst, quis congue',800.00,1,3,1,4,15,1),(131,'SilverStripe\\Lessons\\Property','2017-09-26 12:01:15','2017-09-25 15:34:35','Sed tortor elementum',200.00,1,2,1,1,22,1),(132,'SilverStripe\\Lessons\\Property','2017-09-26 12:01:15','2017-09-25 15:34:35','Dictumst elementum',500.00,4,1,1,4,23,1),(133,'SilverStripe\\Lessons\\Property','2017-09-26 12:01:15','2017-09-25 15:34:35','Posuere sollicitudin, ipsum senectus',200.00,2,2,0,2,21,1),(134,'SilverStripe\\Lessons\\Property','2017-09-26 12:01:16','2017-09-25 15:34:35','Erat leo taciti',900.00,3,2,1,3,14,1),(135,'SilverStripe\\Lessons\\Property','2017-09-26 12:01:16','2017-09-25 15:34:35','Nibh convallis et libero',900.00,4,2,1,3,13,1),(136,'SilverStripe\\Lessons\\Property','2017-09-26 12:01:16','2017-09-25 15:34:35','Justo suspendisse pretium',700.00,5,3,1,4,21,1),(137,'SilverStripe\\Lessons\\Property','2017-09-26 12:01:16','2017-09-25 15:34:35','Donec laoreet',400.00,4,1,1,3,22,1),(138,'SilverStripe\\Lessons\\Property','2017-09-26 12:01:16','2017-09-25 15:34:35','Interdum integer ultricies consequat',500.00,5,2,0,2,20,1),(139,'SilverStripe\\Lessons\\Property','2017-09-26 12:01:16','2017-09-25 15:34:35','Fusce arcu vivamus, at facilisis ligula',100.00,3,1,0,4,15,1),(140,'SilverStripe\\Lessons\\Property','2017-09-26 12:01:16','2017-09-25 15:34:35','Erat convallis primis consequat',500.00,4,3,0,2,14,1),(141,'SilverStripe\\Lessons\\Property','2017-09-26 12:01:16','2017-09-25 15:34:35','Adipiscing eleifend quam ullamcorper',500.00,1,1,1,4,19,1),(142,'SilverStripe\\Lessons\\Property','2017-09-26 12:01:16','2017-09-25 15:34:35','Metus et, vel cras',500.00,2,1,0,2,16,1),(143,'SilverStripe\\Lessons\\Property','2017-09-26 12:01:16','2017-09-25 15:34:35','Dictum erat metus odio',600.00,4,2,1,4,21,1),(144,'SilverStripe\\Lessons\\Property','2017-09-26 12:01:16','2017-09-25 15:34:35','Sed habitasse fermentum',100.00,2,3,0,3,17,1),(145,'SilverStripe\\Lessons\\Property','2017-09-26 12:01:16','2017-09-25 15:34:35','Metus maximus, maecenas tempus',100.00,1,1,1,1,19,1),(146,'SilverStripe\\Lessons\\Property','2017-09-26 12:01:16','2017-09-25 15:34:35','Maecenas condimentum magna',500.00,4,1,0,2,17,1),(147,'SilverStripe\\Lessons\\Property','2017-09-26 12:01:16','2017-09-25 15:34:35','Id eleifend risus, facilisis tempor ante',600.00,3,3,1,3,17,1),(148,'SilverStripe\\Lessons\\Property','2017-09-26 12:01:16','2017-09-25 15:34:35','Viverra taciti enim',200.00,1,2,0,1,20,1),(149,'SilverStripe\\Lessons\\Property','2017-09-26 12:01:16','2017-09-25 15:34:35','Sociosqu vehicula',200.00,4,1,1,2,14,1),(150,'SilverStripe\\Lessons\\Property','2017-09-26 12:01:16','2017-09-25 15:34:35','Felis orci',200.00,5,2,1,1,14,1),(151,'SilverStripe\\Lessons\\Property','2017-09-26 12:01:16','2017-09-25 15:34:35','Convallis eros netus, condimentum himenaeos magna',300.00,2,1,1,4,21,1),(152,'SilverStripe\\Lessons\\Property','2017-09-26 12:01:16','2017-09-25 15:34:35','Ultricies fames',200.00,1,3,1,3,13,1),(153,'SilverStripe\\Lessons\\Property','2017-09-26 12:01:16','2017-09-25 15:34:35','Tortor nisi litora, litora conubia neque',400.00,1,3,1,2,18,1),(154,'SilverStripe\\Lessons\\Property','2017-09-26 12:01:16','2017-09-25 15:34:35','Euismod himenaeos donec, maecenas tincidunt fusce',100.00,4,3,1,1,16,1),(155,'SilverStripe\\Lessons\\Property','2017-09-26 12:01:17','2017-09-25 15:34:35','Lorem mattis nunc orci',100.00,4,1,1,2,17,1),(156,'SilverStripe\\Lessons\\Property','2017-09-26 12:01:17','2017-09-25 15:34:35','Lacinia eleifend eu',500.00,4,1,1,4,15,1),(157,'SilverStripe\\Lessons\\Property','2017-09-26 12:01:17','2017-09-25 15:34:35','Lobortis porttitor condimentum ad',800.00,2,3,0,1,16,1),(158,'SilverStripe\\Lessons\\Property','2017-09-26 12:01:17','2017-09-25 15:34:35','Nulla varius et class',200.00,2,3,1,2,18,1),(159,'SilverStripe\\Lessons\\Property','2017-09-26 12:01:17','2017-09-25 15:34:35','Suspendisse ante',700.00,5,3,0,1,16,1),(160,'SilverStripe\\Lessons\\Property','2017-09-26 12:01:17','2017-09-25 15:34:35','Viverra pulvinar cursus blandit',300.00,3,2,0,2,18,1),(161,'SilverStripe\\Lessons\\Property','2017-09-26 12:01:17','2017-09-25 15:34:35','Etiam velit',300.00,1,2,1,4,21,1),(162,'SilverStripe\\Lessons\\Property','2017-09-26 12:01:17','2017-09-25 15:34:35','Tortor turpis',100.00,1,2,0,3,13,1),(163,'SilverStripe\\Lessons\\Property','2017-09-26 12:01:17','2017-09-25 15:34:35','Etiam aliquam',400.00,3,3,1,2,13,1),(164,'SilverStripe\\Lessons\\Property','2017-09-26 12:01:17','2017-09-25 15:34:35','Eleifend cubilia enim',800.00,5,1,0,2,20,1),(165,'SilverStripe\\Lessons\\Property','2017-09-26 12:01:17','2017-09-25 15:34:35','Feugiat purus',300.00,1,2,1,3,22,1),(166,'SilverStripe\\Lessons\\Property','2017-09-26 12:01:17','2017-09-25 15:34:35','Nostra netus',800.00,4,1,1,4,20,1),(167,'SilverStripe\\Lessons\\Property','2017-09-26 12:01:17','2017-09-25 15:34:35','Mattis laoreet imperdiet',600.00,1,3,0,3,23,1),(168,'SilverStripe\\Lessons\\Property','2017-09-26 12:01:17','2017-09-25 15:34:35','Eleifend nunc tempor et',400.00,1,2,1,4,22,1),(169,'SilverStripe\\Lessons\\Property','2017-09-26 12:01:17','2017-09-25 15:34:35','Praesent auctor',700.00,5,2,0,2,22,1),(170,'SilverStripe\\Lessons\\Property','2017-09-26 12:01:17','2017-09-25 15:34:35','Integer sem, himenaeos blandit',500.00,1,2,1,3,22,1),(171,'SilverStripe\\Lessons\\Property','2017-09-26 12:01:17','2017-09-25 15:34:35','Erat augue vivamus fermentum',300.00,4,2,1,2,18,1),(172,'SilverStripe\\Lessons\\Property','2017-09-26 12:01:17','2017-09-25 15:34:35','Egestas posuere magna, justo nisi libero',800.00,3,2,0,2,20,1),(173,'SilverStripe\\Lessons\\Property','2017-09-26 12:01:17','2017-09-25 15:34:35','Et magna congue eros',600.00,4,3,1,4,21,1),(174,'SilverStripe\\Lessons\\Property','2017-09-26 12:01:17','2017-09-25 15:34:35','Sed phasellus nullam cras',400.00,5,3,1,1,18,1),(175,'SilverStripe\\Lessons\\Property','2017-09-26 12:01:17','2017-09-25 15:34:35','Venenatis ad diam',600.00,2,1,1,3,18,1),(176,'SilverStripe\\Lessons\\Property','2017-09-26 12:01:18','2017-09-25 15:34:35','Vestibulum congue, fusce donec',500.00,1,2,1,2,20,1),(177,'SilverStripe\\Lessons\\Property','2017-09-26 12:01:18','2017-09-25 15:34:35','Integer vel',400.00,5,2,0,3,19,1),(178,'SilverStripe\\Lessons\\Property','2017-09-26 12:01:18','2017-09-25 15:34:35','Mi primis',800.00,2,2,0,4,13,1),(179,'SilverStripe\\Lessons\\Property','2017-09-26 12:01:18','2017-09-25 15:34:35','Mi molestie commodo maximus',500.00,1,3,1,3,22,1),(180,'SilverStripe\\Lessons\\Property','2017-09-26 12:01:18','2017-09-25 15:34:35','Sit semper molestie eros',600.00,5,2,1,3,19,1),(181,'SilverStripe\\Lessons\\Property','2017-09-26 12:01:18','2017-09-25 15:34:35','Condimentum habitasse',500.00,3,3,1,4,13,1),(182,'SilverStripe\\Lessons\\Property','2017-09-26 12:01:18','2017-09-25 15:34:35','Sapien nunc duis',600.00,3,2,0,2,20,1),(183,'SilverStripe\\Lessons\\Property','2017-09-26 12:01:18','2017-09-25 15:34:35','Malesuada id',800.00,1,2,0,1,13,1),(184,'SilverStripe\\Lessons\\Property','2017-09-26 12:01:18','2017-09-25 15:34:35','At suspendisse pretium',500.00,1,1,1,2,14,1),(185,'SilverStripe\\Lessons\\Property','2017-09-26 12:01:18','2017-09-25 15:34:35','Elit in',200.00,4,1,1,1,22,1),(186,'SilverStripe\\Lessons\\Property','2017-09-26 12:01:18','2017-09-25 15:34:35','Porttitor inceptos',200.00,4,1,1,2,19,1),(187,'SilverStripe\\Lessons\\Property','2017-09-26 12:01:18','2017-09-25 15:34:35','Id metus',100.00,1,3,1,1,17,1),(188,'SilverStripe\\Lessons\\Property','2017-09-26 12:01:18','2017-09-25 15:34:35','Integer aliquet habitant',200.00,5,3,1,2,19,1),(189,'SilverStripe\\Lessons\\Property','2017-09-26 12:01:18','2017-09-25 15:34:35','Tempor platea',200.00,3,1,1,2,23,1),(190,'SilverStripe\\Lessons\\Property','2017-09-26 12:01:18','2017-09-25 15:34:35','Scelerisque ultricies dictumst',800.00,3,2,0,4,14,1),(191,'SilverStripe\\Lessons\\Property','2017-09-26 12:01:18','2017-09-25 15:34:35','Ligula vehicula',500.00,3,3,1,3,21,1),(192,'SilverStripe\\Lessons\\Property','2017-09-26 12:01:18','2017-09-25 15:34:35','Viverra proin hendrerit',700.00,2,1,1,1,23,1),(193,'SilverStripe\\Lessons\\Property','2017-09-26 12:01:18','2017-09-25 15:34:35','Malesuada ut est ad, justo pretium aptent imperdiet, ac semper arcu accumsan',200.00,2,2,0,3,15,1),(194,'SilverStripe\\Lessons\\Property','2017-09-26 12:01:18','2017-09-25 15:34:35','Ante ornare sagittis donec',800.00,5,2,0,4,22,1),(195,'SilverStripe\\Lessons\\Property','2017-09-26 12:01:18','2017-09-25 15:34:35','Ornare sollicitudin gravida ad, sit euismod commodo vehicula',400.00,1,1,0,1,13,1),(196,'SilverStripe\\Lessons\\Property','2017-09-26 12:01:18','2017-09-25 15:34:35','Nulla orci',100.00,5,1,0,3,17,1),(197,'SilverStripe\\Lessons\\Property','2017-09-26 12:01:19','2017-09-25 15:34:35','Quis phasellus, et nostra',300.00,2,1,0,1,22,1),(198,'SilverStripe\\Lessons\\Property','2017-09-26 12:01:19','2017-09-25 15:34:35','Praesent eleifend tempor',300.00,2,2,1,2,17,1),(199,'SilverStripe\\Lessons\\Property','2017-09-26 12:01:19','2017-09-25 15:34:35','Egestas convallis enim bibendum',700.00,3,3,1,1,13,1),(200,'SilverStripe\\Lessons\\Property','2017-09-26 12:01:19','2017-09-25 15:34:35','Sed auctor tempus',200.00,4,2,0,4,13,1);
/*!40000 ALTER TABLE `SilverStripe_Lessons_Property` ENABLE KEYS */;
UNLOCK TABLES;

--
-- Table structure for table `SilverStripe_Lessons_Property_Live`
--

DROP TABLE IF EXISTS `SilverStripe_Lessons_Property_Live`;
/*!40101 SET @saved_cs_client     = @@character_set_client */;
/*!40101 SET character_set_client = utf8 */;
CREATE TABLE `SilverStripe_Lessons_Property_Live` (
  `ID` int(11) NOT NULL AUTO_INCREMENT,
  `ClassName` enum('SilverStripe\\Lessons\\Property') DEFAULT 'SilverStripe\\Lessons\\Property',
  `LastEdited` datetime DEFAULT NULL,
  `Created` datetime DEFAULT NULL,
  `Title` varchar(255) DEFAULT NULL,
  `PricePerNight` decimal(9,2) NOT NULL DEFAULT '0.00',
  `Bedrooms` int(11) NOT NULL DEFAULT '0',
  `Bathrooms` int(11) NOT NULL DEFAULT '0',
  `FeaturedOnHomepage` tinyint(1) unsigned NOT NULL DEFAULT '0',
  `Version` int(11) NOT NULL DEFAULT '0',
  `RegionID` int(11) NOT NULL DEFAULT '0',
  `PrimaryPhotoID` int(11) NOT NULL DEFAULT '0',
  PRIMARY KEY (`ID`),
  KEY `ClassName` (`ClassName`),
  KEY `RegionID` (`RegionID`),
  KEY `PrimaryPhotoID` (`PrimaryPhotoID`)
) ENGINE=InnoDB AUTO_INCREMENT=201 DEFAULT CHARSET=utf8;
/*!40101 SET character_set_client = @saved_cs_client */;

--
-- Dumping data for table `SilverStripe_Lessons_Property_Live`
--

LOCK TABLES `SilverStripe_Lessons_Property_Live` WRITE;
/*!40000 ALTER TABLE `SilverStripe_Lessons_Property_Live` DISABLE KEYS */;
INSERT INTO `SilverStripe_Lessons_Property_Live` VALUES (101,'SilverStripe\\Lessons\\Property','2017-09-26 12:01:14','2017-09-25 15:34:34','Sed fusce vehicula',700.00,2,1,0,1,1,22),(102,'SilverStripe\\Lessons\\Property','2017-09-26 12:01:14','2017-09-25 15:34:34','Sagittis elementum',100.00,3,1,0,1,4,14),(103,'SilverStripe\\Lessons\\Property','2017-09-26 12:01:14','2017-09-25 15:34:34','Tortor vehicula',600.00,2,1,1,1,3,20),(104,'SilverStripe\\Lessons\\Property','2017-09-26 12:01:14','2017-09-25 15:34:34','Cubilia efficitur',100.00,3,3,0,1,3,23),(105,'SilverStripe\\Lessons\\Property','2017-09-26 12:01:14','2017-09-25 15:34:34','Consectetur mollis fringilla dui',900.00,1,1,0,1,1,16),(106,'SilverStripe\\Lessons\\Property','2017-09-26 12:01:14','2017-09-25 15:34:34','Praesent placerat eu',100.00,5,2,0,1,2,17),(107,'SilverStripe\\Lessons\\Property','2017-09-26 12:01:14','2017-09-25 15:34:34','Sit fermentum congue',100.00,3,3,1,1,1,17),(108,'SilverStripe\\Lessons\\Property','2017-09-26 12:01:14','2017-09-25 15:34:34','Dictum aliquet netus',400.00,3,3,0,1,4,15),(109,'SilverStripe\\Lessons\\Property','2017-09-26 12:01:14','2017-09-25 15:34:34','Facilisis ullamcorper',500.00,3,3,1,1,3,14),(110,'SilverStripe\\Lessons\\Property','2017-09-26 12:01:14','2017-09-25 15:34:34','Ut proin magna, elit phasellus et',200.00,1,1,0,1,2,18),(111,'SilverStripe\\Lessons\\Property','2017-09-26 12:01:14','2017-09-25 15:34:34','Fringilla urna per',200.00,2,1,1,1,4,21),(112,'SilverStripe\\Lessons\\Property','2017-09-26 12:01:14','2017-09-25 15:34:34','Ipsum adipiscing torquent nam',300.00,3,3,0,1,3,13),(113,'SilverStripe\\Lessons\\Property','2017-09-26 12:01:15','2017-09-25 15:34:34','Quisque habitant',300.00,1,1,1,1,3,20),(114,'SilverStripe\\Lessons\\Property','2017-09-26 12:01:15','2017-09-25 15:34:34','Volutpat rhoncus, nec pulvinar',600.00,1,1,1,1,3,13),(115,'SilverStripe\\Lessons\\Property','2017-09-26 12:01:15','2017-09-25 15:34:34','Interdum cubilia commodo porta, interdum eget dictumst cras',200.00,3,1,1,1,1,17),(116,'SilverStripe\\Lessons\\Property','2017-09-26 12:01:15','2017-09-25 15:34:34','Venenatis class',100.00,5,2,0,1,2,23),(117,'SilverStripe\\Lessons\\Property','2017-09-26 12:01:15','2017-09-25 15:34:34','Leo phasellus inceptos',500.00,2,1,0,1,1,19),(118,'SilverStripe\\Lessons\\Property','2017-09-26 12:01:15','2017-09-25 15:34:34','Sit tincidunt ut felis',600.00,2,1,0,1,3,17),(119,'SilverStripe\\Lessons\\Property','2017-09-26 12:01:15','2017-09-25 15:34:34','Quis ex curae urna, convallis sollicitudin libero ad',300.00,5,2,1,1,2,14),(120,'SilverStripe\\Lessons\\Property','2017-09-26 12:01:15','2017-09-25 15:34:34','Viverra tortor vulputate odio, adipiscing dapibus vel aliquet',500.00,4,2,0,1,1,19),(121,'SilverStripe\\Lessons\\Property','2017-09-26 12:01:15','2017-09-25 15:34:34','Faucibus ornare, convallis risus',200.00,2,3,0,1,3,19),(122,'SilverStripe\\Lessons\\Property','2017-09-26 12:01:15','2017-09-25 15:34:35','Auctor augue dictumst conubia',100.00,1,2,1,1,1,19),(123,'SilverStripe\\Lessons\\Property','2017-09-26 12:01:15','2017-09-25 15:34:35','Malesuada fusce imperdiet',900.00,3,1,1,1,1,19),(124,'SilverStripe\\Lessons\\Property','2017-09-26 12:01:15','2017-09-25 15:34:35','Sapien varius pretium inceptos',400.00,1,2,0,1,4,17),(125,'SilverStripe\\Lessons\\Property','2017-09-26 12:01:15','2017-09-25 15:34:35','Vestibulum conubia tristique',100.00,5,2,1,1,3,16),(126,'SilverStripe\\Lessons\\Property','2017-09-26 12:01:15','2017-09-25 15:34:35','Tortor bibendum diam, velit quis pharetra',700.00,5,2,0,1,2,17),(127,'SilverStripe\\Lessons\\Property','2017-09-26 12:01:15','2017-09-25 15:34:35','Potenti laoreet, eu litora',200.00,5,2,1,1,4,16),(128,'SilverStripe\\Lessons\\Property','2017-09-26 12:01:15','2017-09-25 15:34:35','Convallis sagittis gravida',500.00,3,3,0,1,2,19),(129,'SilverStripe\\Lessons\\Property','2017-09-26 12:01:15','2017-09-25 15:34:35','Suspendisse netus',400.00,5,2,0,1,4,22),(130,'SilverStripe\\Lessons\\Property','2017-09-26 12:01:15','2017-09-25 15:34:35','Cursus dictumst, quis congue',800.00,1,3,1,1,4,15),(131,'SilverStripe\\Lessons\\Property','2017-09-26 12:01:15','2017-09-25 15:34:35','Sed tortor elementum',200.00,1,2,1,1,1,22),(132,'SilverStripe\\Lessons\\Property','2017-09-26 12:01:15','2017-09-25 15:34:35','Dictumst elementum',500.00,4,1,1,1,4,23),(133,'SilverStripe\\Lessons\\Property','2017-09-26 12:01:15','2017-09-25 15:34:35','Posuere sollicitudin, ipsum senectus',200.00,2,2,0,1,2,21),(134,'SilverStripe\\Lessons\\Property','2017-09-26 12:01:16','2017-09-25 15:34:35','Erat leo taciti',900.00,3,2,1,1,3,14),(135,'SilverStripe\\Lessons\\Property','2017-09-26 12:01:16','2017-09-25 15:34:35','Nibh convallis et libero',900.00,4,2,1,1,3,13),(136,'SilverStripe\\Lessons\\Property','2017-09-26 12:01:16','2017-09-25 15:34:35','Justo suspendisse pretium',700.00,5,3,1,1,4,21),(137,'SilverStripe\\Lessons\\Property','2017-09-26 12:01:16','2017-09-25 15:34:35','Donec laoreet',400.00,4,1,1,1,3,22),(138,'SilverStripe\\Lessons\\Property','2017-09-26 12:01:16','2017-09-25 15:34:35','Interdum integer ultricies consequat',500.00,5,2,0,1,2,20),(139,'SilverStripe\\Lessons\\Property','2017-09-26 12:01:16','2017-09-25 15:34:35','Fusce arcu vivamus, at facilisis ligula',100.00,3,1,0,1,4,15),(140,'SilverStripe\\Lessons\\Property','2017-09-26 12:01:16','2017-09-25 15:34:35','Erat convallis primis consequat',500.00,4,3,0,1,2,14),(141,'SilverStripe\\Lessons\\Property','2017-09-26 12:01:16','2017-09-25 15:34:35','Adipiscing eleifend quam ullamcorper',500.00,1,1,1,1,4,19),(142,'SilverStripe\\Lessons\\Property','2017-09-26 12:01:16','2017-09-25 15:34:35','Metus et, vel cras',500.00,2,1,0,1,2,16),(143,'SilverStripe\\Lessons\\Property','2017-09-26 12:01:16','2017-09-25 15:34:35','Dictum erat metus odio',600.00,4,2,1,1,4,21),(144,'SilverStripe\\Lessons\\Property','2017-09-26 12:01:16','2017-09-25 15:34:35','Sed habitasse fermentum',100.00,2,3,0,1,3,17),(145,'SilverStripe\\Lessons\\Property','2017-09-26 12:01:16','2017-09-25 15:34:35','Metus maximus, maecenas tempus',100.00,1,1,1,1,1,19),(146,'SilverStripe\\Lessons\\Property','2017-09-26 12:01:16','2017-09-25 15:34:35','Maecenas condimentum magna',500.00,4,1,0,1,2,17),(147,'SilverStripe\\Lessons\\Property','2017-09-26 12:01:16','2017-09-25 15:34:35','Id eleifend risus, facilisis tempor ante',600.00,3,3,1,1,3,17),(148,'SilverStripe\\Lessons\\Property','2017-09-26 12:01:16','2017-09-25 15:34:35','Viverra taciti enim',200.00,1,2,0,1,1,20),(149,'SilverStripe\\Lessons\\Property','2017-09-26 12:01:16','2017-09-25 15:34:35','Sociosqu vehicula',200.00,4,1,1,1,2,14),(150,'SilverStripe\\Lessons\\Property','2017-09-26 12:01:16','2017-09-25 15:34:35','Felis orci',200.00,5,2,1,1,1,14),(151,'SilverStripe\\Lessons\\Property','2017-09-26 12:01:16','2017-09-25 15:34:35','Convallis eros netus, condimentum himenaeos magna',300.00,2,1,1,1,4,21),(152,'SilverStripe\\Lessons\\Property','2017-09-26 12:01:16','2017-09-25 15:34:35','Ultricies fames',200.00,1,3,1,1,3,13),(153,'SilverStripe\\Lessons\\Property','2017-09-26 12:01:16','2017-09-25 15:34:35','Tortor nisi litora, litora conubia neque',400.00,1,3,1,1,2,18),(154,'SilverStripe\\Lessons\\Property','2017-09-26 12:01:16','2017-09-25 15:34:35','Euismod himenaeos donec, maecenas tincidunt fusce',100.00,4,3,1,1,1,16),(155,'SilverStripe\\Lessons\\Property','2017-09-26 12:01:17','2017-09-25 15:34:35','Lorem mattis nunc orci',100.00,4,1,1,1,2,17),(156,'SilverStripe\\Lessons\\Property','2017-09-26 12:01:17','2017-09-25 15:34:35','Lacinia eleifend eu',500.00,4,1,1,1,4,15),(157,'SilverStripe\\Lessons\\Property','2017-09-26 12:01:17','2017-09-25 15:34:35','Lobortis porttitor condimentum ad',800.00,2,3,0,1,1,16),(158,'SilverStripe\\Lessons\\Property','2017-09-26 12:01:17','2017-09-25 15:34:35','Nulla varius et class',200.00,2,3,1,1,2,18),(159,'SilverStripe\\Lessons\\Property','2017-09-26 12:01:17','2017-09-25 15:34:35','Suspendisse ante',700.00,5,3,0,1,1,16),(160,'SilverStripe\\Lessons\\Property','2017-09-26 12:01:17','2017-09-25 15:34:35','Viverra pulvinar cursus blandit',300.00,3,2,0,1,2,18),(161,'SilverStripe\\Lessons\\Property','2017-09-26 12:01:17','2017-09-25 15:34:35','Etiam velit',300.00,1,2,1,1,4,21),(162,'SilverStripe\\Lessons\\Property','2017-09-26 12:01:17','2017-09-25 15:34:35','Tortor turpis',100.00,1,2,0,1,3,13),(163,'SilverStripe\\Lessons\\Property','2017-09-26 12:01:17','2017-09-25 15:34:35','Etiam aliquam',400.00,3,3,1,1,2,13),(164,'SilverStripe\\Lessons\\Property','2017-09-26 12:01:17','2017-09-25 15:34:35','Eleifend cubilia enim',800.00,5,1,0,1,2,20),(165,'SilverStripe\\Lessons\\Property','2017-09-26 12:01:17','2017-09-25 15:34:35','Feugiat purus',300.00,1,2,1,1,3,22),(166,'SilverStripe\\Lessons\\Property','2017-09-26 12:01:17','2017-09-25 15:34:35','Nostra netus',800.00,4,1,1,1,4,20),(167,'SilverStripe\\Lessons\\Property','2017-09-26 12:01:17','2017-09-25 15:34:35','Mattis laoreet imperdiet',600.00,1,3,0,1,3,23),(168,'SilverStripe\\Lessons\\Property','2017-09-26 12:01:17','2017-09-25 15:34:35','Eleifend nunc tempor et',400.00,1,2,1,1,4,22),(169,'SilverStripe\\Lessons\\Property','2017-09-26 12:01:17','2017-09-25 15:34:35','Praesent auctor',700.00,5,2,0,1,2,22),(170,'SilverStripe\\Lessons\\Property','2017-09-26 12:01:17','2017-09-25 15:34:35','Integer sem, himenaeos blandit',500.00,1,2,1,1,3,22),(171,'SilverStripe\\Lessons\\Property','2017-09-26 12:01:17','2017-09-25 15:34:35','Erat augue vivamus fermentum',300.00,4,2,1,1,2,18),(172,'SilverStripe\\Lessons\\Property','2017-09-26 12:01:17','2017-09-25 15:34:35','Egestas posuere magna, justo nisi libero',800.00,3,2,0,1,2,20),(173,'SilverStripe\\Lessons\\Property','2017-09-26 12:01:17','2017-09-25 15:34:35','Et magna congue eros',600.00,4,3,1,1,4,21),(174,'SilverStripe\\Lessons\\Property','2017-09-26 12:01:17','2017-09-25 15:34:35','Sed phasellus nullam cras',400.00,5,3,1,1,1,18),(175,'SilverStripe\\Lessons\\Property','2017-09-26 12:01:17','2017-09-25 15:34:35','Venenatis ad diam',600.00,2,1,1,1,3,18),(176,'SilverStripe\\Lessons\\Property','2017-09-26 12:01:18','2017-09-25 15:34:35','Vestibulum congue, fusce donec',500.00,1,2,1,1,2,20),(177,'SilverStripe\\Lessons\\Property','2017-09-26 12:01:18','2017-09-25 15:34:35','Integer vel',400.00,5,2,0,1,3,19),(178,'SilverStripe\\Lessons\\Property','2017-09-26 12:01:18','2017-09-25 15:34:35','Mi primis',800.00,2,2,0,1,4,13),(179,'SilverStripe\\Lessons\\Property','2017-09-26 12:01:18','2017-09-25 15:34:35','Mi molestie commodo maximus',500.00,1,3,1,1,3,22),(180,'SilverStripe\\Lessons\\Property','2017-09-26 12:01:18','2017-09-25 15:34:35','Sit semper molestie eros',600.00,5,2,1,1,3,19),(181,'SilverStripe\\Lessons\\Property','2017-09-26 12:01:18','2017-09-25 15:34:35','Condimentum habitasse',500.00,3,3,1,1,4,13),(182,'SilverStripe\\Lessons\\Property','2017-09-26 12:01:18','2017-09-25 15:34:35','Sapien nunc duis',600.00,3,2,0,1,2,20),(183,'SilverStripe\\Lessons\\Property','2017-09-26 12:01:18','2017-09-25 15:34:35','Malesuada id',800.00,1,2,0,1,1,13),(184,'SilverStripe\\Lessons\\Property','2017-09-26 12:01:18','2017-09-25 15:34:35','At suspendisse pretium',500.00,1,1,1,1,2,14),(185,'SilverStripe\\Lessons\\Property','2017-09-26 12:01:18','2017-09-25 15:34:35','Elit in',200.00,4,1,1,1,1,22),(186,'SilverStripe\\Lessons\\Property','2017-09-26 12:01:18','2017-09-25 15:34:35','Porttitor inceptos',200.00,4,1,1,1,2,19),(187,'SilverStripe\\Lessons\\Property','2017-09-26 12:01:18','2017-09-25 15:34:35','Id metus',100.00,1,3,1,1,1,17),(188,'SilverStripe\\Lessons\\Property','2017-09-26 12:01:18','2017-09-25 15:34:35','Integer aliquet habitant',200.00,5,3,1,1,2,19),(189,'SilverStripe\\Lessons\\Property','2017-09-26 12:01:18','2017-09-25 15:34:35','Tempor platea',200.00,3,1,1,1,2,23),(190,'SilverStripe\\Lessons\\Property','2017-09-26 12:01:18','2017-09-25 15:34:35','Scelerisque ultricies dictumst',800.00,3,2,0,1,4,14),(191,'SilverStripe\\Lessons\\Property','2017-09-26 12:01:18','2017-09-25 15:34:35','Ligula vehicula',500.00,3,3,1,1,3,21),(192,'SilverStripe\\Lessons\\Property','2017-09-26 12:01:18','2017-09-25 15:34:35','Viverra proin hendrerit',700.00,2,1,1,1,1,23),(193,'SilverStripe\\Lessons\\Property','2017-09-26 12:01:18','2017-09-25 15:34:35','Malesuada ut est ad, justo pretium aptent imperdiet, ac semper arcu accumsan',200.00,2,2,0,1,3,15),(194,'SilverStripe\\Lessons\\Property','2017-09-26 12:01:18','2017-09-25 15:34:35','Ante ornare sagittis donec',800.00,5,2,0,1,4,22),(195,'SilverStripe\\Lessons\\Property','2017-09-26 12:01:18','2017-09-25 15:34:35','Ornare sollicitudin gravida ad, sit euismod commodo vehicula',400.00,1,1,0,1,1,13),(196,'SilverStripe\\Lessons\\Property','2017-09-26 12:01:18','2017-09-25 15:34:35','Nulla orci',100.00,5,1,0,1,3,17),(197,'SilverStripe\\Lessons\\Property','2017-09-26 12:01:19','2017-09-25 15:34:35','Quis phasellus, et nostra',300.00,2,1,0,1,1,22),(198,'SilverStripe\\Lessons\\Property','2017-09-26 12:01:19','2017-09-25 15:34:35','Praesent eleifend tempor',300.00,2,2,1,1,2,17),(199,'SilverStripe\\Lessons\\Property','2017-09-26 12:01:19','2017-09-25 15:34:35','Egestas convallis enim bibendum',700.00,3,3,1,1,1,13),(200,'SilverStripe\\Lessons\\Property','2017-09-26 12:01:19','2017-09-25 15:34:35','Sed auctor tempus',200.00,4,2,0,1,4,13);
/*!40000 ALTER TABLE `SilverStripe_Lessons_Property_Live` ENABLE KEYS */;
UNLOCK TABLES;

--
-- Table structure for table `SilverStripe_Lessons_Property_Versions`
--

DROP TABLE IF EXISTS `SilverStripe_Lessons_Property_Versions`;
/*!40101 SET @saved_cs_client     = @@character_set_client */;
/*!40101 SET character_set_client = utf8 */;
CREATE TABLE `SilverStripe_Lessons_Property_Versions` (
  `ID` int(11) NOT NULL AUTO_INCREMENT,
  `RecordID` int(11) NOT NULL DEFAULT '0',
  `Version` int(11) NOT NULL DEFAULT '0',
  `WasPublished` tinyint(1) unsigned NOT NULL DEFAULT '0',
  `AuthorID` int(11) NOT NULL DEFAULT '0',
  `PublisherID` int(11) NOT NULL DEFAULT '0',
  `ClassName` enum('SilverStripe\\Lessons\\Property') DEFAULT 'SilverStripe\\Lessons\\Property',
  `LastEdited` datetime DEFAULT NULL,
  `Created` datetime DEFAULT NULL,
  `Title` varchar(255) DEFAULT NULL,
  `PricePerNight` decimal(9,2) NOT NULL DEFAULT '0.00',
  `Bedrooms` int(11) NOT NULL DEFAULT '0',
  `Bathrooms` int(11) NOT NULL DEFAULT '0',
  `FeaturedOnHomepage` tinyint(1) unsigned NOT NULL DEFAULT '0',
  `RegionID` int(11) NOT NULL DEFAULT '0',
  `PrimaryPhotoID` int(11) NOT NULL DEFAULT '0',
  PRIMARY KEY (`ID`),
  KEY `RecordID_Version` (`RecordID`,`Version`),
  KEY `RecordID` (`RecordID`),
  KEY `Version` (`Version`),
  KEY `AuthorID` (`AuthorID`),
  KEY `PublisherID` (`PublisherID`),
  KEY `ClassName` (`ClassName`),
  KEY `RegionID` (`RegionID`),
  KEY `PrimaryPhotoID` (`PrimaryPhotoID`)
) ENGINE=InnoDB AUTO_INCREMENT=101 DEFAULT CHARSET=utf8;
/*!40101 SET character_set_client = @saved_cs_client */;

--
-- Dumping data for table `SilverStripe_Lessons_Property_Versions`
--

LOCK TABLES `SilverStripe_Lessons_Property_Versions` WRITE;
/*!40000 ALTER TABLE `SilverStripe_Lessons_Property_Versions` DISABLE KEYS */;
INSERT INTO `SilverStripe_Lessons_Property_Versions` VALUES (1,101,1,1,1,1,'SilverStripe\\Lessons\\Property','2017-09-26 12:01:14','2017-09-25 15:34:34','Sed fusce vehicula',700.00,2,1,0,1,22),(2,102,1,1,1,1,'SilverStripe\\Lessons\\Property','2017-09-26 12:01:14','2017-09-25 15:34:34','Sagittis elementum',100.00,3,1,0,4,14),(3,103,1,1,1,1,'SilverStripe\\Lessons\\Property','2017-09-26 12:01:14','2017-09-25 15:34:34','Tortor vehicula',600.00,2,1,1,3,20),(4,104,1,1,1,1,'SilverStripe\\Lessons\\Property','2017-09-26 12:01:14','2017-09-25 15:34:34','Cubilia efficitur',100.00,3,3,0,3,23),(5,105,1,1,1,1,'SilverStripe\\Lessons\\Property','2017-09-26 12:01:14','2017-09-25 15:34:34','Consectetur mollis fringilla dui',900.00,1,1,0,1,16),(6,106,1,1,1,1,'SilverStripe\\Lessons\\Property','2017-09-26 12:01:14','2017-09-25 15:34:34','Praesent placerat eu',100.00,5,2,0,2,17),(7,107,1,1,1,1,'SilverStripe\\Lessons\\Property','2017-09-26 12:01:14','2017-09-25 15:34:34','Sit fermentum congue',100.00,3,3,1,1,17),(8,108,1,1,1,1,'SilverStripe\\Lessons\\Property','2017-09-26 12:01:14','2017-09-25 15:34:34','Dictum aliquet netus',400.00,3,3,0,4,15),(9,109,1,1,1,1,'SilverStripe\\Lessons\\Property','2017-09-26 12:01:14','2017-09-25 15:34:34','Facilisis ullamcorper',500.00,3,3,1,3,14),(10,110,1,1,1,1,'SilverStripe\\Lessons\\Property','2017-09-26 12:01:14','2017-09-25 15:34:34','Ut proin magna, elit phasellus et',200.00,1,1,0,2,18),(11,111,1,1,1,1,'SilverStripe\\Lessons\\Property','2017-09-26 12:01:14','2017-09-25 15:34:34','Fringilla urna per',200.00,2,1,1,4,21),(12,112,1,1,1,1,'SilverStripe\\Lessons\\Property','2017-09-26 12:01:14','2017-09-25 15:34:34','Ipsum adipiscing torquent nam',300.00,3,3,0,3,13),(13,113,1,1,1,1,'SilverStripe\\Lessons\\Property','2017-09-26 12:01:14','2017-09-25 15:34:34','Quisque habitant',300.00,1,1,1,3,20),(14,114,1,1,1,1,'SilverStripe\\Lessons\\Property','2017-09-26 12:01:15','2017-09-25 15:34:34','Volutpat rhoncus, nec pulvinar',600.00,1,1,1,3,13),(15,115,1,1,1,1,'SilverStripe\\Lessons\\Property','2017-09-26 12:01:15','2017-09-25 15:34:34','Interdum cubilia commodo porta, interdum eget dictumst cras',200.00,3,1,1,1,17),(16,116,1,1,1,1,'SilverStripe\\Lessons\\Property','2017-09-26 12:01:15','2017-09-25 15:34:34','Venenatis class',100.00,5,2,0,2,23),(17,117,1,1,1,1,'SilverStripe\\Lessons\\Property','2017-09-26 12:01:15','2017-09-25 15:34:34','Leo phasellus inceptos',500.00,2,1,0,1,19),(18,118,1,1,1,1,'SilverStripe\\Lessons\\Property','2017-09-26 12:01:15','2017-09-25 15:34:34','Sit tincidunt ut felis',600.00,2,1,0,3,17),(19,119,1,1,1,1,'SilverStripe\\Lessons\\Property','2017-09-26 12:01:15','2017-09-25 15:34:34','Quis ex curae urna, convallis sollicitudin libero ad',300.00,5,2,1,2,14),(20,120,1,1,1,1,'SilverStripe\\Lessons\\Property','2017-09-26 12:01:15','2017-09-25 15:34:34','Viverra tortor vulputate odio, adipiscing dapibus vel aliquet',500.00,4,2,0,1,19),(21,121,1,1,1,1,'SilverStripe\\Lessons\\Property','2017-09-26 12:01:15','2017-09-25 15:34:34','Faucibus ornare, convallis risus',200.00,2,3,0,3,19),(22,122,1,1,1,1,'SilverStripe\\Lessons\\Property','2017-09-26 12:01:15','2017-09-25 15:34:35','Auctor augue dictumst conubia',100.00,1,2,1,1,19),(23,123,1,1,1,1,'SilverStripe\\Lessons\\Property','2017-09-26 12:01:15','2017-09-25 15:34:35','Malesuada fusce imperdiet',900.00,3,1,1,1,19),(24,124,1,1,1,1,'SilverStripe\\Lessons\\Property','2017-09-26 12:01:15','2017-09-25 15:34:35','Sapien varius pretium inceptos',400.00,1,2,0,4,17),(25,125,1,1,1,1,'SilverStripe\\Lessons\\Property','2017-09-26 12:01:15','2017-09-25 15:34:35','Vestibulum conubia tristique',100.00,5,2,1,3,16),(26,126,1,1,1,1,'SilverStripe\\Lessons\\Property','2017-09-26 12:01:15','2017-09-25 15:34:35','Tortor bibendum diam, velit quis pharetra',700.00,5,2,0,2,17),(27,127,1,1,1,1,'SilverStripe\\Lessons\\Property','2017-09-26 12:01:15','2017-09-25 15:34:35','Potenti laoreet, eu litora',200.00,5,2,1,4,16),(28,128,1,1,1,1,'SilverStripe\\Lessons\\Property','2017-09-26 12:01:15','2017-09-25 15:34:35','Convallis sagittis gravida',500.00,3,3,0,2,19),(29,129,1,1,1,1,'SilverStripe\\Lessons\\Property','2017-09-26 12:01:15','2017-09-25 15:34:35','Suspendisse netus',400.00,5,2,0,4,22),(30,130,1,1,1,1,'SilverStripe\\Lessons\\Property','2017-09-26 12:01:15','2017-09-25 15:34:35','Cursus dictumst, quis congue',800.00,1,3,1,4,15),(31,131,1,1,1,1,'SilverStripe\\Lessons\\Property','2017-09-26 12:01:15','2017-09-25 15:34:35','Sed tortor elementum',200.00,1,2,1,1,22),(32,132,1,1,1,1,'SilverStripe\\Lessons\\Property','2017-09-26 12:01:15','2017-09-25 15:34:35','Dictumst elementum',500.00,4,1,1,4,23),(33,133,1,1,1,1,'SilverStripe\\Lessons\\Property','2017-09-26 12:01:15','2017-09-25 15:34:35','Posuere sollicitudin, ipsum senectus',200.00,2,2,0,2,21),(34,134,1,1,1,1,'SilverStripe\\Lessons\\Property','2017-09-26 12:01:15','2017-09-25 15:34:35','Erat leo taciti',900.00,3,2,1,3,14),(35,135,1,1,1,1,'SilverStripe\\Lessons\\Property','2017-09-26 12:01:16','2017-09-25 15:34:35','Nibh convallis et libero',900.00,4,2,1,3,13),(36,136,1,1,1,1,'SilverStripe\\Lessons\\Property','2017-09-26 12:01:16','2017-09-25 15:34:35','Justo suspendisse pretium',700.00,5,3,1,4,21),(37,137,1,1,1,1,'SilverStripe\\Lessons\\Property','2017-09-26 12:01:16','2017-09-25 15:34:35','Donec laoreet',400.00,4,1,1,3,22),(38,138,1,1,1,1,'SilverStripe\\Lessons\\Property','2017-09-26 12:01:16','2017-09-25 15:34:35','Interdum integer ultricies consequat',500.00,5,2,0,2,20),(39,139,1,1,1,1,'SilverStripe\\Lessons\\Property','2017-09-26 12:01:16','2017-09-25 15:34:35','Fusce arcu vivamus, at facilisis ligula',100.00,3,1,0,4,15),(40,140,1,1,1,1,'SilverStripe\\Lessons\\Property','2017-09-26 12:01:16','2017-09-25 15:34:35','Erat convallis primis consequat',500.00,4,3,0,2,14),(41,141,1,1,1,1,'SilverStripe\\Lessons\\Property','2017-09-26 12:01:16','2017-09-25 15:34:35','Adipiscing eleifend quam ullamcorper',500.00,1,1,1,4,19),(42,142,1,1,1,1,'SilverStripe\\Lessons\\Property','2017-09-26 12:01:16','2017-09-25 15:34:35','Metus et, vel cras',500.00,2,1,0,2,16),(43,143,1,1,1,1,'SilverStripe\\Lessons\\Property','2017-09-26 12:01:16','2017-09-25 15:34:35','Dictum erat metus odio',600.00,4,2,1,4,21),(44,144,1,1,1,1,'SilverStripe\\Lessons\\Property','2017-09-26 12:01:16','2017-09-25 15:34:35','Sed habitasse fermentum',100.00,2,3,0,3,17),(45,145,1,1,1,1,'SilverStripe\\Lessons\\Property','2017-09-26 12:01:16','2017-09-25 15:34:35','Metus maximus, maecenas tempus',100.00,1,1,1,1,19),(46,146,1,1,1,1,'SilverStripe\\Lessons\\Property','2017-09-26 12:01:16','2017-09-25 15:34:35','Maecenas condimentum magna',500.00,4,1,0,2,17),(47,147,1,1,1,1,'SilverStripe\\Lessons\\Property','2017-09-26 12:01:16','2017-09-25 15:34:35','Id eleifend risus, facilisis tempor ante',600.00,3,3,1,3,17),(48,148,1,1,1,1,'SilverStripe\\Lessons\\Property','2017-09-26 12:01:16','2017-09-25 15:34:35','Viverra taciti enim',200.00,1,2,0,1,20),(49,149,1,1,1,1,'SilverStripe\\Lessons\\Property','2017-09-26 12:01:16','2017-09-25 15:34:35','Sociosqu vehicula',200.00,4,1,1,2,14),(50,150,1,1,1,1,'SilverStripe\\Lessons\\Property','2017-09-26 12:01:16','2017-09-25 15:34:35','Felis orci',200.00,5,2,1,1,14),(51,151,1,1,1,1,'SilverStripe\\Lessons\\Property','2017-09-26 12:01:16','2017-09-25 15:34:35','Convallis eros netus, condimentum himenaeos magna',300.00,2,1,1,4,21),(52,152,1,1,1,1,'SilverStripe\\Lessons\\Property','2017-09-26 12:01:16','2017-09-25 15:34:35','Ultricies fames',200.00,1,3,1,3,13),(53,153,1,1,1,1,'SilverStripe\\Lessons\\Property','2017-09-26 12:01:16','2017-09-25 15:34:35','Tortor nisi litora, litora conubia neque',400.00,1,3,1,2,18),(54,154,1,1,1,1,'SilverStripe\\Lessons\\Property','2017-09-26 12:01:16','2017-09-25 15:34:35','Euismod himenaeos donec, maecenas tincidunt fusce',100.00,4,3,1,1,16),(55,155,1,1,1,1,'SilverStripe\\Lessons\\Property','2017-09-26 12:01:16','2017-09-25 15:34:35','Lorem mattis nunc orci',100.00,4,1,1,2,17),(56,156,1,1,1,1,'SilverStripe\\Lessons\\Property','2017-09-26 12:01:17','2017-09-25 15:34:35','Lacinia eleifend eu',500.00,4,1,1,4,15),(57,157,1,1,1,1,'SilverStripe\\Lessons\\Property','2017-09-26 12:01:17','2017-09-25 15:34:35','Lobortis porttitor condimentum ad',800.00,2,3,0,1,16),(58,158,1,1,1,1,'SilverStripe\\Lessons\\Property','2017-09-26 12:01:17','2017-09-25 15:34:35','Nulla varius et class',200.00,2,3,1,2,18),(59,159,1,1,1,1,'SilverStripe\\Lessons\\Property','2017-09-26 12:01:17','2017-09-25 15:34:35','Suspendisse ante',700.00,5,3,0,1,16),(60,160,1,1,1,1,'SilverStripe\\Lessons\\Property','2017-09-26 12:01:17','2017-09-25 15:34:35','Viverra pulvinar cursus blandit',300.00,3,2,0,2,18),(61,161,1,1,1,1,'SilverStripe\\Lessons\\Property','2017-09-26 12:01:17','2017-09-25 15:34:35','Etiam velit',300.00,1,2,1,4,21),(62,162,1,1,1,1,'SilverStripe\\Lessons\\Property','2017-09-26 12:01:17','2017-09-25 15:34:35','Tortor turpis',100.00,1,2,0,3,13),(63,163,1,1,1,1,'SilverStripe\\Lessons\\Property','2017-09-26 12:01:17','2017-09-25 15:34:35','Etiam aliquam',400.00,3,3,1,2,13),(64,164,1,1,1,1,'SilverStripe\\Lessons\\Property','2017-09-26 12:01:17','2017-09-25 15:34:35','Eleifend cubilia enim',800.00,5,1,0,2,20),(65,165,1,1,1,1,'SilverStripe\\Lessons\\Property','2017-09-26 12:01:17','2017-09-25 15:34:35','Feugiat purus',300.00,1,2,1,3,22),(66,166,1,1,1,1,'SilverStripe\\Lessons\\Property','2017-09-26 12:01:17','2017-09-25 15:34:35','Nostra netus',800.00,4,1,1,4,20),(67,167,1,1,1,1,'SilverStripe\\Lessons\\Property','2017-09-26 12:01:17','2017-09-25 15:34:35','Mattis laoreet imperdiet',600.00,1,3,0,3,23),(68,168,1,1,1,1,'SilverStripe\\Lessons\\Property','2017-09-26 12:01:17','2017-09-25 15:34:35','Eleifend nunc tempor et',400.00,1,2,1,4,22),(69,169,1,1,1,1,'SilverStripe\\Lessons\\Property','2017-09-26 12:01:17','2017-09-25 15:34:35','Praesent auctor',700.00,5,2,0,2,22),(70,170,1,1,1,1,'SilverStripe\\Lessons\\Property','2017-09-26 12:01:17','2017-09-25 15:34:35','Integer sem, himenaeos blandit',500.00,1,2,1,3,22),(71,171,1,1,1,1,'SilverStripe\\Lessons\\Property','2017-09-26 12:01:17','2017-09-25 15:34:35','Erat augue vivamus fermentum',300.00,4,2,1,2,18),(72,172,1,1,1,1,'SilverStripe\\Lessons\\Property','2017-09-26 12:01:17','2017-09-25 15:34:35','Egestas posuere magna, justo nisi libero',800.00,3,2,0,2,20),(73,173,1,1,1,1,'SilverStripe\\Lessons\\Property','2017-09-26 12:01:17','2017-09-25 15:34:35','Et magna congue eros',600.00,4,3,1,4,21),(74,174,1,1,1,1,'SilverStripe\\Lessons\\Property','2017-09-26 12:01:17','2017-09-25 15:34:35','Sed phasellus nullam cras',400.00,5,3,1,1,18),(75,175,1,1,1,1,'SilverStripe\\Lessons\\Property','2017-09-26 12:01:17','2017-09-25 15:34:35','Venenatis ad diam',600.00,2,1,1,3,18),(76,176,1,1,1,1,'SilverStripe\\Lessons\\Property','2017-09-26 12:01:17','2017-09-25 15:34:35','Vestibulum congue, fusce donec',500.00,1,2,1,2,20),(77,177,1,1,1,1,'SilverStripe\\Lessons\\Property','2017-09-26 12:01:18','2017-09-25 15:34:35','Integer vel',400.00,5,2,0,3,19),(78,178,1,1,1,1,'SilverStripe\\Lessons\\Property','2017-09-26 12:01:18','2017-09-25 15:34:35','Mi primis',800.00,2,2,0,4,13),(79,179,1,1,1,1,'SilverStripe\\Lessons\\Property','2017-09-26 12:01:18','2017-09-25 15:34:35','Mi molestie commodo maximus',500.00,1,3,1,3,22),(80,180,1,1,1,1,'SilverStripe\\Lessons\\Property','2017-09-26 12:01:18','2017-09-25 15:34:35','Sit semper molestie eros',600.00,5,2,1,3,19),(81,181,1,1,1,1,'SilverStripe\\Lessons\\Property','2017-09-26 12:01:18','2017-09-25 15:34:35','Condimentum habitasse',500.00,3,3,1,4,13),(82,182,1,1,1,1,'SilverStripe\\Lessons\\Property','2017-09-26 12:01:18','2017-09-25 15:34:35','Sapien nunc duis',600.00,3,2,0,2,20),(83,183,1,1,1,1,'SilverStripe\\Lessons\\Property','2017-09-26 12:01:18','2017-09-25 15:34:35','Malesuada id',800.00,1,2,0,1,13),(84,184,1,1,1,1,'SilverStripe\\Lessons\\Property','2017-09-26 12:01:18','2017-09-25 15:34:35','At suspendisse pretium',500.00,1,1,1,2,14),(85,185,1,1,1,1,'SilverStripe\\Lessons\\Property','2017-09-26 12:01:18','2017-09-25 15:34:35','Elit in',200.00,4,1,1,1,22),(86,186,1,1,1,1,'SilverStripe\\Lessons\\Property','2017-09-26 12:01:18','2017-09-25 15:34:35','Porttitor inceptos',200.00,4,1,1,2,19),(87,187,1,1,1,1,'SilverStripe\\Lessons\\Property','2017-09-26 12:01:18','2017-09-25 15:34:35','Id metus',100.00,1,3,1,1,17),(88,188,1,1,1,1,'SilverStripe\\Lessons\\Property','2017-09-26 12:01:18','2017-09-25 15:34:35','Integer aliquet habitant',200.00,5,3,1,2,19),(89,189,1,1,1,1,'SilverStripe\\Lessons\\Property','2017-09-26 12:01:18','2017-09-25 15:34:35','Tempor platea',200.00,3,1,1,2,23),(90,190,1,1,1,1,'SilverStripe\\Lessons\\Property','2017-09-26 12:01:18','2017-09-25 15:34:35','Scelerisque ultricies dictumst',800.00,3,2,0,4,14),(91,191,1,1,1,1,'SilverStripe\\Lessons\\Property','2017-09-26 12:01:18','2017-09-25 15:34:35','Ligula vehicula',500.00,3,3,1,3,21),(92,192,1,1,1,1,'SilverStripe\\Lessons\\Property','2017-09-26 12:01:18','2017-09-25 15:34:35','Viverra proin hendrerit',700.00,2,1,1,1,23),(93,193,1,1,1,1,'SilverStripe\\Lessons\\Property','2017-09-26 12:01:18','2017-09-25 15:34:35','Malesuada ut est ad, justo pretium aptent imperdiet, ac semper arcu accumsan',200.00,2,2,0,3,15),(94,194,1,1,1,1,'SilverStripe\\Lessons\\Property','2017-09-26 12:01:18','2017-09-25 15:34:35','Ante ornare sagittis donec',800.00,5,2,0,4,22),(95,195,1,1,1,1,'SilverStripe\\Lessons\\Property','2017-09-26 12:01:18','2017-09-25 15:34:35','Ornare sollicitudin gravida ad, sit euismod commodo vehicula',400.00,1,1,0,1,13),(96,196,1,1,1,1,'SilverStripe\\Lessons\\Property','2017-09-26 12:01:18','2017-09-25 15:34:35','Nulla orci',100.00,5,1,0,3,17),(97,197,1,1,1,1,'SilverStripe\\Lessons\\Property','2017-09-26 12:01:18','2017-09-25 15:34:35','Quis phasellus, et nostra',300.00,2,1,0,1,22),(98,198,1,1,1,1,'SilverStripe\\Lessons\\Property','2017-09-26 12:01:19','2017-09-25 15:34:35','Praesent eleifend tempor',300.00,2,2,1,2,17),(99,199,1,1,1,1,'SilverStripe\\Lessons\\Property','2017-09-26 12:01:19','2017-09-25 15:34:35','Egestas convallis enim bibendum',700.00,3,3,1,1,13),(100,200,1,1,1,1,'SilverStripe\\Lessons\\Property','2017-09-26 12:01:19','2017-09-25 15:34:35','Sed auctor tempus',200.00,4,2,0,4,13);
/*!40000 ALTER TABLE `SilverStripe_Lessons_Property_Versions` ENABLE KEYS */;
UNLOCK TABLES;

--
-- Table structure for table `SilverStripe_Lessons_Region`
--

DROP TABLE IF EXISTS `SilverStripe_Lessons_Region`;
/*!40101 SET @saved_cs_client     = @@character_set_client */;
/*!40101 SET character_set_client = utf8 */;
CREATE TABLE `SilverStripe_Lessons_Region` (
  `ID` int(11) NOT NULL AUTO_INCREMENT,
  `ClassName` enum('SilverStripe\\Lessons\\Region') DEFAULT 'SilverStripe\\Lessons\\Region',
  `LastEdited` datetime DEFAULT NULL,
  `Created` datetime DEFAULT NULL,
  `Title` varchar(255) DEFAULT NULL,
  `Description` mediumtext,
  `Version` int(11) NOT NULL DEFAULT '0',
  `PhotoID` int(11) NOT NULL DEFAULT '0',
  `RegionsPageID` int(11) NOT NULL DEFAULT '0',
  PRIMARY KEY (`ID`),
  KEY `ClassName` (`ClassName`),
  KEY `PhotoID` (`PhotoID`),
  KEY `RegionsPageID` (`RegionsPageID`)
) ENGINE=InnoDB AUTO_INCREMENT=5 DEFAULT CHARSET=utf8;
/*!40101 SET character_set_client = @saved_cs_client */;

--
-- Dumping data for table `SilverStripe_Lessons_Region`
--

LOCK TABLES `SilverStripe_Lessons_Region` WRITE;
/*!40000 ALTER TABLE `SilverStripe_Lessons_Region` DISABLE KEYS */;
INSERT INTO `SilverStripe_Lessons_Region` VALUES (1,'SilverStripe\\Lessons\\Region','2017-09-26 12:27:46','2017-09-14 15:26:25','The Northeast','<p>Lorem ipsum dolor sit amet, consectetur adipiscing elit. Pellentesque massa felis, hendrerit non tempor quis, hendrerit non sem. Praesent ornare arcu mattis libero sollicitudin, vel dignissim enim placerat. Proin nec risus nulla. Pellentesque quis nulla vitae lorem porta cursus. Aliquam egestas mi ut sem molestie feugiat. Donec maximus facilisis nibh, ultricies placerat lacus cursus eget. Aliquam facilisis est et est bibendum, sed convallis neque cursus. Cras posuere accumsan nibh nec interdum. Vestibulum quam ligula, dignissim vitae tincidunt sit amet, efficitur eleifend libero. Duis quis faucibus tortor. Mauris et scelerisque orci. Phasellus eu neque viverra, pulvinar urna sit amet, hendrerit felis. Morbi id finibus arcu. Etiam nulla felis, auctor quis ultrices in, iaculis sed libero. Phasellus commodo libero vel elit mattis, ac consectetur leo euismod. Nullam feugiat eget nunc tristique vehicula.</p><p>Aliquam leo augue, tempor scelerisque nisi at, gravida pharetra leo. Phasellus tincidunt velit lectus, ac ullamcorper augue bibendum eu. Nulla eu mauris purus. Praesent purus turpis, iaculis in ligula sed, lobortis ornare leo. Suspendisse tincidunt, dolor at feugiat ornare, magna nibh blandit turpis, eget placerat nunc mauris quis ante. Phasellus est ante, commodo et massa at, aliquam bibendum nunc. Nulla facilisi. Nulla sagittis est vitae diam fringilla, vitae posuere orci dictum.</p>',2,11,8),(2,'SilverStripe\\Lessons\\Region','2017-09-26 12:28:06','2017-09-14 15:26:48','The Southeast','<p>Maecenas fringilla nisl eu orci molestie, euismod pretium velit egestas. Aenean ut tortor luctus, vehicula mauris sit amet, mollis libero. Phasellus sit amet tortor et odio semper congue id eu velit. Aliquam cursus pharetra lectus, et tristique felis elementum id. Vestibulum vel porttitor nisl. Duis blandit nibh risus, id sodales magna consectetur sit amet. Maecenas eget congue lorem. Donec quis magna neque. Aliquam in cursus tortor.</p><p>Integer eget fringilla sem, quis faucibus dui. Fusce pretium nunc sit amet magna faucibus, faucibus ornare diam bibendum. Aenean tristique maximus justo, semper interdum odio pellentesque vel. Aenean et condimentum nibh, in congue enim. Aenean erat lorem, rutrum nec lorem vel, euismod dignissim odio. Nullam vitae leo purus. Interdum et malesuada fames ac ante ipsum primis in faucibus. Donec tincidunt sapien at molestie venenatis. In vehicula faucibus arcu. Maecenas eget dolor ullamcorper, ultricies diam condimentum, rhoncus enim. Aliquam rutrum odio turpis. Aenean eu ligula odio. Maecenas non facilisis enim. Maecenas cursus a sapien non feugiat. Class aptent taciti sociosqu ad litora torquent per conubia nostra, per inceptos himenaeos.</p>',2,10,8),(3,'SilverStripe\\Lessons\\Region','2017-09-26 12:28:42','2017-09-14 15:27:19','The Southwest','<p>Praesent a sagittis diam. Mauris fermentum urna eget molestie tincidunt. Praesent in pharetra urna, eget faucibus ligula. Donec velit augue, tincidunt vitae nulla a, rhoncus blandit odio. Suspendisse rutrum metus non leo scelerisque, vel dictum ipsum maximus. Pellentesque eu eros imperdiet, sollicitudin orci vel, aliquet odio. In feugiat scelerisque augue quis mollis. Donec sit amet mi eu arcu sodales fringilla nec vitae nisi. Fusce pretium, urna non consectetur pulvinar, enim justo porttitor ligula, vitae malesuada mauris nisl ut sem. Praesent nibh nunc, porta in pharetra a, pretium tincidunt tortor. Quisque ac dictum arcu. Quisque lacinia rutrum consectetur. Fusce tristique turpis metus, ut tristique enim eleifend a. Curabitur imperdiet dapibus felis in mollis. In blandit a augue volutpat venenatis.</p><p>Sed viverra id dui a dictum. Ut id mauris elementum, mollis urna ac, ultrices arcu. Vivamus ac nibh non turpis convallis mattis. Integer vitae volutpat mi. Quisque mi lectus, ornare eu lacinia nec, tincidunt id orci. Nam dictum risus nisl, a pulvinar quam tempor sit amet. Suspendisse eu orci elit. Maecenas cursus fringilla felis, eu dapibus magna blandit ut. Pellentesque habitant morbi tristique senectus et netus et malesuada fames ac turpis egestas. Integer sollicitudin ipsum quis enim luctus lobortis. Phasellus at pharetra justo.</p><p>Fusce at magna turpis. Vivamus varius posuere tortor. Donec fermentum velit eget nisl mattis sollicitudin. Suspendisse sagittis augue in lectus finibus pulvinar. Donec placerat tellus at accumsan cursus. Vestibulum nec rhoncus odio, sed feugiat lectus. Phasellus euismod pretium finibus. In rutrum nisl efficitur dapibus malesuada. Duis et eros tempor mauris tristique feugiat. Nulla quis mi sed lacus volutpat commodo.</p>',2,8,8),(4,'SilverStripe\\Lessons\\Region','2017-09-26 12:29:14','2017-09-14 15:27:38','The Northwest','<p>Cras ultricies sagittis ante, et sodales eros tempor id. Maecenas et dapibus velit. Nunc lobortis commodo blandit. Proin ullamcorper dignissim nisi quis posuere. Praesent augue elit, vulputate eget odio eu, ultrices venenatis leo. Donec finibus sem id est imperdiet, id imperdiet felis tempor. Quisque feugiat purus a feugiat suscipit. Phasellus ornare id turpis et suscipit. Nulla scelerisque ipsum porta, vestibulum enim ac, semper lacus. In varius et leo sit amet lobortis. Mauris elementum ut felis eget accumsan. Morbi dictum nunc eget sem aliquam, id tempus velit placerat. Vestibulum scelerisque ligula tristique arcu varius dapibus.</p><p>Nulla faucibus ante ut urna laoreet sodales. Nam congue arcu eu elit varius, vitae aliquet lacus tempus. Sed et leo hendrerit, aliquam ipsum a, aliquet massa. Suspendisse pellentesque, massa sed viverra pharetra, turpis orci dapibus lorem, eu sodales tortor sapien ac justo. Nullam lacus ex, commodo eu odio vel, pellentesque gravida nibh. Donec ut fringilla felis. Sed id metus id neque euismod euismod. Aliquam eget dui eleifend, tincidunt orci et, tempor nisl. Nunc a odio libero. Suspendisse mollis erat id pellentesque ullamcorper. Fusce nec magna eu nunc efficitur finibus.</p><p>Nunc vel vehicula nunc, non lacinia elit. Proin gravida tristique odio non gravida. Sed molestie fermentum congue. Vivamus vestibulum aliquet nunc sit amet finibus. Ut rhoncus mauris at felis aliquet, mollis euismod massa egestas. Cras maximus in velit et auctor. Vivamus in venenatis eros. Etiam rhoncus erat auctor velit eleifend eleifend. Fusce lectus erat, blandit et felis vitae, sagittis sodales erat. Donec non congue est. Etiam commodo ante ac dui viverra, volutpat tincidunt felis venenatis. Sed a nisi sed lorem porta gravida tincidunt et ex.</p>',2,9,8);
/*!40000 ALTER TABLE `SilverStripe_Lessons_Region` ENABLE KEYS */;
UNLOCK TABLES;

--
-- Table structure for table `SilverStripe_Lessons_Region_Live`
--

DROP TABLE IF EXISTS `SilverStripe_Lessons_Region_Live`;
/*!40101 SET @saved_cs_client     = @@character_set_client */;
/*!40101 SET character_set_client = utf8 */;
CREATE TABLE `SilverStripe_Lessons_Region_Live` (
  `ID` int(11) NOT NULL AUTO_INCREMENT,
  `ClassName` enum('SilverStripe\\Lessons\\Region') DEFAULT 'SilverStripe\\Lessons\\Region',
  `LastEdited` datetime DEFAULT NULL,
  `Created` datetime DEFAULT NULL,
  `Title` varchar(255) DEFAULT NULL,
  `Description` mediumtext,
  `Version` int(11) NOT NULL DEFAULT '0',
  `PhotoID` int(11) NOT NULL DEFAULT '0',
  `RegionsPageID` int(11) NOT NULL DEFAULT '0',
  PRIMARY KEY (`ID`),
  KEY `ClassName` (`ClassName`),
  KEY `PhotoID` (`PhotoID`),
  KEY `RegionsPageID` (`RegionsPageID`)
) ENGINE=InnoDB AUTO_INCREMENT=5 DEFAULT CHARSET=utf8;
/*!40101 SET character_set_client = @saved_cs_client */;

--
-- Dumping data for table `SilverStripe_Lessons_Region_Live`
--

LOCK TABLES `SilverStripe_Lessons_Region_Live` WRITE;
/*!40000 ALTER TABLE `SilverStripe_Lessons_Region_Live` DISABLE KEYS */;
INSERT INTO `SilverStripe_Lessons_Region_Live` VALUES (1,'SilverStripe\\Lessons\\Region','2017-09-26 12:27:46','2017-09-14 15:26:25','The Northeast','<p>Lorem ipsum dolor sit amet, consectetur adipiscing elit. Pellentesque massa felis, hendrerit non tempor quis, hendrerit non sem. Praesent ornare arcu mattis libero sollicitudin, vel dignissim enim placerat. Proin nec risus nulla. Pellentesque quis nulla vitae lorem porta cursus. Aliquam egestas mi ut sem molestie feugiat. Donec maximus facilisis nibh, ultricies placerat lacus cursus eget. Aliquam facilisis est et est bibendum, sed convallis neque cursus. Cras posuere accumsan nibh nec interdum. Vestibulum quam ligula, dignissim vitae tincidunt sit amet, efficitur eleifend libero. Duis quis faucibus tortor. Mauris et scelerisque orci. Phasellus eu neque viverra, pulvinar urna sit amet, hendrerit felis. Morbi id finibus arcu. Etiam nulla felis, auctor quis ultrices in, iaculis sed libero. Phasellus commodo libero vel elit mattis, ac consectetur leo euismod. Nullam feugiat eget nunc tristique vehicula.</p><p>Aliquam leo augue, tempor scelerisque nisi at, gravida pharetra leo. Phasellus tincidunt velit lectus, ac ullamcorper augue bibendum eu. Nulla eu mauris purus. Praesent purus turpis, iaculis in ligula sed, lobortis ornare leo. Suspendisse tincidunt, dolor at feugiat ornare, magna nibh blandit turpis, eget placerat nunc mauris quis ante. Phasellus est ante, commodo et massa at, aliquam bibendum nunc. Nulla facilisi. Nulla sagittis est vitae diam fringilla, vitae posuere orci dictum.</p>',2,11,8),(2,'SilverStripe\\Lessons\\Region','2017-09-26 12:28:06','2017-09-14 15:26:48','The Southeast','<p>Maecenas fringilla nisl eu orci molestie, euismod pretium velit egestas. Aenean ut tortor luctus, vehicula mauris sit amet, mollis libero. Phasellus sit amet tortor et odio semper congue id eu velit. Aliquam cursus pharetra lectus, et tristique felis elementum id. Vestibulum vel porttitor nisl. Duis blandit nibh risus, id sodales magna consectetur sit amet. Maecenas eget congue lorem. Donec quis magna neque. Aliquam in cursus tortor.</p><p>Integer eget fringilla sem, quis faucibus dui. Fusce pretium nunc sit amet magna faucibus, faucibus ornare diam bibendum. Aenean tristique maximus justo, semper interdum odio pellentesque vel. Aenean et condimentum nibh, in congue enim. Aenean erat lorem, rutrum nec lorem vel, euismod dignissim odio. Nullam vitae leo purus. Interdum et malesuada fames ac ante ipsum primis in faucibus. Donec tincidunt sapien at molestie venenatis. In vehicula faucibus arcu. Maecenas eget dolor ullamcorper, ultricies diam condimentum, rhoncus enim. Aliquam rutrum odio turpis. Aenean eu ligula odio. Maecenas non facilisis enim. Maecenas cursus a sapien non feugiat. Class aptent taciti sociosqu ad litora torquent per conubia nostra, per inceptos himenaeos.</p>',2,10,8),(3,'SilverStripe\\Lessons\\Region','2017-09-26 12:28:42','2017-09-14 15:27:19','The Southwest','<p>Praesent a sagittis diam. Mauris fermentum urna eget molestie tincidunt. Praesent in pharetra urna, eget faucibus ligula. Donec velit augue, tincidunt vitae nulla a, rhoncus blandit odio. Suspendisse rutrum metus non leo scelerisque, vel dictum ipsum maximus. Pellentesque eu eros imperdiet, sollicitudin orci vel, aliquet odio. In feugiat scelerisque augue quis mollis. Donec sit amet mi eu arcu sodales fringilla nec vitae nisi. Fusce pretium, urna non consectetur pulvinar, enim justo porttitor ligula, vitae malesuada mauris nisl ut sem. Praesent nibh nunc, porta in pharetra a, pretium tincidunt tortor. Quisque ac dictum arcu. Quisque lacinia rutrum consectetur. Fusce tristique turpis metus, ut tristique enim eleifend a. Curabitur imperdiet dapibus felis in mollis. In blandit a augue volutpat venenatis.</p><p>Sed viverra id dui a dictum. Ut id mauris elementum, mollis urna ac, ultrices arcu. Vivamus ac nibh non turpis convallis mattis. Integer vitae volutpat mi. Quisque mi lectus, ornare eu lacinia nec, tincidunt id orci. Nam dictum risus nisl, a pulvinar quam tempor sit amet. Suspendisse eu orci elit. Maecenas cursus fringilla felis, eu dapibus magna blandit ut. Pellentesque habitant morbi tristique senectus et netus et malesuada fames ac turpis egestas. Integer sollicitudin ipsum quis enim luctus lobortis. Phasellus at pharetra justo.</p><p>Fusce at magna turpis. Vivamus varius posuere tortor. Donec fermentum velit eget nisl mattis sollicitudin. Suspendisse sagittis augue in lectus finibus pulvinar. Donec placerat tellus at accumsan cursus. Vestibulum nec rhoncus odio, sed feugiat lectus. Phasellus euismod pretium finibus. In rutrum nisl efficitur dapibus malesuada. Duis et eros tempor mauris tristique feugiat. Nulla quis mi sed lacus volutpat commodo.</p>',2,8,8),(4,'SilverStripe\\Lessons\\Region','2017-09-26 12:29:14','2017-09-14 15:27:38','The Northwest','<p>Cras ultricies sagittis ante, et sodales eros tempor id. Maecenas et dapibus velit. Nunc lobortis commodo blandit. Proin ullamcorper dignissim nisi quis posuere. Praesent augue elit, vulputate eget odio eu, ultrices venenatis leo. Donec finibus sem id est imperdiet, id imperdiet felis tempor. Quisque feugiat purus a feugiat suscipit. Phasellus ornare id turpis et suscipit. Nulla scelerisque ipsum porta, vestibulum enim ac, semper lacus. In varius et leo sit amet lobortis. Mauris elementum ut felis eget accumsan. Morbi dictum nunc eget sem aliquam, id tempus velit placerat. Vestibulum scelerisque ligula tristique arcu varius dapibus.</p><p>Nulla faucibus ante ut urna laoreet sodales. Nam congue arcu eu elit varius, vitae aliquet lacus tempus. Sed et leo hendrerit, aliquam ipsum a, aliquet massa. Suspendisse pellentesque, massa sed viverra pharetra, turpis orci dapibus lorem, eu sodales tortor sapien ac justo. Nullam lacus ex, commodo eu odio vel, pellentesque gravida nibh. Donec ut fringilla felis. Sed id metus id neque euismod euismod. Aliquam eget dui eleifend, tincidunt orci et, tempor nisl. Nunc a odio libero. Suspendisse mollis erat id pellentesque ullamcorper. Fusce nec magna eu nunc efficitur finibus.</p><p>Nunc vel vehicula nunc, non lacinia elit. Proin gravida tristique odio non gravida. Sed molestie fermentum congue. Vivamus vestibulum aliquet nunc sit amet finibus. Ut rhoncus mauris at felis aliquet, mollis euismod massa egestas. Cras maximus in velit et auctor. Vivamus in venenatis eros. Etiam rhoncus erat auctor velit eleifend eleifend. Fusce lectus erat, blandit et felis vitae, sagittis sodales erat. Donec non congue est. Etiam commodo ante ac dui viverra, volutpat tincidunt felis venenatis. Sed a nisi sed lorem porta gravida tincidunt et ex.</p>',2,9,8);
/*!40000 ALTER TABLE `SilverStripe_Lessons_Region_Live` ENABLE KEYS */;
UNLOCK TABLES;

--
-- Table structure for table `SilverStripe_Lessons_Region_Versions`
--

DROP TABLE IF EXISTS `SilverStripe_Lessons_Region_Versions`;
/*!40101 SET @saved_cs_client     = @@character_set_client */;
/*!40101 SET character_set_client = utf8 */;
CREATE TABLE `SilverStripe_Lessons_Region_Versions` (
  `ID` int(11) NOT NULL AUTO_INCREMENT,
  `RecordID` int(11) NOT NULL DEFAULT '0',
  `Version` int(11) NOT NULL DEFAULT '0',
  `WasPublished` tinyint(1) unsigned NOT NULL DEFAULT '0',
  `AuthorID` int(11) NOT NULL DEFAULT '0',
  `PublisherID` int(11) NOT NULL DEFAULT '0',
  `ClassName` enum('SilverStripe\\Lessons\\Region') DEFAULT 'SilverStripe\\Lessons\\Region',
  `LastEdited` datetime DEFAULT NULL,
  `Created` datetime DEFAULT NULL,
  `Title` varchar(255) DEFAULT NULL,
  `Description` mediumtext,
  `PhotoID` int(11) NOT NULL DEFAULT '0',
  `RegionsPageID` int(11) NOT NULL DEFAULT '0',
  PRIMARY KEY (`ID`),
  KEY `RecordID_Version` (`RecordID`,`Version`),
  KEY `RecordID` (`RecordID`),
  KEY `Version` (`Version`),
  KEY `AuthorID` (`AuthorID`),
  KEY `PublisherID` (`PublisherID`),
  KEY `ClassName` (`ClassName`),
  KEY `PhotoID` (`PhotoID`),
  KEY `RegionsPageID` (`RegionsPageID`)
) ENGINE=InnoDB AUTO_INCREMENT=9 DEFAULT CHARSET=utf8;
/*!40101 SET character_set_client = @saved_cs_client */;

--
-- Dumping data for table `SilverStripe_Lessons_Region_Versions`
--

LOCK TABLES `SilverStripe_Lessons_Region_Versions` WRITE;
/*!40000 ALTER TABLE `SilverStripe_Lessons_Region_Versions` DISABLE KEYS */;
INSERT INTO `SilverStripe_Lessons_Region_Versions` VALUES (1,1,1,1,1,1,'SilverStripe\\Lessons\\Region','2017-09-14 15:26:25','2017-09-14 15:26:25','The Northeast','This is the description of the northeast.',11,8),(2,2,1,1,1,1,'SilverStripe\\Lessons\\Region','2017-09-14 15:26:48','2017-09-14 15:26:48','The Southeast','This is a description of the southeast.',10,8),(3,3,1,1,1,1,'SilverStripe\\Lessons\\Region','2017-09-14 15:27:19','2017-09-14 15:27:19','The Southwest','This is the description of the southwest.',8,8),(4,4,1,1,1,1,'SilverStripe\\Lessons\\Region','2017-09-14 15:27:38','2017-09-14 15:27:38','The Northwest','This is the description of the northwest.',9,8),(5,1,2,1,1,1,'SilverStripe\\Lessons\\Region','2017-09-26 12:27:46','2017-09-14 15:26:25','The Northeast','<p>Lorem ipsum dolor sit amet, consectetur adipiscing elit. Pellentesque massa felis, hendrerit non tempor quis, hendrerit non sem. Praesent ornare arcu mattis libero sollicitudin, vel dignissim enim placerat. Proin nec risus nulla. Pellentesque quis nulla vitae lorem porta cursus. Aliquam egestas mi ut sem molestie feugiat. Donec maximus facilisis nibh, ultricies placerat lacus cursus eget. Aliquam facilisis est et est bibendum, sed convallis neque cursus. Cras posuere accumsan nibh nec interdum. Vestibulum quam ligula, dignissim vitae tincidunt sit amet, efficitur eleifend libero. Duis quis faucibus tortor. Mauris et scelerisque orci. Phasellus eu neque viverra, pulvinar urna sit amet, hendrerit felis. Morbi id finibus arcu. Etiam nulla felis, auctor quis ultrices in, iaculis sed libero. Phasellus commodo libero vel elit mattis, ac consectetur leo euismod. Nullam feugiat eget nunc tristique vehicula.</p><p>Aliquam leo augue, tempor scelerisque nisi at, gravida pharetra leo. Phasellus tincidunt velit lectus, ac ullamcorper augue bibendum eu. Nulla eu mauris purus. Praesent purus turpis, iaculis in ligula sed, lobortis ornare leo. Suspendisse tincidunt, dolor at feugiat ornare, magna nibh blandit turpis, eget placerat nunc mauris quis ante. Phasellus est ante, commodo et massa at, aliquam bibendum nunc. Nulla facilisi. Nulla sagittis est vitae diam fringilla, vitae posuere orci dictum.</p>',11,8),(6,2,2,1,1,1,'SilverStripe\\Lessons\\Region','2017-09-26 12:28:06','2017-09-14 15:26:48','The Southeast','<p>Maecenas fringilla nisl eu orci molestie, euismod pretium velit egestas. Aenean ut tortor luctus, vehicula mauris sit amet, mollis libero. Phasellus sit amet tortor et odio semper congue id eu velit. Aliquam cursus pharetra lectus, et tristique felis elementum id. Vestibulum vel porttitor nisl. Duis blandit nibh risus, id sodales magna consectetur sit amet. Maecenas eget congue lorem. Donec quis magna neque. Aliquam in cursus tortor.</p><p>Integer eget fringilla sem, quis faucibus dui. Fusce pretium nunc sit amet magna faucibus, faucibus ornare diam bibendum. Aenean tristique maximus justo, semper interdum odio pellentesque vel. Aenean et condimentum nibh, in congue enim. Aenean erat lorem, rutrum nec lorem vel, euismod dignissim odio. Nullam vitae leo purus. Interdum et malesuada fames ac ante ipsum primis in faucibus. Donec tincidunt sapien at molestie venenatis. In vehicula faucibus arcu. Maecenas eget dolor ullamcorper, ultricies diam condimentum, rhoncus enim. Aliquam rutrum odio turpis. Aenean eu ligula odio. Maecenas non facilisis enim. Maecenas cursus a sapien non feugiat. Class aptent taciti sociosqu ad litora torquent per conubia nostra, per inceptos himenaeos.</p>',10,8),(7,3,2,1,1,1,'SilverStripe\\Lessons\\Region','2017-09-26 12:28:42','2017-09-14 15:27:19','The Southwest','<p>Praesent a sagittis diam. Mauris fermentum urna eget molestie tincidunt. Praesent in pharetra urna, eget faucibus ligula. Donec velit augue, tincidunt vitae nulla a, rhoncus blandit odio. Suspendisse rutrum metus non leo scelerisque, vel dictum ipsum maximus. Pellentesque eu eros imperdiet, sollicitudin orci vel, aliquet odio. In feugiat scelerisque augue quis mollis. Donec sit amet mi eu arcu sodales fringilla nec vitae nisi. Fusce pretium, urna non consectetur pulvinar, enim justo porttitor ligula, vitae malesuada mauris nisl ut sem. Praesent nibh nunc, porta in pharetra a, pretium tincidunt tortor. Quisque ac dictum arcu. Quisque lacinia rutrum consectetur. Fusce tristique turpis metus, ut tristique enim eleifend a. Curabitur imperdiet dapibus felis in mollis. In blandit a augue volutpat venenatis.</p><p>Sed viverra id dui a dictum. Ut id mauris elementum, mollis urna ac, ultrices arcu. Vivamus ac nibh non turpis convallis mattis. Integer vitae volutpat mi. Quisque mi lectus, ornare eu lacinia nec, tincidunt id orci. Nam dictum risus nisl, a pulvinar quam tempor sit amet. Suspendisse eu orci elit. Maecenas cursus fringilla felis, eu dapibus magna blandit ut. Pellentesque habitant morbi tristique senectus et netus et malesuada fames ac turpis egestas. Integer sollicitudin ipsum quis enim luctus lobortis. Phasellus at pharetra justo.</p><p>Fusce at magna turpis. Vivamus varius posuere tortor. Donec fermentum velit eget nisl mattis sollicitudin. Suspendisse sagittis augue in lectus finibus pulvinar. Donec placerat tellus at accumsan cursus. Vestibulum nec rhoncus odio, sed feugiat lectus. Phasellus euismod pretium finibus. In rutrum nisl efficitur dapibus malesuada. Duis et eros tempor mauris tristique feugiat. Nulla quis mi sed lacus volutpat commodo.</p>',8,8),(8,4,2,1,1,1,'SilverStripe\\Lessons\\Region','2017-09-26 12:29:14','2017-09-14 15:27:38','The Northwest','<p>Cras ultricies sagittis ante, et sodales eros tempor id. Maecenas et dapibus velit. Nunc lobortis commodo blandit. Proin ullamcorper dignissim nisi quis posuere. Praesent augue elit, vulputate eget odio eu, ultrices venenatis leo. Donec finibus sem id est imperdiet, id imperdiet felis tempor. Quisque feugiat purus a feugiat suscipit. Phasellus ornare id turpis et suscipit. Nulla scelerisque ipsum porta, vestibulum enim ac, semper lacus. In varius et leo sit amet lobortis. Mauris elementum ut felis eget accumsan. Morbi dictum nunc eget sem aliquam, id tempus velit placerat. Vestibulum scelerisque ligula tristique arcu varius dapibus.</p><p>Nulla faucibus ante ut urna laoreet sodales. Nam congue arcu eu elit varius, vitae aliquet lacus tempus. Sed et leo hendrerit, aliquam ipsum a, aliquet massa. Suspendisse pellentesque, massa sed viverra pharetra, turpis orci dapibus lorem, eu sodales tortor sapien ac justo. Nullam lacus ex, commodo eu odio vel, pellentesque gravida nibh. Donec ut fringilla felis. Sed id metus id neque euismod euismod. Aliquam eget dui eleifend, tincidunt orci et, tempor nisl. Nunc a odio libero. Suspendisse mollis erat id pellentesque ullamcorper. Fusce nec magna eu nunc efficitur finibus.</p><p>Nunc vel vehicula nunc, non lacinia elit. Proin gravida tristique odio non gravida. Sed molestie fermentum congue. Vivamus vestibulum aliquet nunc sit amet finibus. Ut rhoncus mauris at felis aliquet, mollis euismod massa egestas. Cras maximus in velit et auctor. Vivamus in venenatis eros. Etiam rhoncus erat auctor velit eleifend eleifend. Fusce lectus erat, blandit et felis vitae, sagittis sodales erat. Donec non congue est. Etiam commodo ante ac dui viverra, volutpat tincidunt felis venenatis. Sed a nisi sed lorem porta gravida tincidunt et ex.</p>',9,8);
/*!40000 ALTER TABLE `SilverStripe_Lessons_Region_Versions` ENABLE KEYS */;
UNLOCK TABLES;

--
-- Table structure for table `SiteConfig`
--

DROP TABLE IF EXISTS `SiteConfig`;
/*!40101 SET @saved_cs_client     = @@character_set_client */;
/*!40101 SET character_set_client = utf8 */;
CREATE TABLE `SiteConfig` (
  `ID` int(11) NOT NULL AUTO_INCREMENT,
  `ClassName` enum('SilverStripe\\SiteConfig\\SiteConfig') DEFAULT 'SilverStripe\\SiteConfig\\SiteConfig',
  `LastEdited` datetime DEFAULT NULL,
  `Created` datetime DEFAULT NULL,
  `Title` varchar(255) DEFAULT NULL,
  `Tagline` varchar(255) DEFAULT NULL,
  `CanViewType` enum('Anyone','LoggedInUsers','OnlyTheseUsers') DEFAULT 'Anyone',
  `CanEditType` enum('LoggedInUsers','OnlyTheseUsers') DEFAULT 'LoggedInUsers',
  `CanCreateTopLevelType` enum('LoggedInUsers','OnlyTheseUsers') DEFAULT 'LoggedInUsers',
  `FacebookLink` varchar(255) DEFAULT NULL,
  `TwitterLink` varchar(255) DEFAULT NULL,
  `GoogleLink` varchar(255) DEFAULT NULL,
  `YouTubeLink` varchar(255) DEFAULT NULL,
  `FooterContent` mediumtext,
  PRIMARY KEY (`ID`),
  KEY `ClassName` (`ClassName`)
) ENGINE=InnoDB AUTO_INCREMENT=2 DEFAULT CHARSET=utf8;
/*!40101 SET character_set_client = @saved_cs_client */;

--
-- Dumping data for table `SiteConfig`
--

LOCK TABLES `SiteConfig` WRITE;
/*!40000 ALTER TABLE `SiteConfig` DISABLE KEYS */;
INSERT INTO `SiteConfig` VALUES (1,'SilverStripe\\SiteConfig\\SiteConfig','2017-09-25 13:56:01','2017-09-12 11:04:00','Your Site Name','your tagline here','Anyone','LoggedInUsers','LoggedInUsers','https://facebook.com','https://twitter.com','https://google.com','https://youtube.com',NULL);
/*!40000 ALTER TABLE `SiteConfig` ENABLE KEYS */;
UNLOCK TABLES;

--
-- Table structure for table `SiteConfig_CreateTopLevelGroups`
--

DROP TABLE IF EXISTS `SiteConfig_CreateTopLevelGroups`;
/*!40101 SET @saved_cs_client     = @@character_set_client */;
/*!40101 SET character_set_client = utf8 */;
CREATE TABLE `SiteConfig_CreateTopLevelGroups` (
  `ID` int(11) NOT NULL AUTO_INCREMENT,
  `SiteConfigID` int(11) NOT NULL DEFAULT '0',
  `GroupID` int(11) NOT NULL DEFAULT '0',
  PRIMARY KEY (`ID`),
  KEY `SiteConfigID` (`SiteConfigID`),
  KEY `GroupID` (`GroupID`)
) ENGINE=InnoDB DEFAULT CHARSET=utf8;
/*!40101 SET character_set_client = @saved_cs_client */;

--
-- Dumping data for table `SiteConfig_CreateTopLevelGroups`
--

LOCK TABLES `SiteConfig_CreateTopLevelGroups` WRITE;
/*!40000 ALTER TABLE `SiteConfig_CreateTopLevelGroups` DISABLE KEYS */;
/*!40000 ALTER TABLE `SiteConfig_CreateTopLevelGroups` ENABLE KEYS */;
UNLOCK TABLES;

--
-- Table structure for table `SiteConfig_EditorGroups`
--

DROP TABLE IF EXISTS `SiteConfig_EditorGroups`;
/*!40101 SET @saved_cs_client     = @@character_set_client */;
/*!40101 SET character_set_client = utf8 */;
CREATE TABLE `SiteConfig_EditorGroups` (
  `ID` int(11) NOT NULL AUTO_INCREMENT,
  `SiteConfigID` int(11) NOT NULL DEFAULT '0',
  `GroupID` int(11) NOT NULL DEFAULT '0',
  PRIMARY KEY (`ID`),
  KEY `SiteConfigID` (`SiteConfigID`),
  KEY `GroupID` (`GroupID`)
) ENGINE=InnoDB DEFAULT CHARSET=utf8;
/*!40101 SET character_set_client = @saved_cs_client */;

--
-- Dumping data for table `SiteConfig_EditorGroups`
--

LOCK TABLES `SiteConfig_EditorGroups` WRITE;
/*!40000 ALTER TABLE `SiteConfig_EditorGroups` DISABLE KEYS */;
/*!40000 ALTER TABLE `SiteConfig_EditorGroups` ENABLE KEYS */;
UNLOCK TABLES;

--
-- Table structure for table `SiteConfig_ViewerGroups`
--

DROP TABLE IF EXISTS `SiteConfig_ViewerGroups`;
/*!40101 SET @saved_cs_client     = @@character_set_client */;
/*!40101 SET character_set_client = utf8 */;
CREATE TABLE `SiteConfig_ViewerGroups` (
  `ID` int(11) NOT NULL AUTO_INCREMENT,
  `SiteConfigID` int(11) NOT NULL DEFAULT '0',
  `GroupID` int(11) NOT NULL DEFAULT '0',
  PRIMARY KEY (`ID`),
  KEY `SiteConfigID` (`SiteConfigID`),
  KEY `GroupID` (`GroupID`)
) ENGINE=InnoDB DEFAULT CHARSET=utf8;
/*!40101 SET character_set_client = @saved_cs_client */;

--
-- Dumping data for table `SiteConfig_ViewerGroups`
--

LOCK TABLES `SiteConfig_ViewerGroups` WRITE;
/*!40000 ALTER TABLE `SiteConfig_ViewerGroups` DISABLE KEYS */;
/*!40000 ALTER TABLE `SiteConfig_ViewerGroups` ENABLE KEYS */;
UNLOCK TABLES;

--
-- Table structure for table `SiteTree`
--

DROP TABLE IF EXISTS `SiteTree`;
/*!40101 SET @saved_cs_client     = @@character_set_client */;
/*!40101 SET character_set_client = utf8 */;
CREATE TABLE `SiteTree` (
  `ID` int(11) NOT NULL AUTO_INCREMENT,
  `ClassName` enum('SilverStripe\\CMS\\Model\\SiteTree','Page','SilverStripe\\Lessons\\ArticleHolder','SilverStripe\\Lessons\\ArticlePage','SilverStripe\\Lessons\\HomePage','SilverStripe\\Lessons\\RegionsPage','SilverStripe\\ErrorPage\\ErrorPage','SilverStripe\\CMS\\Model\\RedirectorPage','SilverStripe\\CMS\\Model\\VirtualPage') DEFAULT 'Page',
  `LastEdited` datetime DEFAULT NULL,
  `Created` datetime DEFAULT NULL,
  `URLSegment` varchar(255) DEFAULT NULL,
  `Title` varchar(255) DEFAULT NULL,
  `MenuTitle` varchar(100) DEFAULT NULL,
  `Content` mediumtext,
  `MetaDescription` mediumtext,
  `ExtraMeta` mediumtext,
  `ShowInMenus` tinyint(1) unsigned NOT NULL DEFAULT '0',
  `ShowInSearch` tinyint(1) unsigned NOT NULL DEFAULT '0',
  `Sort` int(11) NOT NULL DEFAULT '0',
  `HasBrokenFile` tinyint(1) unsigned NOT NULL DEFAULT '0',
  `HasBrokenLink` tinyint(1) unsigned NOT NULL DEFAULT '0',
  `ReportClass` varchar(255) DEFAULT NULL,
  `Version` int(11) NOT NULL DEFAULT '0',
  `CanViewType` enum('Anyone','LoggedInUsers','OnlyTheseUsers','Inherit') DEFAULT 'Inherit',
  `CanEditType` enum('LoggedInUsers','OnlyTheseUsers','Inherit') DEFAULT 'Inherit',
  `ParentID` int(11) NOT NULL DEFAULT '0',
  PRIMARY KEY (`ID`),
  KEY `ClassName` (`ClassName`),
  KEY `ParentID` (`ParentID`),
  KEY `URLSegment` (`URLSegment`)
) ENGINE=InnoDB AUTO_INCREMENT=12 DEFAULT CHARSET=utf8;
/*!40101 SET character_set_client = @saved_cs_client */;

--
-- Dumping data for table `SiteTree`
--

LOCK TABLES `SiteTree` WRITE;
/*!40000 ALTER TABLE `SiteTree` DISABLE KEYS */;
INSERT INTO `SiteTree` VALUES (1,'SilverStripe\\Lessons\\HomePage','2017-09-12 15:51:23','2017-09-12 11:04:00','home','Home',NULL,'<p>Welcome to SilverStripe! This is the default homepage. You can edit this page by opening <a href=\"admin/\">the CMS</a>.</p><p>You can now access the <a href=\"http://docs.silverstripe.org\">developer documentation</a>, or begin the <a href=\"http://www.silverstripe.org/learn/lessons\">SilverStripe lessons</a>.</p>',NULL,NULL,1,1,1,0,0,NULL,2,'Inherit','Inherit',0),(2,'Page','2017-09-13 11:40:37','2017-09-12 11:04:00','about-us','About Us',NULL,'<p>You can fill this page out with your own content, or delete it and create your own pages.</p>',NULL,NULL,1,1,6,0,0,NULL,3,'Inherit','Inherit',0),(4,'SilverStripe\\ErrorPage\\ErrorPage','2017-09-12 11:04:00','2017-09-12 11:04:00','page-not-found','Page not found',NULL,'<p>Sorry, it seems you were trying to access a page that doesn\'t exist.</p><p>Please check the spelling of the URL you were trying to access and try again.</p>',NULL,NULL,0,0,8,0,0,NULL,1,'Inherit','Inherit',0),(5,'SilverStripe\\ErrorPage\\ErrorPage','2017-09-12 11:04:00','2017-09-12 11:04:00','server-error','Server error',NULL,'<p>Sorry, there was a problem with handling your request.</p>',NULL,NULL,0,0,9,0,0,NULL,1,'Inherit','Inherit',0),(6,'Page','2017-09-13 11:40:30','2017-09-13 11:36:49','find-a-rental','Find a Rental',NULL,NULL,NULL,NULL,1,1,2,0,0,NULL,3,'Inherit','Inherit',0),(7,'Page','2017-09-13 11:40:30','2017-09-13 11:38:12','list-your-rental','List Your Rental',NULL,NULL,NULL,NULL,1,1,3,0,0,NULL,4,'Inherit','Inherit',0),(8,'SilverStripe\\Lessons\\RegionsPage','2017-09-14 14:12:16','2017-09-13 11:38:38','regions','Regions',NULL,NULL,NULL,NULL,1,1,4,0,0,NULL,5,'Inherit','Inherit',0),(9,'SilverStripe\\Lessons\\ArticleHolder','2017-09-13 11:40:30','2017-09-13 11:38:51','travel-guides','Travel Guides',NULL,NULL,NULL,NULL,1,1,5,0,0,NULL,5,'Inherit','Inherit',0),(10,'SilverStripe\\Lessons\\ArticlePage','2017-09-14 16:18:45','2017-09-13 11:42:07','sample-article-1','Sample Article 1',NULL,'<p>This is sample article 1.</p>',NULL,NULL,1,1,1,0,0,NULL,4,'Inherit','Inherit',9),(11,'SilverStripe\\Lessons\\ArticlePage','2017-09-14 16:18:39','2017-09-13 11:42:29','sample-article-2','Sample Article 2',NULL,'<p>This is sample article 2.</p>',NULL,NULL,1,1,2,0,0,NULL,3,'Inherit','Inherit',9);
/*!40000 ALTER TABLE `SiteTree` ENABLE KEYS */;
UNLOCK TABLES;

--
-- Table structure for table `SiteTree_EditorGroups`
--

DROP TABLE IF EXISTS `SiteTree_EditorGroups`;
/*!40101 SET @saved_cs_client     = @@character_set_client */;
/*!40101 SET character_set_client = utf8 */;
CREATE TABLE `SiteTree_EditorGroups` (
  `ID` int(11) NOT NULL AUTO_INCREMENT,
  `SiteTreeID` int(11) NOT NULL DEFAULT '0',
  `GroupID` int(11) NOT NULL DEFAULT '0',
  PRIMARY KEY (`ID`),
  KEY `SiteTreeID` (`SiteTreeID`),
  KEY `GroupID` (`GroupID`)
) ENGINE=InnoDB DEFAULT CHARSET=utf8;
/*!40101 SET character_set_client = @saved_cs_client */;

--
-- Dumping data for table `SiteTree_EditorGroups`
--

LOCK TABLES `SiteTree_EditorGroups` WRITE;
/*!40000 ALTER TABLE `SiteTree_EditorGroups` DISABLE KEYS */;
/*!40000 ALTER TABLE `SiteTree_EditorGroups` ENABLE KEYS */;
UNLOCK TABLES;

--
-- Table structure for table `SiteTree_ImageTracking`
--

DROP TABLE IF EXISTS `SiteTree_ImageTracking`;
/*!40101 SET @saved_cs_client     = @@character_set_client */;
/*!40101 SET character_set_client = utf8 */;
CREATE TABLE `SiteTree_ImageTracking` (
  `ID` int(11) NOT NULL AUTO_INCREMENT,
  `SiteTreeID` int(11) NOT NULL DEFAULT '0',
  `FileID` int(11) NOT NULL DEFAULT '0',
  `FieldName` varchar(255) DEFAULT NULL,
  PRIMARY KEY (`ID`),
  KEY `SiteTreeID` (`SiteTreeID`),
  KEY `FileID` (`FileID`)
) ENGINE=InnoDB DEFAULT CHARSET=utf8;
/*!40101 SET character_set_client = @saved_cs_client */;

--
-- Dumping data for table `SiteTree_ImageTracking`
--

LOCK TABLES `SiteTree_ImageTracking` WRITE;
/*!40000 ALTER TABLE `SiteTree_ImageTracking` DISABLE KEYS */;
/*!40000 ALTER TABLE `SiteTree_ImageTracking` ENABLE KEYS */;
UNLOCK TABLES;

--
-- Table structure for table `SiteTree_LinkTracking`
--

DROP TABLE IF EXISTS `SiteTree_LinkTracking`;
/*!40101 SET @saved_cs_client     = @@character_set_client */;
/*!40101 SET character_set_client = utf8 */;
CREATE TABLE `SiteTree_LinkTracking` (
  `ID` int(11) NOT NULL AUTO_INCREMENT,
  `SiteTreeID` int(11) NOT NULL DEFAULT '0',
  `ChildID` int(11) NOT NULL DEFAULT '0',
  `FieldName` varchar(255) DEFAULT NULL,
  PRIMARY KEY (`ID`),
  KEY `SiteTreeID` (`SiteTreeID`),
  KEY `ChildID` (`ChildID`)
) ENGINE=InnoDB DEFAULT CHARSET=utf8;
/*!40101 SET character_set_client = @saved_cs_client */;

--
-- Dumping data for table `SiteTree_LinkTracking`
--

LOCK TABLES `SiteTree_LinkTracking` WRITE;
/*!40000 ALTER TABLE `SiteTree_LinkTracking` DISABLE KEYS */;
/*!40000 ALTER TABLE `SiteTree_LinkTracking` ENABLE KEYS */;
UNLOCK TABLES;

--
-- Table structure for table `SiteTree_Live`
--

DROP TABLE IF EXISTS `SiteTree_Live`;
/*!40101 SET @saved_cs_client     = @@character_set_client */;
/*!40101 SET character_set_client = utf8 */;
CREATE TABLE `SiteTree_Live` (
  `ID` int(11) NOT NULL AUTO_INCREMENT,
  `ClassName` enum('SilverStripe\\CMS\\Model\\SiteTree','Page','SilverStripe\\Lessons\\ArticleHolder','SilverStripe\\Lessons\\ArticlePage','SilverStripe\\Lessons\\HomePage','SilverStripe\\Lessons\\RegionsPage','SilverStripe\\ErrorPage\\ErrorPage','SilverStripe\\CMS\\Model\\RedirectorPage','SilverStripe\\CMS\\Model\\VirtualPage') DEFAULT 'Page',
  `LastEdited` datetime DEFAULT NULL,
  `Created` datetime DEFAULT NULL,
  `URLSegment` varchar(255) DEFAULT NULL,
  `Title` varchar(255) DEFAULT NULL,
  `MenuTitle` varchar(100) DEFAULT NULL,
  `Content` mediumtext,
  `MetaDescription` mediumtext,
  `ExtraMeta` mediumtext,
  `ShowInMenus` tinyint(1) unsigned NOT NULL DEFAULT '0',
  `ShowInSearch` tinyint(1) unsigned NOT NULL DEFAULT '0',
  `Sort` int(11) NOT NULL DEFAULT '0',
  `HasBrokenFile` tinyint(1) unsigned NOT NULL DEFAULT '0',
  `HasBrokenLink` tinyint(1) unsigned NOT NULL DEFAULT '0',
  `ReportClass` varchar(255) DEFAULT NULL,
  `Version` int(11) NOT NULL DEFAULT '0',
  `CanViewType` enum('Anyone','LoggedInUsers','OnlyTheseUsers','Inherit') DEFAULT 'Inherit',
  `CanEditType` enum('LoggedInUsers','OnlyTheseUsers','Inherit') DEFAULT 'Inherit',
  `ParentID` int(11) NOT NULL DEFAULT '0',
  PRIMARY KEY (`ID`),
  KEY `ClassName` (`ClassName`),
  KEY `ParentID` (`ParentID`),
  KEY `URLSegment` (`URLSegment`)
) ENGINE=InnoDB AUTO_INCREMENT=12 DEFAULT CHARSET=utf8;
/*!40101 SET character_set_client = @saved_cs_client */;

--
-- Dumping data for table `SiteTree_Live`
--

LOCK TABLES `SiteTree_Live` WRITE;
/*!40000 ALTER TABLE `SiteTree_Live` DISABLE KEYS */;
INSERT INTO `SiteTree_Live` VALUES (1,'SilverStripe\\Lessons\\HomePage','2017-09-12 15:51:23','2017-09-12 11:04:00','home','Home',NULL,'<p>Welcome to SilverStripe! This is the default homepage. You can edit this page by opening <a href=\"admin/\">the CMS</a>.</p><p>You can now access the <a href=\"http://docs.silverstripe.org\">developer documentation</a>, or begin the <a href=\"http://www.silverstripe.org/learn/lessons\">SilverStripe lessons</a>.</p>',NULL,NULL,1,1,1,0,0,NULL,2,'Inherit','Inherit',0),(2,'Page','2017-09-13 11:40:37','2017-09-12 11:04:00','about-us','About Us',NULL,'<p>You can fill this page out with your own content, or delete it and create your own pages.</p>',NULL,NULL,1,1,6,0,0,NULL,3,'Inherit','Inherit',0),(4,'SilverStripe\\ErrorPage\\ErrorPage','2017-09-12 11:04:00','2017-09-12 11:04:00','page-not-found','Page not found',NULL,'<p>Sorry, it seems you were trying to access a page that doesn\'t exist.</p><p>Please check the spelling of the URL you were trying to access and try again.</p>',NULL,NULL,0,0,8,0,0,NULL,1,'Inherit','Inherit',0),(5,'SilverStripe\\ErrorPage\\ErrorPage','2017-09-12 11:04:00','2017-09-12 11:04:00','server-error','Server error',NULL,'<p>Sorry, there was a problem with handling your request.</p>',NULL,NULL,0,0,9,0,0,NULL,1,'Inherit','Inherit',0),(6,'Page','2017-09-13 11:40:30','2017-09-13 11:36:49','find-a-rental','Find a Rental',NULL,NULL,NULL,NULL,1,1,2,0,0,NULL,3,'Inherit','Inherit',0),(7,'Page','2017-09-13 11:40:30','2017-09-13 11:38:12','list-your-rental','List Your Rental',NULL,NULL,NULL,NULL,1,1,3,0,0,NULL,4,'Inherit','Inherit',0),(8,'SilverStripe\\Lessons\\RegionsPage','2017-09-14 12:57:55','2017-09-13 11:38:38','regions','Regions',NULL,NULL,NULL,NULL,1,1,4,0,0,NULL,5,'Inherit','Inherit',0),(9,'SilverStripe\\Lessons\\ArticleHolder','2017-09-13 11:40:30','2017-09-13 11:38:51','travel-guides','Travel Guides',NULL,NULL,NULL,NULL,1,1,5,0,0,NULL,5,'Inherit','Inherit',0),(10,'SilverStripe\\Lessons\\ArticlePage','2017-09-13 13:48:49','2017-09-13 11:42:07','sample-article-1','Sample Article 1',NULL,'<p>This is sample article 1.</p>',NULL,NULL,1,1,1,0,0,NULL,4,'Inherit','Inherit',9),(11,'SilverStripe\\Lessons\\ArticlePage','2017-09-13 13:52:29','2017-09-13 11:42:29','sample-article-2','Sample Article 2',NULL,'<p>This is sample article 2.</p>',NULL,NULL,1,1,2,0,0,NULL,3,'Inherit','Inherit',9);
/*!40000 ALTER TABLE `SiteTree_Live` ENABLE KEYS */;
UNLOCK TABLES;

--
-- Table structure for table `SiteTree_Versions`
--

DROP TABLE IF EXISTS `SiteTree_Versions`;
/*!40101 SET @saved_cs_client     = @@character_set_client */;
/*!40101 SET character_set_client = utf8 */;
CREATE TABLE `SiteTree_Versions` (
  `ID` int(11) NOT NULL AUTO_INCREMENT,
  `RecordID` int(11) NOT NULL DEFAULT '0',
  `Version` int(11) NOT NULL DEFAULT '0',
  `WasPublished` tinyint(1) unsigned NOT NULL DEFAULT '0',
  `AuthorID` int(11) NOT NULL DEFAULT '0',
  `PublisherID` int(11) NOT NULL DEFAULT '0',
  `ClassName` enum('SilverStripe\\CMS\\Model\\SiteTree','Page','SilverStripe\\Lessons\\ArticleHolder','SilverStripe\\Lessons\\ArticlePage','SilverStripe\\Lessons\\HomePage','SilverStripe\\Lessons\\RegionsPage','SilverStripe\\ErrorPage\\ErrorPage','SilverStripe\\CMS\\Model\\RedirectorPage','SilverStripe\\CMS\\Model\\VirtualPage') DEFAULT 'Page',
  `LastEdited` datetime DEFAULT NULL,
  `Created` datetime DEFAULT NULL,
  `URLSegment` varchar(255) DEFAULT NULL,
  `Title` varchar(255) DEFAULT NULL,
  `MenuTitle` varchar(100) DEFAULT NULL,
  `Content` mediumtext,
  `MetaDescription` mediumtext,
  `ExtraMeta` mediumtext,
  `ShowInMenus` tinyint(1) unsigned NOT NULL DEFAULT '0',
  `ShowInSearch` tinyint(1) unsigned NOT NULL DEFAULT '0',
  `Sort` int(11) NOT NULL DEFAULT '0',
  `HasBrokenFile` tinyint(1) unsigned NOT NULL DEFAULT '0',
  `HasBrokenLink` tinyint(1) unsigned NOT NULL DEFAULT '0',
  `ReportClass` varchar(255) DEFAULT NULL,
  `CanViewType` enum('Anyone','LoggedInUsers','OnlyTheseUsers','Inherit') DEFAULT 'Inherit',
  `CanEditType` enum('LoggedInUsers','OnlyTheseUsers','Inherit') DEFAULT 'Inherit',
  `ParentID` int(11) NOT NULL DEFAULT '0',
  PRIMARY KEY (`ID`),
  KEY `RecordID_Version` (`RecordID`,`Version`),
  KEY `RecordID` (`RecordID`),
  KEY `Version` (`Version`),
  KEY `AuthorID` (`AuthorID`),
  KEY `PublisherID` (`PublisherID`),
  KEY `ClassName` (`ClassName`),
  KEY `ParentID` (`ParentID`),
  KEY `URLSegment` (`URLSegment`)
) ENGINE=InnoDB AUTO_INCREMENT=33 DEFAULT CHARSET=utf8;
/*!40101 SET character_set_client = @saved_cs_client */;

--
-- Dumping data for table `SiteTree_Versions`
--

LOCK TABLES `SiteTree_Versions` WRITE;
/*!40000 ALTER TABLE `SiteTree_Versions` DISABLE KEYS */;
INSERT INTO `SiteTree_Versions` VALUES (1,1,1,1,0,0,'Page','2017-09-12 11:04:00','2017-09-12 11:04:00','home','Home',NULL,'<p>Welcome to SilverStripe! This is the default homepage. You can edit this page by opening <a href=\"admin/\">the CMS</a>.</p><p>You can now access the <a href=\"http://docs.silverstripe.org\">developer documentation</a>, or begin the <a href=\"http://www.silverstripe.org/learn/lessons\">SilverStripe lessons</a>.</p>',NULL,NULL,1,1,1,0,0,NULL,'Inherit','Inherit',0),(2,2,1,1,0,0,'Page','2017-09-12 11:04:00','2017-09-12 11:04:00','about-us','About Us',NULL,'<p>You can fill this page out with your own content, or delete it and create your own pages.</p>',NULL,NULL,1,1,2,0,0,NULL,'Inherit','Inherit',0),(3,3,1,1,0,0,'Page','2017-09-12 11:04:00','2017-09-12 11:04:00','contact-us','Contact Us',NULL,'<p>You can fill this page out with your own content, or delete it and create your own pages.</p>',NULL,NULL,1,1,3,0,0,NULL,'Inherit','Inherit',0),(4,4,1,1,0,0,'SilverStripe\\ErrorPage\\ErrorPage','2017-09-12 11:04:00','2017-09-12 11:04:00','page-not-found','Page not found',NULL,'<p>Sorry, it seems you were trying to access a page that doesn\'t exist.</p><p>Please check the spelling of the URL you were trying to access and try again.</p>',NULL,NULL,0,0,4,0,0,NULL,'Inherit','Inherit',0),(5,5,1,1,0,0,'SilverStripe\\ErrorPage\\ErrorPage','2017-09-12 11:04:00','2017-09-12 11:04:00','server-error','Server error',NULL,'<p>Sorry, there was a problem with handling your request.</p>',NULL,NULL,0,0,5,0,0,NULL,'Inherit','Inherit',0),(6,1,2,1,1,1,'SilverStripe\\Lessons\\HomePage','2017-09-12 15:51:22','2017-09-12 11:04:00','home','Home',NULL,'<p>Welcome to SilverStripe! This is the default homepage. You can edit this page by opening <a href=\"admin/\">the CMS</a>.</p><p>You can now access the <a href=\"http://docs.silverstripe.org\">developer documentation</a>, or begin the <a href=\"http://www.silverstripe.org/learn/lessons\">SilverStripe lessons</a>.</p>',NULL,NULL,1,1,1,0,0,NULL,'Inherit','Inherit',0),(7,6,1,0,1,0,'Page','2017-09-13 11:36:49','2017-09-13 11:36:49','new-page','New Page',NULL,NULL,NULL,NULL,1,1,6,0,0,NULL,'Inherit','Inherit',0),(8,7,1,0,1,0,'Page','2017-09-13 11:38:12','2017-09-13 11:38:12','new-page-2','New Page',NULL,NULL,NULL,NULL,1,1,7,0,0,NULL,'Inherit','Inherit',0),(9,7,2,1,1,1,'Page','2017-09-13 11:38:20','2017-09-13 11:38:12','list-your-rental','List Your Rental',NULL,NULL,NULL,NULL,1,1,7,0,0,NULL,'Inherit','Inherit',0),(10,6,2,1,1,1,'Page','2017-09-13 11:38:28','2017-09-13 11:36:49','find-a-rental','Find a Rental',NULL,NULL,NULL,NULL,1,1,6,0,0,NULL,'Inherit','Inherit',0),(11,8,1,0,1,0,'Page','2017-09-13 11:38:38','2017-09-13 11:38:38','new-page','New Page',NULL,NULL,NULL,NULL,1,1,8,0,0,NULL,'Inherit','Inherit',0),(12,8,2,1,1,1,'Page','2017-09-13 11:38:43','2017-09-13 11:38:38','regions','Regions',NULL,NULL,NULL,NULL,1,1,8,0,0,NULL,'Inherit','Inherit',0),(13,9,1,0,1,0,'Page','2017-09-13 11:38:51','2017-09-13 11:38:51','new-page','New Page',NULL,NULL,NULL,NULL,1,1,9,0,0,NULL,'Inherit','Inherit',0),(14,9,2,1,1,1,'Page','2017-09-13 11:39:03','2017-09-13 11:38:51','travel-guides','Travel Guides',NULL,NULL,NULL,NULL,1,1,9,0,0,NULL,'Inherit','Inherit',0),(15,9,3,1,1,1,'SilverStripe\\Lessons\\ArticleHolder','2017-09-13 11:39:12','2017-09-13 11:38:51','travel-guides','Travel Guides',NULL,NULL,NULL,NULL,1,1,9,0,0,NULL,'Inherit','Inherit',0),(16,2,2,0,1,0,'Page','2017-09-13 11:39:19','2017-09-12 11:04:00','about-us','About Us',NULL,'<p>You can fill this page out with your own content, or delete it and create your own pages.</p>',NULL,NULL,1,1,8,0,0,NULL,'Inherit','Inherit',0),(17,6,3,1,1,1,'Page','2017-09-13 11:39:25','2017-09-13 11:36:49','find-a-rental','Find a Rental',NULL,NULL,NULL,NULL,1,1,2,0,0,NULL,'Inherit','Inherit',0),(18,7,3,0,1,0,'Page','2017-09-13 11:39:28','2017-09-13 11:38:12','list-your-rental','List Your Rental',NULL,NULL,NULL,NULL,1,1,3,0,0,NULL,'Inherit','Inherit',0),(19,8,3,0,1,0,'Page','2017-09-13 11:39:32','2017-09-13 11:38:38','regions','Regions',NULL,NULL,NULL,NULL,1,1,4,0,0,NULL,'Inherit','Inherit',0),(20,9,4,0,1,0,'SilverStripe\\Lessons\\ArticleHolder','2017-09-13 11:39:33','2017-09-13 11:38:51','travel-guides','Travel Guides',NULL,NULL,NULL,NULL,1,1,5,0,0,NULL,'Inherit','Inherit',0),(21,2,3,1,1,1,'Page','2017-09-13 11:39:36','2017-09-12 11:04:00','about-us','About Us',NULL,'<p>You can fill this page out with your own content, or delete it and create your own pages.</p>',NULL,NULL,1,1,6,0,0,NULL,'Inherit','Inherit',0),(22,7,4,1,1,1,'Page','2017-09-13 11:40:05','2017-09-13 11:38:12','list-your-rental','List Your Rental',NULL,NULL,NULL,NULL,1,1,3,0,0,NULL,'Inherit','Inherit',0),(23,8,4,1,1,1,'Page','2017-09-13 11:40:09','2017-09-13 11:38:38','regions','Regions',NULL,NULL,NULL,NULL,1,1,4,0,0,NULL,'Inherit','Inherit',0),(24,9,5,1,1,1,'SilverStripe\\Lessons\\ArticleHolder','2017-09-13 11:40:15','2017-09-13 11:38:51','travel-guides','Travel Guides',NULL,NULL,NULL,NULL,1,1,5,0,0,NULL,'Inherit','Inherit',0),(25,10,1,0,1,0,'SilverStripe\\Lessons\\ArticlePage','2017-09-13 11:42:07','2017-09-13 11:42:07','new-article-page','New Article Page',NULL,NULL,NULL,NULL,1,1,1,0,0,NULL,'Inherit','Inherit',9),(26,10,2,1,1,1,'SilverStripe\\Lessons\\ArticlePage','2017-09-13 11:42:26','2017-09-13 11:42:07','sample-article-1','Sample Article 1',NULL,'<p>This is sample article 1.</p>',NULL,NULL,1,1,1,0,0,NULL,'Inherit','Inherit',9),(27,11,1,0,1,0,'SilverStripe\\Lessons\\ArticlePage','2017-09-13 11:42:29','2017-09-13 11:42:29','new-article-page','New Article Page',NULL,NULL,NULL,NULL,1,1,2,0,0,NULL,'Inherit','Inherit',9),(28,11,2,1,1,1,'SilverStripe\\Lessons\\ArticlePage','2017-09-13 11:42:48','2017-09-13 11:42:29','sample-article-2','Sample Article 2',NULL,'<p>This is sample article 2.</p>',NULL,NULL,1,1,2,0,0,NULL,'Inherit','Inherit',9),(29,10,3,1,1,1,'SilverStripe\\Lessons\\ArticlePage','2017-09-13 12:54:14','2017-09-13 11:42:07','sample-article-1','Sample Article 1',NULL,'<p>This is sample article 1.</p>',NULL,NULL,1,1,1,0,0,NULL,'Inherit','Inherit',9),(30,10,4,1,1,1,'SilverStripe\\Lessons\\ArticlePage','2017-09-13 13:48:49','2017-09-13 11:42:07','sample-article-1','Sample Article 1',NULL,'<p>This is sample article 1.</p>',NULL,NULL,1,1,1,0,0,NULL,'Inherit','Inherit',9),(31,11,3,1,1,1,'SilverStripe\\Lessons\\ArticlePage','2017-09-13 13:49:05','2017-09-13 11:42:29','sample-article-2','Sample Article 2',NULL,'<p>This is sample article 2.</p>',NULL,NULL,1,1,2,0,0,NULL,'Inherit','Inherit',9),(32,8,5,1,1,1,'SilverStripe\\Lessons\\RegionsPage','2017-09-14 12:57:55','2017-09-13 11:38:38','regions','Regions',NULL,NULL,NULL,NULL,1,1,4,0,0,NULL,'Inherit','Inherit',0);
/*!40000 ALTER TABLE `SiteTree_Versions` ENABLE KEYS */;
UNLOCK TABLES;

--
-- Table structure for table `SiteTree_ViewerGroups`
--

DROP TABLE IF EXISTS `SiteTree_ViewerGroups`;
/*!40101 SET @saved_cs_client     = @@character_set_client */;
/*!40101 SET character_set_client = utf8 */;
CREATE TABLE `SiteTree_ViewerGroups` (
  `ID` int(11) NOT NULL AUTO_INCREMENT,
  `SiteTreeID` int(11) NOT NULL DEFAULT '0',
  `GroupID` int(11) NOT NULL DEFAULT '0',
  PRIMARY KEY (`ID`),
  KEY `SiteTreeID` (`SiteTreeID`),
  KEY `GroupID` (`GroupID`)
) ENGINE=InnoDB DEFAULT CHARSET=utf8;
/*!40101 SET character_set_client = @saved_cs_client */;

--
-- Dumping data for table `SiteTree_ViewerGroups`
--

LOCK TABLES `SiteTree_ViewerGroups` WRITE;
/*!40000 ALTER TABLE `SiteTree_ViewerGroups` DISABLE KEYS */;
/*!40000 ALTER TABLE `SiteTree_ViewerGroups` ENABLE KEYS */;
UNLOCK TABLES;

--
-- Table structure for table `VirtualPage`
--

DROP TABLE IF EXISTS `VirtualPage`;
/*!40101 SET @saved_cs_client     = @@character_set_client */;
/*!40101 SET character_set_client = utf8 */;
CREATE TABLE `VirtualPage` (
  `ID` int(11) NOT NULL AUTO_INCREMENT,
  `VersionID` int(11) NOT NULL DEFAULT '0',
  `CopyContentFromID` int(11) NOT NULL DEFAULT '0',
  PRIMARY KEY (`ID`),
  KEY `CopyContentFromID` (`CopyContentFromID`)
) ENGINE=InnoDB DEFAULT CHARSET=utf8;
/*!40101 SET character_set_client = @saved_cs_client */;

--
-- Dumping data for table `VirtualPage`
--

LOCK TABLES `VirtualPage` WRITE;
/*!40000 ALTER TABLE `VirtualPage` DISABLE KEYS */;
/*!40000 ALTER TABLE `VirtualPage` ENABLE KEYS */;
UNLOCK TABLES;

--
-- Table structure for table `VirtualPage_Live`
--

DROP TABLE IF EXISTS `VirtualPage_Live`;
/*!40101 SET @saved_cs_client     = @@character_set_client */;
/*!40101 SET character_set_client = utf8 */;
CREATE TABLE `VirtualPage_Live` (
  `ID` int(11) NOT NULL AUTO_INCREMENT,
  `VersionID` int(11) NOT NULL DEFAULT '0',
  `CopyContentFromID` int(11) NOT NULL DEFAULT '0',
  PRIMARY KEY (`ID`),
  KEY `CopyContentFromID` (`CopyContentFromID`)
) ENGINE=InnoDB DEFAULT CHARSET=utf8;
/*!40101 SET character_set_client = @saved_cs_client */;

--
-- Dumping data for table `VirtualPage_Live`
--

LOCK TABLES `VirtualPage_Live` WRITE;
/*!40000 ALTER TABLE `VirtualPage_Live` DISABLE KEYS */;
/*!40000 ALTER TABLE `VirtualPage_Live` ENABLE KEYS */;
UNLOCK TABLES;

--
-- Table structure for table `VirtualPage_Versions`
--

DROP TABLE IF EXISTS `VirtualPage_Versions`;
/*!40101 SET @saved_cs_client     = @@character_set_client */;
/*!40101 SET character_set_client = utf8 */;
CREATE TABLE `VirtualPage_Versions` (
  `ID` int(11) NOT NULL AUTO_INCREMENT,
  `RecordID` int(11) NOT NULL DEFAULT '0',
  `Version` int(11) NOT NULL DEFAULT '0',
  `VersionID` int(11) NOT NULL DEFAULT '0',
  `CopyContentFromID` int(11) NOT NULL DEFAULT '0',
  PRIMARY KEY (`ID`),
  UNIQUE KEY `RecordID_Version` (`RecordID`,`Version`),
  KEY `RecordID` (`RecordID`),
  KEY `Version` (`Version`),
  KEY `CopyContentFromID` (`CopyContentFromID`)
) ENGINE=InnoDB DEFAULT CHARSET=utf8;
/*!40101 SET character_set_client = @saved_cs_client */;

--
-- Dumping data for table `VirtualPage_Versions`
--

LOCK TABLES `VirtualPage_Versions` WRITE;
/*!40000 ALTER TABLE `VirtualPage_Versions` DISABLE KEYS */;
/*!40000 ALTER TABLE `VirtualPage_Versions` ENABLE KEYS */;
UNLOCK TABLES;
/*!40103 SET TIME_ZONE=@OLD_TIME_ZONE */;

/*!40101 SET SQL_MODE=@OLD_SQL_MODE */;
/*!40014 SET FOREIGN_KEY_CHECKS=@OLD_FOREIGN_KEY_CHECKS */;
/*!40014 SET UNIQUE_CHECKS=@OLD_UNIQUE_CHECKS */;
/*!40101 SET CHARACTER_SET_CLIENT=@OLD_CHARACTER_SET_CLIENT */;
/*!40101 SET CHARACTER_SET_RESULTS=@OLD_CHARACTER_SET_RESULTS */;
/*!40101 SET COLLATION_CONNECTION=@OLD_COLLATION_CONNECTION */;
/*!40111 SET SQL_NOTES=@OLD_SQL_NOTES */;

-- Dump completed on 2017-09-26 12:29:42
