-- MySQL dump 10.13  Distrib 5.7.17, for osx10.12 (x86_64)
--
-- Host: localhost    Database: SS_lessons
-- ------------------------------------------------------
-- Server version	5.7.17

/*!40101 SET @OLD_CHARACTER_SET_CLIENT=@@CHARACTER_SET_CLIENT */;
/*!40101 SET @OLD_CHARACTER_SET_RESULTS=@@CHARACTER_SET_RESULTS */;
/*!40101 SET @OLD_COLLATION_CONNECTION=@@COLLATION_CONNECTION */;
/*!40101 SET NAMES utf8 */;
/*!40103 SET @OLD_TIME_ZONE=@@TIME_ZONE */;
/*!40103 SET TIME_ZONE='+00:00' */;
/*!40014 SET @OLD_UNIQUE_CHECKS=@@UNIQUE_CHECKS, UNIQUE_CHECKS=0 */;
/*!40014 SET @OLD_FOREIGN_KEY_CHECKS=@@FOREIGN_KEY_CHECKS, FOREIGN_KEY_CHECKS=0 */;
/*!40101 SET @OLD_SQL_MODE=@@SQL_MODE, SQL_MODE='NO_AUTO_VALUE_ON_ZERO' */;
/*!40111 SET @OLD_SQL_NOTES=@@SQL_NOTES, SQL_NOTES=0 */;

--
-- Table structure for table `ChangeSet`
--

DROP TABLE IF EXISTS `ChangeSet`;
/*!40101 SET @saved_cs_client     = @@character_set_client */;
/*!40101 SET character_set_client = utf8 */;
CREATE TABLE `ChangeSet` (
  `ID` int(11) NOT NULL AUTO_INCREMENT,
  `ClassName` enum('SilverStripe\\Versioned\\ChangeSet') DEFAULT 'SilverStripe\\Versioned\\ChangeSet',
  `LastEdited` datetime DEFAULT NULL,
  `Created` datetime DEFAULT NULL,
  `Name` varchar(255) DEFAULT NULL,
  `State` enum('open','published','reverted') DEFAULT 'open',
  `IsInferred` tinyint(1) unsigned NOT NULL DEFAULT '0',
  `Description` mediumtext,
  `PublishDate` datetime DEFAULT NULL,
  `LastSynced` datetime DEFAULT NULL,
  `OwnerID` int(11) NOT NULL DEFAULT '0',
  `PublisherID` int(11) NOT NULL DEFAULT '0',
  PRIMARY KEY (`ID`),
  KEY `ClassName` (`ClassName`),
  KEY `OwnerID` (`OwnerID`),
  KEY `PublisherID` (`PublisherID`)
) ENGINE=InnoDB AUTO_INCREMENT=41 DEFAULT CHARSET=utf8;
/*!40101 SET character_set_client = @saved_cs_client */;

--
-- Dumping data for table `ChangeSet`
--

LOCK TABLES `ChangeSet` WRITE;
/*!40000 ALTER TABLE `ChangeSet` DISABLE KEYS */;
INSERT INTO `ChangeSet` VALUES (1,'SilverStripe\\Versioned\\ChangeSet','2017-09-12 15:51:23','2017-09-12 15:51:22','Generated by publish of \'Home\' at Sep 12, 2017, 3:51:22 PM','published',1,NULL,'2017-09-12 15:51:23','2017-09-12 15:51:23',0,1),(2,'SilverStripe\\Versioned\\ChangeSet','2017-09-13 11:38:20','2017-09-13 11:38:20','Generated by publish of \'List Your Rental\' at Sep 13, 2017, 11:38:20 AM','published',1,NULL,'2017-09-13 11:38:20','2017-09-13 11:38:20',0,1),(3,'SilverStripe\\Versioned\\ChangeSet','2017-09-13 11:38:28','2017-09-13 11:38:28','Generated by publish of \'Find a Rental\' at Sep 13, 2017, 11:38:28 AM','published',1,NULL,'2017-09-13 11:38:28','2017-09-13 11:38:28',0,1),(4,'SilverStripe\\Versioned\\ChangeSet','2017-09-13 11:38:43','2017-09-13 11:38:43','Generated by publish of \'Regions\' at Sep 13, 2017, 11:38:43 AM','published',1,NULL,'2017-09-13 11:38:43','2017-09-13 11:38:43',0,1),(5,'SilverStripe\\Versioned\\ChangeSet','2017-09-13 11:39:03','2017-09-13 11:39:03','Generated by publish of \'Travel Guides\' at Sep 13, 2017, 11:39:03 AM','published',1,NULL,'2017-09-13 11:39:03','2017-09-13 11:39:03',0,1),(6,'SilverStripe\\Versioned\\ChangeSet','2017-09-13 11:39:13','2017-09-13 11:39:12','Generated by publish of \'Travel Guides\' at Sep 13, 2017, 11:39:12 AM','published',1,NULL,'2017-09-13 11:39:13','2017-09-13 11:39:13',0,1),(7,'SilverStripe\\Versioned\\ChangeSet','2017-09-13 11:40:30','2017-09-13 11:40:30','Generated by publish of \'Home\' at Sep 13, 2017, 11:40:30 AM','published',1,NULL,'2017-09-13 11:40:30','2017-09-13 11:40:30',0,1),(8,'SilverStripe\\Versioned\\ChangeSet','2017-09-13 11:40:30','2017-09-13 11:40:30','Generated by publish of \'Find a Rental\' at Sep 13, 2017, 11:40:30 AM','published',1,NULL,'2017-09-13 11:40:30','2017-09-13 11:40:30',0,1),(9,'SilverStripe\\Versioned\\ChangeSet','2017-09-13 11:40:30','2017-09-13 11:40:30','Generated by publish of \'List Your Rental\' at Sep 13, 2017, 11:40:30 AM','published',1,NULL,'2017-09-13 11:40:30','2017-09-13 11:40:30',0,1),(10,'SilverStripe\\Versioned\\ChangeSet','2017-09-13 11:40:30','2017-09-13 11:40:30','Generated by publish of \'Regions\' at Sep 13, 2017, 11:40:30 AM','published',1,NULL,'2017-09-13 11:40:30','2017-09-13 11:40:30',0,1),(11,'SilverStripe\\Versioned\\ChangeSet','2017-09-13 11:40:30','2017-09-13 11:40:30','Generated by publish of \'Travel Guides\' at Sep 13, 2017, 11:40:30 AM','published',1,NULL,'2017-09-13 11:40:30','2017-09-13 11:40:30',0,1),(12,'SilverStripe\\Versioned\\ChangeSet','2017-09-13 11:40:37','2017-09-13 11:40:37','Generated by publish of \'About Us\' at Sep 13, 2017, 11:40:37 AM','published',1,NULL,'2017-09-13 11:40:37','2017-09-13 11:40:37',0,1),(13,'SilverStripe\\Versioned\\ChangeSet','2017-09-13 11:42:26','2017-09-13 11:42:26','Generated by publish of \'Sample Article 1\' at Sep 13, 2017, 11:42:26 AM','published',1,NULL,'2017-09-13 11:42:26','2017-09-13 11:42:26',0,1),(14,'SilverStripe\\Versioned\\ChangeSet','2017-09-13 11:42:48','2017-09-13 11:42:48','Generated by publish of \'Sample Article 2\' at Sep 13, 2017, 11:42:48 AM','published',1,NULL,'2017-09-13 11:42:48','2017-09-13 11:42:48',0,1),(15,'SilverStripe\\Versioned\\ChangeSet','2017-09-13 12:53:49','2017-09-13 12:53:49','Generated by publish of \'Sample Article 1\' at Sep 13, 2017, 12:53:49 PM','published',1,NULL,'2017-09-13 12:53:49','2017-09-13 12:53:49',0,1),(16,'SilverStripe\\Versioned\\ChangeSet','2017-09-13 12:54:14','2017-09-13 12:54:14','Generated by publish of \'Sample Article 1\' at Sep 13, 2017, 12:54:14 PM','published',1,NULL,'2017-09-13 12:54:14','2017-09-13 12:54:14',0,1),(17,'SilverStripe\\Versioned\\ChangeSet','2017-09-13 13:48:49','2017-09-13 13:48:49','Generated by publish of \'Sample Article 1\' at Sep 13, 2017, 1:48:49 PM','published',1,NULL,'2017-09-13 13:48:49','2017-09-13 13:48:49',0,1),(18,'SilverStripe\\Versioned\\ChangeSet','2017-09-13 13:49:05','2017-09-13 13:49:05','Generated by publish of \'Sample Article 2\' at Sep 13, 2017, 1:49:05 PM','published',1,NULL,'2017-09-13 13:49:05','2017-09-13 13:49:05',0,1),(19,'SilverStripe\\Versioned\\ChangeSet','2017-09-13 13:50:11','2017-09-13 13:50:11','Generated by publish of \'Sample Article 2\' at Sep 13, 2017, 1:50:11 PM','published',1,NULL,'2017-09-13 13:50:11','2017-09-13 13:50:11',0,1),(20,'SilverStripe\\Versioned\\ChangeSet','2017-09-13 13:52:13','2017-09-13 13:52:13','Generated by publish of \'Sample Article 2\' at Sep 13, 2017, 1:52:13 PM','published',1,NULL,'2017-09-13 13:52:13','2017-09-13 13:52:13',0,1),(21,'SilverStripe\\Versioned\\ChangeSet','2017-09-13 13:52:29','2017-09-13 13:52:29','Generated by publish of \'Sample Article 2\' at Sep 13, 2017, 1:52:29 PM','published',1,NULL,'2017-09-13 13:52:29','2017-09-13 13:52:29',0,1),(22,'SilverStripe\\Versioned\\ChangeSet','2017-09-14 12:57:55','2017-09-14 12:57:55','Generated by publish of \'Regions\' at Sep 14, 2017, 12:57:55 PM','published',1,NULL,'2017-09-14 12:57:55','2017-09-14 12:57:55',0,1),(23,'SilverStripe\\Versioned\\ChangeSet','2017-09-14 13:57:58','2017-09-14 13:57:58','Generated by publish of \'The Northeast\' at Sep 14, 2017, 1:57:58 PM','published',1,NULL,'2017-09-14 13:57:58','2017-09-14 13:57:58',0,1),(24,'SilverStripe\\Versioned\\ChangeSet','2017-09-14 13:58:13','2017-09-14 13:58:13','Generated by publish of \'Regions\' at Sep 14, 2017, 1:58:13 PM','published',1,NULL,'2017-09-14 13:58:13','2017-09-14 13:58:13',0,1),(25,'SilverStripe\\Versioned\\ChangeSet','2017-09-14 13:59:01','2017-09-14 13:59:00','Generated by publish of \'Regions\' at Sep 14, 2017, 1:59:00 PM','published',1,NULL,'2017-09-14 13:59:01','2017-09-14 13:59:00',0,1),(26,'SilverStripe\\Versioned\\ChangeSet','2017-09-14 13:59:18','2017-09-14 13:59:18','Generated by publish of \'The Northeast\' at Sep 14, 2017, 1:59:18 PM','published',1,NULL,'2017-09-14 13:59:18','2017-09-14 13:59:18',0,1),(27,'SilverStripe\\Versioned\\ChangeSet','2017-09-14 13:59:35','2017-09-14 13:59:34','Generated by publish of \'The Southwest\' at Sep 14, 2017, 1:59:34 PM','published',1,NULL,'2017-09-14 13:59:35','2017-09-14 13:59:35',0,1),(28,'SilverStripe\\Versioned\\ChangeSet','2017-09-14 13:59:50','2017-09-14 13:59:50','Generated by publish of \'Regions\' at Sep 14, 2017, 1:59:50 PM','published',1,NULL,'2017-09-14 13:59:50','2017-09-14 13:59:50',0,1),(29,'SilverStripe\\Versioned\\ChangeSet','2017-09-14 14:00:52','2017-09-14 14:00:51','Generated by publish of \'The Southeast\' at Sep 14, 2017, 2:00:51 PM','published',1,NULL,'2017-09-14 14:00:52','2017-09-14 14:00:52',0,1),(30,'SilverStripe\\Versioned\\ChangeSet','2017-09-14 14:09:05','2017-09-14 14:09:04','Generated by publish of \'Sample Article 1\' at Sep 14, 2017, 2:09:04 PM','published',1,NULL,'2017-09-14 14:09:05','2017-09-14 14:09:04',0,1),(31,'SilverStripe\\Versioned\\ChangeSet','2017-09-14 14:10:51','2017-09-14 14:10:50','Generated by publish of \'Regions\' at Sep 14, 2017, 2:10:50 PM','published',1,NULL,'2017-09-14 14:10:51','2017-09-14 14:10:50',0,1),(32,'SilverStripe\\Versioned\\ChangeSet','2017-09-14 14:12:17','2017-09-14 14:12:16','Generated by publish of \'Regions\' at Sep 14, 2017, 2:12:16 PM','published',1,NULL,'2017-09-14 14:12:17','2017-09-14 14:12:16',0,1),(33,'SilverStripe\\Versioned\\ChangeSet','2017-09-14 14:13:34','2017-09-14 14:13:34','Generated by publish of \'tester\' at Sep 14, 2017, 2:13:34 PM','published',1,NULL,'2017-09-14 14:13:34','2017-09-14 14:13:34',0,1),(34,'SilverStripe\\Versioned\\ChangeSet','2017-09-14 15:26:25','2017-09-14 15:26:25','Generated by publish of \'The Northeast\' at Sep 14, 2017, 3:26:25 PM','published',1,NULL,'2017-09-14 15:26:25','2017-09-14 15:26:25',0,1),(35,'SilverStripe\\Versioned\\ChangeSet','2017-09-14 15:26:49','2017-09-14 15:26:48','Generated by publish of \'The Southeast\' at Sep 14, 2017, 3:26:48 PM','published',1,NULL,'2017-09-14 15:26:49','2017-09-14 15:26:49',0,1),(36,'SilverStripe\\Versioned\\ChangeSet','2017-09-14 15:27:19','2017-09-14 15:27:19','Generated by publish of \'The Southwest\' at Sep 14, 2017, 3:27:19 PM','published',1,NULL,'2017-09-14 15:27:19','2017-09-14 15:27:19',0,1),(37,'SilverStripe\\Versioned\\ChangeSet','2017-09-14 15:27:38','2017-09-14 15:27:38','Generated by publish of \'The Northwest\' at Sep 14, 2017, 3:27:38 PM','published',1,NULL,'2017-09-14 15:27:38','2017-09-14 15:27:38',0,1),(38,'SilverStripe\\Versioned\\ChangeSet','2017-09-14 16:16:37','2017-09-14 16:16:37','Generated by publish of \'Sample Article 1\' at Sep 14, 2017, 4:16:37 PM','published',1,NULL,'2017-09-14 16:16:37','2017-09-14 16:16:37',0,1),(39,'SilverStripe\\Versioned\\ChangeSet','2017-09-14 16:18:40','2017-09-14 16:18:39','Generated by publish of \'Sample Article 2\' at Sep 14, 2017, 4:18:39 PM','published',1,NULL,'2017-09-14 16:18:40','2017-09-14 16:18:39',0,1),(40,'SilverStripe\\Versioned\\ChangeSet','2017-09-14 16:18:45','2017-09-14 16:18:45','Generated by publish of \'Sample Article 1\' at Sep 14, 2017, 4:18:45 PM','published',1,NULL,'2017-09-14 16:18:45','2017-09-14 16:18:45',0,1);
/*!40000 ALTER TABLE `ChangeSet` ENABLE KEYS */;
UNLOCK TABLES;

--
-- Table structure for table `ChangeSetItem`
--

DROP TABLE IF EXISTS `ChangeSetItem`;
/*!40101 SET @saved_cs_client     = @@character_set_client */;
/*!40101 SET character_set_client = utf8 */;
CREATE TABLE `ChangeSetItem` (
  `ID` int(11) NOT NULL AUTO_INCREMENT,
  `ClassName` enum('SilverStripe\\Versioned\\ChangeSetItem') DEFAULT 'SilverStripe\\Versioned\\ChangeSetItem',
  `LastEdited` datetime DEFAULT NULL,
  `Created` datetime DEFAULT NULL,
  `VersionBefore` int(11) NOT NULL DEFAULT '0',
  `VersionAfter` int(11) NOT NULL DEFAULT '0',
  `Added` enum('explicitly','implicitly') DEFAULT 'implicitly',
  `ChangeSetID` int(11) NOT NULL DEFAULT '0',
  `ObjectID` int(11) NOT NULL DEFAULT '0',
  `ObjectClass` enum('SilverStripe\\Lessons\\ArticleCategory','SilverStripe\\Lessons\\ArticleComment','SilverStripe\\Lessons\\Region','SilverStripe\\Assets\\File','SilverStripe\\Assets\\Folder','SilverStripe\\Assets\\Image','SilverStripe\\SiteConfig\\SiteConfig','SilverStripe\\Versioned\\ChangeSet','SilverStripe\\Versioned\\ChangeSetItem','SilverStripe\\CMS\\Model\\SiteTree','Page','SilverStripe\\Lessons\\ArticleHolder','SilverStripe\\Lessons\\ArticlePage','SilverStripe\\Lessons\\HomePage','SilverStripe\\Lessons\\RegionsPage','SilverStripe\\ErrorPage\\ErrorPage','SilverStripe\\CMS\\Model\\RedirectorPage','SilverStripe\\CMS\\Model\\VirtualPage','SilverStripe\\Security\\Group','SilverStripe\\Security\\LoginAttempt','SilverStripe\\Security\\Member','SilverStripe\\Security\\MemberPassword','SilverStripe\\Security\\Permission','SilverStripe\\Security\\PermissionRole','SilverStripe\\Security\\PermissionRoleCode','SilverStripe\\Security\\RememberLoginHash') DEFAULT 'SilverStripe\\Lessons\\ArticleCategory',
  PRIMARY KEY (`ID`),
  UNIQUE KEY `ObjectUniquePerChangeSet` (`ObjectID`,`ObjectClass`,`ChangeSetID`),
  KEY `ClassName` (`ClassName`),
  KEY `ChangeSetID` (`ChangeSetID`),
  KEY `Object` (`ObjectID`,`ObjectClass`)
) ENGINE=InnoDB AUTO_INCREMENT=82 DEFAULT CHARSET=utf8;
/*!40101 SET character_set_client = @saved_cs_client */;

--
-- Dumping data for table `ChangeSetItem`
--

LOCK TABLES `ChangeSetItem` WRITE;
/*!40000 ALTER TABLE `ChangeSetItem` DISABLE KEYS */;
INSERT INTO `ChangeSetItem` VALUES (1,'SilverStripe\\Versioned\\ChangeSetItem','2017-09-12 15:51:23','2017-09-12 15:51:23',1,2,'explicitly',1,1,'SilverStripe\\CMS\\Model\\SiteTree'),(2,'SilverStripe\\Versioned\\ChangeSetItem','2017-09-13 11:38:20','2017-09-13 11:38:20',0,2,'explicitly',2,7,'SilverStripe\\CMS\\Model\\SiteTree'),(3,'SilverStripe\\Versioned\\ChangeSetItem','2017-09-13 11:38:28','2017-09-13 11:38:28',0,2,'explicitly',3,6,'SilverStripe\\CMS\\Model\\SiteTree'),(4,'SilverStripe\\Versioned\\ChangeSetItem','2017-09-13 11:38:43','2017-09-13 11:38:43',0,2,'explicitly',4,8,'SilverStripe\\CMS\\Model\\SiteTree'),(5,'SilverStripe\\Versioned\\ChangeSetItem','2017-09-13 11:39:03','2017-09-13 11:39:03',0,2,'explicitly',5,9,'SilverStripe\\CMS\\Model\\SiteTree'),(6,'SilverStripe\\Versioned\\ChangeSetItem','2017-09-13 11:39:13','2017-09-13 11:39:12',2,3,'explicitly',6,9,'SilverStripe\\CMS\\Model\\SiteTree'),(7,'SilverStripe\\Versioned\\ChangeSetItem','2017-09-13 11:40:30','2017-09-13 11:40:30',2,2,'explicitly',7,1,'SilverStripe\\CMS\\Model\\SiteTree'),(8,'SilverStripe\\Versioned\\ChangeSetItem','2017-09-13 11:40:30','2017-09-13 11:40:30',2,3,'explicitly',8,6,'SilverStripe\\CMS\\Model\\SiteTree'),(9,'SilverStripe\\Versioned\\ChangeSetItem','2017-09-13 11:40:30','2017-09-13 11:40:30',2,4,'explicitly',9,7,'SilverStripe\\CMS\\Model\\SiteTree'),(10,'SilverStripe\\Versioned\\ChangeSetItem','2017-09-13 11:40:30','2017-09-13 11:40:30',2,4,'explicitly',10,8,'SilverStripe\\CMS\\Model\\SiteTree'),(11,'SilverStripe\\Versioned\\ChangeSetItem','2017-09-13 11:40:30','2017-09-13 11:40:30',3,5,'explicitly',11,9,'SilverStripe\\CMS\\Model\\SiteTree'),(12,'SilverStripe\\Versioned\\ChangeSetItem','2017-09-13 11:40:37','2017-09-13 11:40:37',1,3,'explicitly',12,2,'SilverStripe\\CMS\\Model\\SiteTree'),(13,'SilverStripe\\Versioned\\ChangeSetItem','2017-09-13 11:42:26','2017-09-13 11:42:26',0,2,'explicitly',13,10,'SilverStripe\\CMS\\Model\\SiteTree'),(14,'SilverStripe\\Versioned\\ChangeSetItem','2017-09-13 11:42:48','2017-09-13 11:42:48',0,2,'explicitly',14,11,'SilverStripe\\CMS\\Model\\SiteTree'),(15,'SilverStripe\\Versioned\\ChangeSetItem','2017-09-13 12:53:49','2017-09-13 12:53:49',2,2,'explicitly',15,10,'SilverStripe\\CMS\\Model\\SiteTree'),(16,'SilverStripe\\Versioned\\ChangeSetItem','2017-09-13 12:54:14','2017-09-13 12:54:14',2,3,'explicitly',16,10,'SilverStripe\\CMS\\Model\\SiteTree'),(17,'SilverStripe\\Versioned\\ChangeSetItem','2017-09-13 13:48:49','2017-09-13 13:48:49',3,4,'explicitly',17,10,'SilverStripe\\CMS\\Model\\SiteTree'),(18,'SilverStripe\\Versioned\\ChangeSetItem','2017-09-13 13:49:05','2017-09-13 13:49:05',2,3,'explicitly',18,11,'SilverStripe\\CMS\\Model\\SiteTree'),(19,'SilverStripe\\Versioned\\ChangeSetItem','2017-09-13 13:50:11','2017-09-13 13:50:11',3,3,'explicitly',19,11,'SilverStripe\\CMS\\Model\\SiteTree'),(20,'SilverStripe\\Versioned\\ChangeSetItem','2017-09-13 13:52:13','2017-09-13 13:52:13',3,3,'explicitly',20,11,'SilverStripe\\CMS\\Model\\SiteTree'),(22,'SilverStripe\\Versioned\\ChangeSetItem','2017-09-13 13:52:13','2017-09-13 13:52:13',0,1,'implicitly',20,6,'SilverStripe\\Assets\\File'),(23,'SilverStripe\\Versioned\\ChangeSetItem','2017-09-13 13:52:29','2017-09-13 13:52:29',0,3,'explicitly',21,11,'SilverStripe\\CMS\\Model\\SiteTree'),(25,'SilverStripe\\Versioned\\ChangeSetItem','2017-09-13 13:52:29','2017-09-13 13:52:29',1,1,'implicitly',21,6,'SilverStripe\\Assets\\File'),(26,'SilverStripe\\Versioned\\ChangeSetItem','2017-09-14 12:57:55','2017-09-14 12:57:55',4,5,'explicitly',22,8,'SilverStripe\\CMS\\Model\\SiteTree'),(27,'SilverStripe\\Versioned\\ChangeSetItem','2017-09-14 13:57:58','2017-09-14 13:57:58',0,0,'explicitly',23,1,'SilverStripe\\Lessons\\Region'),(28,'SilverStripe\\Versioned\\ChangeSetItem','2017-09-14 13:58:13','2017-09-14 13:58:13',5,5,'explicitly',24,8,'SilverStripe\\CMS\\Model\\SiteTree'),(29,'SilverStripe\\Versioned\\ChangeSetItem','2017-09-14 13:58:13','2017-09-14 13:58:13',0,0,'implicitly',24,1,'SilverStripe\\Lessons\\Region'),(30,'SilverStripe\\Versioned\\ChangeSetItem','2017-09-14 13:58:13','2017-09-14 13:58:13',0,0,'implicitly',24,2,'SilverStripe\\Lessons\\Region'),(31,'SilverStripe\\Versioned\\ChangeSetItem','2017-09-14 13:58:13','2017-09-14 13:58:13',0,0,'implicitly',24,3,'SilverStripe\\Lessons\\Region'),(32,'SilverStripe\\Versioned\\ChangeSetItem','2017-09-14 13:58:13','2017-09-14 13:58:13',0,0,'implicitly',24,4,'SilverStripe\\Lessons\\Region'),(33,'SilverStripe\\Versioned\\ChangeSetItem','2017-09-14 13:59:00','2017-09-14 13:59:00',5,5,'explicitly',25,8,'SilverStripe\\CMS\\Model\\SiteTree'),(34,'SilverStripe\\Versioned\\ChangeSetItem','2017-09-14 13:59:00','2017-09-14 13:59:00',0,0,'implicitly',25,1,'SilverStripe\\Lessons\\Region'),(35,'SilverStripe\\Versioned\\ChangeSetItem','2017-09-14 13:59:00','2017-09-14 13:59:00',0,0,'implicitly',25,2,'SilverStripe\\Lessons\\Region'),(36,'SilverStripe\\Versioned\\ChangeSetItem','2017-09-14 13:59:00','2017-09-14 13:59:00',0,0,'implicitly',25,3,'SilverStripe\\Lessons\\Region'),(37,'SilverStripe\\Versioned\\ChangeSetItem','2017-09-14 13:59:00','2017-09-14 13:59:00',0,0,'implicitly',25,4,'SilverStripe\\Lessons\\Region'),(38,'SilverStripe\\Versioned\\ChangeSetItem','2017-09-14 13:59:18','2017-09-14 13:59:18',0,0,'explicitly',26,1,'SilverStripe\\Lessons\\Region'),(39,'SilverStripe\\Versioned\\ChangeSetItem','2017-09-14 13:59:35','2017-09-14 13:59:35',0,0,'explicitly',27,2,'SilverStripe\\Lessons\\Region'),(40,'SilverStripe\\Versioned\\ChangeSetItem','2017-09-14 13:59:50','2017-09-14 13:59:50',5,5,'explicitly',28,8,'SilverStripe\\CMS\\Model\\SiteTree'),(41,'SilverStripe\\Versioned\\ChangeSetItem','2017-09-14 13:59:50','2017-09-14 13:59:50',0,0,'implicitly',28,1,'SilverStripe\\Lessons\\Region'),(42,'SilverStripe\\Versioned\\ChangeSetItem','2017-09-14 13:59:50','2017-09-14 13:59:50',0,0,'implicitly',28,2,'SilverStripe\\Lessons\\Region'),(43,'SilverStripe\\Versioned\\ChangeSetItem','2017-09-14 13:59:50','2017-09-14 13:59:50',0,0,'implicitly',28,3,'SilverStripe\\Lessons\\Region'),(44,'SilverStripe\\Versioned\\ChangeSetItem','2017-09-14 13:59:50','2017-09-14 13:59:50',0,0,'implicitly',28,4,'SilverStripe\\Lessons\\Region'),(45,'SilverStripe\\Versioned\\ChangeSetItem','2017-09-14 14:00:52','2017-09-14 14:00:51',0,0,'explicitly',29,4,'SilverStripe\\Lessons\\Region'),(46,'SilverStripe\\Versioned\\ChangeSetItem','2017-09-14 14:09:04','2017-09-14 14:09:04',4,4,'explicitly',30,10,'SilverStripe\\CMS\\Model\\SiteTree'),(47,'SilverStripe\\Versioned\\ChangeSetItem','2017-09-14 14:09:05','2017-09-14 14:09:04',0,1,'implicitly',30,3,'SilverStripe\\Assets\\File'),(48,'SilverStripe\\Versioned\\ChangeSetItem','2017-09-14 14:09:05','2017-09-14 14:09:04',0,1,'implicitly',30,4,'SilverStripe\\Assets\\File'),(49,'SilverStripe\\Versioned\\ChangeSetItem','2017-09-14 14:10:50','2017-09-14 14:10:50',5,5,'explicitly',31,8,'SilverStripe\\CMS\\Model\\SiteTree'),(50,'SilverStripe\\Versioned\\ChangeSetItem','2017-09-14 14:10:51','2017-09-14 14:10:50',0,0,'implicitly',31,1,'SilverStripe\\Lessons\\Region'),(51,'SilverStripe\\Versioned\\ChangeSetItem','2017-09-14 14:10:51','2017-09-14 14:10:50',0,0,'implicitly',31,2,'SilverStripe\\Lessons\\Region'),(52,'SilverStripe\\Versioned\\ChangeSetItem','2017-09-14 14:10:51','2017-09-14 14:10:50',0,0,'implicitly',31,3,'SilverStripe\\Lessons\\Region'),(53,'SilverStripe\\Versioned\\ChangeSetItem','2017-09-14 14:10:51','2017-09-14 14:10:50',0,0,'implicitly',31,4,'SilverStripe\\Lessons\\Region'),(54,'SilverStripe\\Versioned\\ChangeSetItem','2017-09-14 14:12:16','2017-09-14 14:12:16',5,5,'explicitly',32,8,'SilverStripe\\CMS\\Model\\SiteTree'),(55,'SilverStripe\\Versioned\\ChangeSetItem','2017-09-14 14:12:16','2017-09-14 14:12:16',0,0,'implicitly',32,1,'SilverStripe\\Lessons\\Region'),(56,'SilverStripe\\Versioned\\ChangeSetItem','2017-09-14 14:12:16','2017-09-14 14:12:16',0,0,'implicitly',32,2,'SilverStripe\\Lessons\\Region'),(57,'SilverStripe\\Versioned\\ChangeSetItem','2017-09-14 14:12:16','2017-09-14 14:12:16',0,0,'implicitly',32,3,'SilverStripe\\Lessons\\Region'),(58,'SilverStripe\\Versioned\\ChangeSetItem','2017-09-14 14:12:16','2017-09-14 14:12:16',0,0,'implicitly',32,4,'SilverStripe\\Lessons\\Region'),(59,'SilverStripe\\Versioned\\ChangeSetItem','2017-09-14 14:12:16','2017-09-14 14:12:16',0,1,'implicitly',32,8,'SilverStripe\\Assets\\File'),(60,'SilverStripe\\Versioned\\ChangeSetItem','2017-09-14 14:12:17','2017-09-14 14:12:16',0,1,'implicitly',32,10,'SilverStripe\\Assets\\File'),(61,'SilverStripe\\Versioned\\ChangeSetItem','2017-09-14 14:12:17','2017-09-14 14:12:16',0,1,'implicitly',32,11,'SilverStripe\\Assets\\File'),(62,'SilverStripe\\Versioned\\ChangeSetItem','2017-09-14 14:12:17','2017-09-14 14:12:16',0,1,'implicitly',32,9,'SilverStripe\\Assets\\File'),(64,'SilverStripe\\Versioned\\ChangeSetItem','2017-09-14 14:13:34','2017-09-14 14:13:34',1,1,'implicitly',33,10,'SilverStripe\\Assets\\File'),(65,'SilverStripe\\Versioned\\ChangeSetItem','2017-09-14 15:26:25','2017-09-14 15:26:25',0,1,'explicitly',34,1,'SilverStripe\\Lessons\\Region'),(66,'SilverStripe\\Versioned\\ChangeSetItem','2017-09-14 15:26:25','2017-09-14 15:26:25',1,1,'implicitly',34,11,'SilverStripe\\Assets\\File'),(67,'SilverStripe\\Versioned\\ChangeSetItem','2017-09-14 15:26:49','2017-09-14 15:26:48',0,1,'explicitly',35,2,'SilverStripe\\Lessons\\Region'),(68,'SilverStripe\\Versioned\\ChangeSetItem','2017-09-14 15:26:49','2017-09-14 15:26:48',1,1,'implicitly',35,10,'SilverStripe\\Assets\\File'),(69,'SilverStripe\\Versioned\\ChangeSetItem','2017-09-14 15:27:19','2017-09-14 15:27:19',0,1,'explicitly',36,3,'SilverStripe\\Lessons\\Region'),(70,'SilverStripe\\Versioned\\ChangeSetItem','2017-09-14 15:27:19','2017-09-14 15:27:19',1,1,'implicitly',36,8,'SilverStripe\\Assets\\File'),(71,'SilverStripe\\Versioned\\ChangeSetItem','2017-09-14 15:27:38','2017-09-14 15:27:38',0,1,'explicitly',37,4,'SilverStripe\\Lessons\\Region'),(72,'SilverStripe\\Versioned\\ChangeSetItem','2017-09-14 15:27:38','2017-09-14 15:27:38',1,1,'implicitly',37,9,'SilverStripe\\Assets\\File'),(73,'SilverStripe\\Versioned\\ChangeSetItem','2017-09-14 16:16:37','2017-09-14 16:16:37',4,4,'explicitly',38,10,'SilverStripe\\CMS\\Model\\SiteTree'),(74,'SilverStripe\\Versioned\\ChangeSetItem','2017-09-14 16:16:37','2017-09-14 16:16:37',1,1,'implicitly',38,3,'SilverStripe\\Assets\\File'),(75,'SilverStripe\\Versioned\\ChangeSetItem','2017-09-14 16:16:37','2017-09-14 16:16:37',1,1,'implicitly',38,4,'SilverStripe\\Assets\\File'),(76,'SilverStripe\\Versioned\\ChangeSetItem','2017-09-14 16:18:39','2017-09-14 16:18:39',3,3,'explicitly',39,11,'SilverStripe\\CMS\\Model\\SiteTree'),(77,'SilverStripe\\Versioned\\ChangeSetItem','2017-09-14 16:18:39','2017-09-14 16:18:39',1,1,'implicitly',39,5,'SilverStripe\\Assets\\File'),(78,'SilverStripe\\Versioned\\ChangeSetItem','2017-09-14 16:18:39','2017-09-14 16:18:39',1,1,'implicitly',39,6,'SilverStripe\\Assets\\File'),(79,'SilverStripe\\Versioned\\ChangeSetItem','2017-09-14 16:18:45','2017-09-14 16:18:45',4,4,'explicitly',40,10,'SilverStripe\\CMS\\Model\\SiteTree'),(80,'SilverStripe\\Versioned\\ChangeSetItem','2017-09-14 16:18:45','2017-09-14 16:18:45',1,1,'implicitly',40,3,'SilverStripe\\Assets\\File'),(81,'SilverStripe\\Versioned\\ChangeSetItem','2017-09-14 16:18:45','2017-09-14 16:18:45',1,1,'implicitly',40,4,'SilverStripe\\Assets\\File');
/*!40000 ALTER TABLE `ChangeSetItem` ENABLE KEYS */;
UNLOCK TABLES;

--
-- Table structure for table `ChangeSetItem_ReferencedBy`
--

DROP TABLE IF EXISTS `ChangeSetItem_ReferencedBy`;
/*!40101 SET @saved_cs_client     = @@character_set_client */;
/*!40101 SET character_set_client = utf8 */;
CREATE TABLE `ChangeSetItem_ReferencedBy` (
  `ID` int(11) NOT NULL AUTO_INCREMENT,
  `ChangeSetItemID` int(11) NOT NULL DEFAULT '0',
  `ChildID` int(11) NOT NULL DEFAULT '0',
  PRIMARY KEY (`ID`),
  KEY `ChangeSetItemID` (`ChangeSetItemID`),
  KEY `ChildID` (`ChildID`)
) ENGINE=InnoDB AUTO_INCREMENT=42 DEFAULT CHARSET=utf8;
/*!40101 SET character_set_client = @saved_cs_client */;

--
-- Dumping data for table `ChangeSetItem_ReferencedBy`
--

LOCK TABLES `ChangeSetItem_ReferencedBy` WRITE;
/*!40000 ALTER TABLE `ChangeSetItem_ReferencedBy` DISABLE KEYS */;
INSERT INTO `ChangeSetItem_ReferencedBy` VALUES (1,21,20),(2,22,20),(3,24,23),(4,25,23),(5,29,28),(6,30,28),(7,31,28),(8,32,28),(9,34,33),(10,35,33),(11,36,33),(12,37,33),(13,41,40),(14,42,40),(15,43,40),(16,44,40),(17,47,46),(18,48,46),(19,50,49),(20,51,49),(21,52,49),(22,53,49),(23,55,54),(24,56,54),(25,57,54),(26,58,54),(27,59,54),(28,60,54),(29,61,54),(30,62,54),(31,64,63),(32,66,65),(33,68,67),(34,70,69),(35,72,71),(36,74,73),(37,75,73),(38,77,76),(39,78,76),(40,80,79),(41,81,79);
/*!40000 ALTER TABLE `ChangeSetItem_ReferencedBy` ENABLE KEYS */;
UNLOCK TABLES;

--
-- Table structure for table `ErrorPage`
--

DROP TABLE IF EXISTS `ErrorPage`;
/*!40101 SET @saved_cs_client     = @@character_set_client */;
/*!40101 SET character_set_client = utf8 */;
CREATE TABLE `ErrorPage` (
  `ID` int(11) NOT NULL AUTO_INCREMENT,
  `ErrorCode` int(11) NOT NULL DEFAULT '0',
  PRIMARY KEY (`ID`)
) ENGINE=InnoDB AUTO_INCREMENT=6 DEFAULT CHARSET=utf8;
/*!40101 SET character_set_client = @saved_cs_client */;

--
-- Dumping data for table `ErrorPage`
--

LOCK TABLES `ErrorPage` WRITE;
/*!40000 ALTER TABLE `ErrorPage` DISABLE KEYS */;
INSERT INTO `ErrorPage` VALUES (4,404),(5,500);
/*!40000 ALTER TABLE `ErrorPage` ENABLE KEYS */;
UNLOCK TABLES;

--
-- Table structure for table `ErrorPage_Live`
--

DROP TABLE IF EXISTS `ErrorPage_Live`;
/*!40101 SET @saved_cs_client     = @@character_set_client */;
/*!40101 SET character_set_client = utf8 */;
CREATE TABLE `ErrorPage_Live` (
  `ID` int(11) NOT NULL AUTO_INCREMENT,
  `ErrorCode` int(11) NOT NULL DEFAULT '0',
  PRIMARY KEY (`ID`)
) ENGINE=InnoDB AUTO_INCREMENT=6 DEFAULT CHARSET=utf8;
/*!40101 SET character_set_client = @saved_cs_client */;

--
-- Dumping data for table `ErrorPage_Live`
--

LOCK TABLES `ErrorPage_Live` WRITE;
/*!40000 ALTER TABLE `ErrorPage_Live` DISABLE KEYS */;
INSERT INTO `ErrorPage_Live` VALUES (4,404),(5,500);
/*!40000 ALTER TABLE `ErrorPage_Live` ENABLE KEYS */;
UNLOCK TABLES;

--
-- Table structure for table `ErrorPage_Versions`
--

DROP TABLE IF EXISTS `ErrorPage_Versions`;
/*!40101 SET @saved_cs_client     = @@character_set_client */;
/*!40101 SET character_set_client = utf8 */;
CREATE TABLE `ErrorPage_Versions` (
  `ID` int(11) NOT NULL AUTO_INCREMENT,
  `RecordID` int(11) NOT NULL DEFAULT '0',
  `Version` int(11) NOT NULL DEFAULT '0',
  `ErrorCode` int(11) NOT NULL DEFAULT '0',
  PRIMARY KEY (`ID`),
  UNIQUE KEY `RecordID_Version` (`RecordID`,`Version`),
  KEY `RecordID` (`RecordID`),
  KEY `Version` (`Version`)
) ENGINE=InnoDB AUTO_INCREMENT=3 DEFAULT CHARSET=utf8;
/*!40101 SET character_set_client = @saved_cs_client */;

--
-- Dumping data for table `ErrorPage_Versions`
--

LOCK TABLES `ErrorPage_Versions` WRITE;
/*!40000 ALTER TABLE `ErrorPage_Versions` DISABLE KEYS */;
INSERT INTO `ErrorPage_Versions` VALUES (1,4,1,404),(2,5,1,500);
/*!40000 ALTER TABLE `ErrorPage_Versions` ENABLE KEYS */;
UNLOCK TABLES;

--
-- Table structure for table `File`
--

DROP TABLE IF EXISTS `File`;
/*!40101 SET @saved_cs_client     = @@character_set_client */;
/*!40101 SET character_set_client = utf8 */;
CREATE TABLE `File` (
  `ID` int(11) NOT NULL AUTO_INCREMENT,
  `ClassName` enum('SilverStripe\\Assets\\File','SilverStripe\\Assets\\Folder','SilverStripe\\Assets\\Image') DEFAULT 'SilverStripe\\Assets\\File',
  `LastEdited` datetime DEFAULT NULL,
  `Created` datetime DEFAULT NULL,
  `Name` varchar(255) DEFAULT NULL,
  `Title` varchar(255) DEFAULT NULL,
  `ShowInSearch` tinyint(1) unsigned NOT NULL DEFAULT '1',
  `CanViewType` enum('Anyone','LoggedInUsers','OnlyTheseUsers','Inherit') DEFAULT 'Inherit',
  `CanEditType` enum('LoggedInUsers','OnlyTheseUsers','Inherit') DEFAULT 'Inherit',
  `Version` int(11) NOT NULL DEFAULT '0',
  `ParentID` int(11) NOT NULL DEFAULT '0',
  `OwnerID` int(11) NOT NULL DEFAULT '0',
  `FileHash` varchar(255) DEFAULT NULL,
  `FileFilename` varchar(255) DEFAULT NULL,
  `FileVariant` varchar(255) DEFAULT NULL,
  PRIMARY KEY (`ID`),
  KEY `ClassName` (`ClassName`),
  KEY `ParentID` (`ParentID`),
  KEY `OwnerID` (`OwnerID`)
) ENGINE=InnoDB AUTO_INCREMENT=12 DEFAULT CHARSET=utf8;
/*!40101 SET character_set_client = @saved_cs_client */;

--
-- Dumping data for table `File`
--

LOCK TABLES `File` WRITE;
/*!40000 ALTER TABLE `File` DISABLE KEYS */;
INSERT INTO `File` VALUES (1,'SilverStripe\\Assets\\Folder','2017-09-14 14:09:04','2017-09-13 13:45:48','travel-photos','travel-photos',1,'Inherit','Inherit',1,0,1,NULL,NULL,NULL),(2,'SilverStripe\\Assets\\Folder','2017-09-14 14:09:05','2017-09-13 13:45:48','travel-brochures','travel-brochures',1,'Inherit','Inherit',1,0,1,NULL,NULL,NULL),(3,'SilverStripe\\Assets\\Image','2017-09-14 14:09:04','2017-09-13 13:46:24','mock_file_1.jpeg','mock file 1',1,'Inherit','Inherit',1,1,1,'df481bc37fcf2e9b686e2e8c34eec206ebaf6255','travel-photos/mock_file_1.jpeg',NULL),(4,'SilverStripe\\Assets\\File','2017-09-14 14:09:05','2017-09-13 13:48:43','example-pdf.pdf','example pdf',1,'Inherit','Inherit',1,2,1,'957e89b7197175fa055f968b6da870958e0b14c9','travel-brochures/example-pdf.pdf',NULL),(5,'SilverStripe\\Assets\\Image','2017-09-13 13:52:13','2017-09-13 13:48:59','mock_file_2.jpeg','mock file 2',1,'Inherit','Inherit',1,1,1,'e7d72e1c5ed5f953285586bc3ea48f197a1dfb2c','travel-photos/mock_file_2.jpeg',NULL),(6,'SilverStripe\\Assets\\File','2017-09-13 13:52:13','2017-09-13 13:49:03','example-pdf-v2.pdf','example pdf v2',1,'Inherit','Inherit',1,2,1,'957e89b7197175fa055f968b6da870958e0b14c9','travel-brochures/example-pdf-v2.pdf',NULL),(7,'SilverStripe\\Assets\\Folder','2017-09-14 14:12:17','2017-09-14 12:58:05','region-photos','region-photos',1,'Inherit','Inherit',1,0,1,NULL,NULL,NULL),(8,'SilverStripe\\Assets\\Image','2017-09-14 14:12:16','2017-09-14 12:58:36','mock_file_5.jpeg','mock file 5',1,'Inherit','Inherit',1,7,1,'99eb2e15329f3f387524310a3d439aab4b92a9a9','region-photos/mock_file_5.jpeg',NULL),(9,'SilverStripe\\Assets\\Image','2017-09-14 14:12:17','2017-09-14 12:58:36','mock_file_7.jpeg','mock file 7',1,'Inherit','Inherit',1,7,1,'e5b9b590f02f82fec9e0d5dae8d3be14563f6b57','region-photos/mock_file_7.jpeg',NULL),(10,'SilverStripe\\Assets\\Image','2017-09-14 14:12:17','2017-09-14 12:58:37','mock_file_10.jpeg','mock file 10',1,'Inherit','Inherit',1,7,1,'5e856cff3078b3b328bee136606de028aab67609','region-photos/mock_file_10.jpeg',NULL),(11,'SilverStripe\\Assets\\Image','2017-09-14 14:12:17','2017-09-14 12:58:37','mock-file-3.jpeg','mock file 3',1,'Inherit','Inherit',1,7,1,'9f0202c6cb0a29c46052feeb7f4880d1f048a9c2','region-photos/mock-file-3.jpeg',NULL);
/*!40000 ALTER TABLE `File` ENABLE KEYS */;
UNLOCK TABLES;

--
-- Table structure for table `File_EditorGroups`
--

DROP TABLE IF EXISTS `File_EditorGroups`;
/*!40101 SET @saved_cs_client     = @@character_set_client */;
/*!40101 SET character_set_client = utf8 */;
CREATE TABLE `File_EditorGroups` (
  `ID` int(11) NOT NULL AUTO_INCREMENT,
  `FileID` int(11) NOT NULL DEFAULT '0',
  `GroupID` int(11) NOT NULL DEFAULT '0',
  PRIMARY KEY (`ID`),
  KEY `FileID` (`FileID`),
  KEY `GroupID` (`GroupID`)
) ENGINE=InnoDB DEFAULT CHARSET=utf8;
/*!40101 SET character_set_client = @saved_cs_client */;

--
-- Dumping data for table `File_EditorGroups`
--

LOCK TABLES `File_EditorGroups` WRITE;
/*!40000 ALTER TABLE `File_EditorGroups` DISABLE KEYS */;
/*!40000 ALTER TABLE `File_EditorGroups` ENABLE KEYS */;
UNLOCK TABLES;

--
-- Table structure for table `File_Live`
--

DROP TABLE IF EXISTS `File_Live`;
/*!40101 SET @saved_cs_client     = @@character_set_client */;
/*!40101 SET character_set_client = utf8 */;
CREATE TABLE `File_Live` (
  `ID` int(11) NOT NULL AUTO_INCREMENT,
  `ClassName` enum('SilverStripe\\Assets\\File','SilverStripe\\Assets\\Folder','SilverStripe\\Assets\\Image') DEFAULT 'SilverStripe\\Assets\\File',
  `LastEdited` datetime DEFAULT NULL,
  `Created` datetime DEFAULT NULL,
  `Name` varchar(255) DEFAULT NULL,
  `Title` varchar(255) DEFAULT NULL,
  `ShowInSearch` tinyint(1) unsigned NOT NULL DEFAULT '1',
  `CanViewType` enum('Anyone','LoggedInUsers','OnlyTheseUsers','Inherit') DEFAULT 'Inherit',
  `CanEditType` enum('LoggedInUsers','OnlyTheseUsers','Inherit') DEFAULT 'Inherit',
  `Version` int(11) NOT NULL DEFAULT '0',
  `ParentID` int(11) NOT NULL DEFAULT '0',
  `OwnerID` int(11) NOT NULL DEFAULT '0',
  `FileHash` varchar(255) DEFAULT NULL,
  `FileFilename` varchar(255) DEFAULT NULL,
  `FileVariant` varchar(255) DEFAULT NULL,
  PRIMARY KEY (`ID`),
  KEY `ClassName` (`ClassName`),
  KEY `ParentID` (`ParentID`),
  KEY `OwnerID` (`OwnerID`)
) ENGINE=InnoDB AUTO_INCREMENT=12 DEFAULT CHARSET=utf8;
/*!40101 SET character_set_client = @saved_cs_client */;

--
-- Dumping data for table `File_Live`
--

LOCK TABLES `File_Live` WRITE;
/*!40000 ALTER TABLE `File_Live` DISABLE KEYS */;
INSERT INTO `File_Live` VALUES (1,'SilverStripe\\Assets\\Folder','2017-09-14 14:09:04','2017-09-13 13:45:48','travel-photos','travel-photos',1,'Inherit','Inherit',1,0,1,NULL,NULL,NULL),(2,'SilverStripe\\Assets\\Folder','2017-09-14 14:09:05','2017-09-13 13:45:48','travel-brochures','travel-brochures',1,'Inherit','Inherit',1,0,1,NULL,NULL,NULL),(3,'SilverStripe\\Assets\\Image','2017-09-14 14:09:04','2017-09-13 13:46:24','mock_file_1.jpeg','mock file 1',1,'Inherit','Inherit',1,1,1,'df481bc37fcf2e9b686e2e8c34eec206ebaf6255','travel-photos/mock_file_1.jpeg',NULL),(4,'SilverStripe\\Assets\\File','2017-09-14 14:09:05','2017-09-13 13:48:43','example-pdf.pdf','example pdf',1,'Inherit','Inherit',1,2,1,'957e89b7197175fa055f968b6da870958e0b14c9','travel-brochures/example-pdf.pdf',NULL),(5,'SilverStripe\\Assets\\Image','2017-09-13 13:52:13','2017-09-13 13:48:59','mock_file_2.jpeg','mock file 2',1,'Inherit','Inherit',1,1,1,'e7d72e1c5ed5f953285586bc3ea48f197a1dfb2c','travel-photos/mock_file_2.jpeg',NULL),(6,'SilverStripe\\Assets\\File','2017-09-13 13:52:13','2017-09-13 13:49:03','example-pdf-v2.pdf','example pdf v2',1,'Inherit','Inherit',1,2,1,'957e89b7197175fa055f968b6da870958e0b14c9','travel-brochures/example-pdf-v2.pdf',NULL),(7,'SilverStripe\\Assets\\Folder','2017-09-14 14:12:17','2017-09-14 12:58:05','region-photos','region-photos',1,'Inherit','Inherit',1,0,1,NULL,NULL,NULL),(8,'SilverStripe\\Assets\\Image','2017-09-14 14:12:16','2017-09-14 12:58:36','mock_file_5.jpeg','mock file 5',1,'Inherit','Inherit',1,7,1,'99eb2e15329f3f387524310a3d439aab4b92a9a9','region-photos/mock_file_5.jpeg',NULL),(9,'SilverStripe\\Assets\\Image','2017-09-14 14:12:17','2017-09-14 12:58:36','mock_file_7.jpeg','mock file 7',1,'Inherit','Inherit',1,7,1,'e5b9b590f02f82fec9e0d5dae8d3be14563f6b57','region-photos/mock_file_7.jpeg',NULL),(10,'SilverStripe\\Assets\\Image','2017-09-14 14:12:17','2017-09-14 12:58:37','mock_file_10.jpeg','mock file 10',1,'Inherit','Inherit',1,7,1,'5e856cff3078b3b328bee136606de028aab67609','region-photos/mock_file_10.jpeg',NULL),(11,'SilverStripe\\Assets\\Image','2017-09-14 14:12:17','2017-09-14 12:58:37','mock-file-3.jpeg','mock file 3',1,'Inherit','Inherit',1,7,1,'9f0202c6cb0a29c46052feeb7f4880d1f048a9c2','region-photos/mock-file-3.jpeg',NULL);
/*!40000 ALTER TABLE `File_Live` ENABLE KEYS */;
UNLOCK TABLES;

--
-- Table structure for table `File_Versions`
--

DROP TABLE IF EXISTS `File_Versions`;
/*!40101 SET @saved_cs_client     = @@character_set_client */;
/*!40101 SET character_set_client = utf8 */;
CREATE TABLE `File_Versions` (
  `ID` int(11) NOT NULL AUTO_INCREMENT,
  `RecordID` int(11) NOT NULL DEFAULT '0',
  `Version` int(11) NOT NULL DEFAULT '0',
  `WasPublished` tinyint(1) unsigned NOT NULL DEFAULT '0',
  `AuthorID` int(11) NOT NULL DEFAULT '0',
  `PublisherID` int(11) NOT NULL DEFAULT '0',
  `ClassName` enum('SilverStripe\\Assets\\File','SilverStripe\\Assets\\Folder','SilverStripe\\Assets\\Image') DEFAULT 'SilverStripe\\Assets\\File',
  `LastEdited` datetime DEFAULT NULL,
  `Created` datetime DEFAULT NULL,
  `Name` varchar(255) DEFAULT NULL,
  `Title` varchar(255) DEFAULT NULL,
  `ShowInSearch` tinyint(1) unsigned NOT NULL DEFAULT '1',
  `CanViewType` enum('Anyone','LoggedInUsers','OnlyTheseUsers','Inherit') DEFAULT 'Inherit',
  `CanEditType` enum('LoggedInUsers','OnlyTheseUsers','Inherit') DEFAULT 'Inherit',
  `ParentID` int(11) NOT NULL DEFAULT '0',
  `OwnerID` int(11) NOT NULL DEFAULT '0',
  `FileHash` varchar(255) DEFAULT NULL,
  `FileFilename` varchar(255) DEFAULT NULL,
  `FileVariant` varchar(255) DEFAULT NULL,
  PRIMARY KEY (`ID`),
  KEY `RecordID_Version` (`RecordID`,`Version`),
  KEY `RecordID` (`RecordID`),
  KEY `Version` (`Version`),
  KEY `AuthorID` (`AuthorID`),
  KEY `PublisherID` (`PublisherID`),
  KEY `ClassName` (`ClassName`),
  KEY `ParentID` (`ParentID`),
  KEY `OwnerID` (`OwnerID`)
) ENGINE=InnoDB AUTO_INCREMENT=12 DEFAULT CHARSET=utf8;
/*!40101 SET character_set_client = @saved_cs_client */;

--
-- Dumping data for table `File_Versions`
--

LOCK TABLES `File_Versions` WRITE;
/*!40000 ALTER TABLE `File_Versions` DISABLE KEYS */;
INSERT INTO `File_Versions` VALUES (1,1,1,1,1,1,'SilverStripe\\Assets\\Folder','2017-09-13 13:45:48','2017-09-13 13:45:48','travel-photos','travel-photos',1,'Inherit','Inherit',0,1,NULL,NULL,NULL),(2,2,1,1,1,1,'SilverStripe\\Assets\\Folder','2017-09-13 13:45:48','2017-09-13 13:45:48','travel-brochures','travel-brochures',1,'Inherit','Inherit',0,1,NULL,NULL,NULL),(3,3,1,1,1,1,'SilverStripe\\Assets\\Image','2017-09-13 13:46:24','2017-09-13 13:46:24','mock_file_1.jpeg','mock file 1',1,'Inherit','Inherit',1,1,'df481bc37fcf2e9b686e2e8c34eec206ebaf6255','travel-photos/mock_file_1.jpeg',NULL),(4,4,1,1,1,1,'SilverStripe\\Assets\\File','2017-09-13 13:48:43','2017-09-13 13:48:43','example-pdf.pdf','example pdf',1,'Inherit','Inherit',2,1,'957e89b7197175fa055f968b6da870958e0b14c9','travel-brochures/example-pdf.pdf',NULL),(5,5,1,1,1,1,'SilverStripe\\Assets\\Image','2017-09-13 13:48:59','2017-09-13 13:48:59','mock_file_2.jpeg','mock file 2',1,'Inherit','Inherit',1,1,'e7d72e1c5ed5f953285586bc3ea48f197a1dfb2c','travel-photos/mock_file_2.jpeg',NULL),(6,6,1,1,1,1,'SilverStripe\\Assets\\File','2017-09-13 13:49:03','2017-09-13 13:49:03','example-pdf-v2.pdf','example pdf v2',1,'Inherit','Inherit',2,1,'957e89b7197175fa055f968b6da870958e0b14c9','travel-brochures/example-pdf-v2.pdf',NULL),(7,7,1,1,1,1,'SilverStripe\\Assets\\Folder','2017-09-14 12:58:05','2017-09-14 12:58:05','region-photos','region-photos',1,'Inherit','Inherit',0,1,NULL,NULL,NULL),(8,8,1,1,1,1,'SilverStripe\\Assets\\Image','2017-09-14 12:58:36','2017-09-14 12:58:36','mock_file_5.jpeg','mock file 5',1,'Inherit','Inherit',7,1,'99eb2e15329f3f387524310a3d439aab4b92a9a9','region-photos/mock_file_5.jpeg',NULL),(9,9,1,1,1,1,'SilverStripe\\Assets\\Image','2017-09-14 12:58:36','2017-09-14 12:58:36','mock_file_7.jpeg','mock file 7',1,'Inherit','Inherit',7,1,'e5b9b590f02f82fec9e0d5dae8d3be14563f6b57','region-photos/mock_file_7.jpeg',NULL),(10,10,1,1,1,1,'SilverStripe\\Assets\\Image','2017-09-14 12:58:37','2017-09-14 12:58:37','mock_file_10.jpeg','mock file 10',1,'Inherit','Inherit',7,1,'5e856cff3078b3b328bee136606de028aab67609','region-photos/mock_file_10.jpeg',NULL),(11,11,1,1,1,1,'SilverStripe\\Assets\\Image','2017-09-14 12:58:37','2017-09-14 12:58:37','mock-file-3.jpeg','mock file 3',1,'Inherit','Inherit',7,1,'9f0202c6cb0a29c46052feeb7f4880d1f048a9c2','region-photos/mock-file-3.jpeg',NULL);
/*!40000 ALTER TABLE `File_Versions` ENABLE KEYS */;
UNLOCK TABLES;

--
-- Table structure for table `File_ViewerGroups`
--

DROP TABLE IF EXISTS `File_ViewerGroups`;
/*!40101 SET @saved_cs_client     = @@character_set_client */;
/*!40101 SET character_set_client = utf8 */;
CREATE TABLE `File_ViewerGroups` (
  `ID` int(11) NOT NULL AUTO_INCREMENT,
  `FileID` int(11) NOT NULL DEFAULT '0',
  `GroupID` int(11) NOT NULL DEFAULT '0',
  PRIMARY KEY (`ID`),
  KEY `FileID` (`FileID`),
  KEY `GroupID` (`GroupID`)
) ENGINE=InnoDB DEFAULT CHARSET=utf8;
/*!40101 SET character_set_client = @saved_cs_client */;

--
-- Dumping data for table `File_ViewerGroups`
--

LOCK TABLES `File_ViewerGroups` WRITE;
/*!40000 ALTER TABLE `File_ViewerGroups` DISABLE KEYS */;
/*!40000 ALTER TABLE `File_ViewerGroups` ENABLE KEYS */;
UNLOCK TABLES;

--
-- Table structure for table `Group`
--

DROP TABLE IF EXISTS `Group`;
/*!40101 SET @saved_cs_client     = @@character_set_client */;
/*!40101 SET character_set_client = utf8 */;
CREATE TABLE `Group` (
  `ID` int(11) NOT NULL AUTO_INCREMENT,
  `ClassName` enum('SilverStripe\\Security\\Group') DEFAULT 'SilverStripe\\Security\\Group',
  `LastEdited` datetime DEFAULT NULL,
  `Created` datetime DEFAULT NULL,
  `Title` varchar(255) DEFAULT NULL,
  `Description` mediumtext,
  `Code` varchar(255) DEFAULT NULL,
  `Locked` tinyint(1) unsigned NOT NULL DEFAULT '0',
  `Sort` int(11) NOT NULL DEFAULT '0',
  `HtmlEditorConfig` mediumtext,
  `ParentID` int(11) NOT NULL DEFAULT '0',
  PRIMARY KEY (`ID`),
  KEY `ClassName` (`ClassName`),
  KEY `ParentID` (`ParentID`)
) ENGINE=InnoDB AUTO_INCREMENT=3 DEFAULT CHARSET=utf8;
/*!40101 SET character_set_client = @saved_cs_client */;

--
-- Dumping data for table `Group`
--

LOCK TABLES `Group` WRITE;
/*!40000 ALTER TABLE `Group` DISABLE KEYS */;
INSERT INTO `Group` VALUES (1,'SilverStripe\\Security\\Group','2017-09-12 11:04:00','2017-09-12 11:04:00','Content Authors',NULL,'content-authors',0,1,NULL,0),(2,'SilverStripe\\Security\\Group','2017-09-12 11:04:00','2017-09-12 11:04:00','Administrators',NULL,'administrators',0,0,NULL,0);
/*!40000 ALTER TABLE `Group` ENABLE KEYS */;
UNLOCK TABLES;

--
-- Table structure for table `Group_Members`
--

DROP TABLE IF EXISTS `Group_Members`;
/*!40101 SET @saved_cs_client     = @@character_set_client */;
/*!40101 SET character_set_client = utf8 */;
CREATE TABLE `Group_Members` (
  `ID` int(11) NOT NULL AUTO_INCREMENT,
  `GroupID` int(11) NOT NULL DEFAULT '0',
  `MemberID` int(11) NOT NULL DEFAULT '0',
  PRIMARY KEY (`ID`),
  KEY `GroupID` (`GroupID`),
  KEY `MemberID` (`MemberID`)
) ENGINE=InnoDB AUTO_INCREMENT=2 DEFAULT CHARSET=utf8;
/*!40101 SET character_set_client = @saved_cs_client */;

--
-- Dumping data for table `Group_Members`
--

LOCK TABLES `Group_Members` WRITE;
/*!40000 ALTER TABLE `Group_Members` DISABLE KEYS */;
INSERT INTO `Group_Members` VALUES (1,2,1);
/*!40000 ALTER TABLE `Group_Members` ENABLE KEYS */;
UNLOCK TABLES;

--
-- Table structure for table `Group_Roles`
--

DROP TABLE IF EXISTS `Group_Roles`;
/*!40101 SET @saved_cs_client     = @@character_set_client */;
/*!40101 SET character_set_client = utf8 */;
CREATE TABLE `Group_Roles` (
  `ID` int(11) NOT NULL AUTO_INCREMENT,
  `GroupID` int(11) NOT NULL DEFAULT '0',
  `PermissionRoleID` int(11) NOT NULL DEFAULT '0',
  PRIMARY KEY (`ID`),
  KEY `GroupID` (`GroupID`),
  KEY `PermissionRoleID` (`PermissionRoleID`)
) ENGINE=InnoDB DEFAULT CHARSET=utf8;
/*!40101 SET character_set_client = @saved_cs_client */;

--
-- Dumping data for table `Group_Roles`
--

LOCK TABLES `Group_Roles` WRITE;
/*!40000 ALTER TABLE `Group_Roles` DISABLE KEYS */;
/*!40000 ALTER TABLE `Group_Roles` ENABLE KEYS */;
UNLOCK TABLES;

--
-- Table structure for table `LoginAttempt`
--

DROP TABLE IF EXISTS `LoginAttempt`;
/*!40101 SET @saved_cs_client     = @@character_set_client */;
/*!40101 SET character_set_client = utf8 */;
CREATE TABLE `LoginAttempt` (
  `ID` int(11) NOT NULL AUTO_INCREMENT,
  `ClassName` enum('SilverStripe\\Security\\LoginAttempt') DEFAULT 'SilverStripe\\Security\\LoginAttempt',
  `LastEdited` datetime DEFAULT NULL,
  `Created` datetime DEFAULT NULL,
  `Email` varchar(255) DEFAULT NULL,
  `Status` enum('Success','Failure') DEFAULT 'Success',
  `IP` varchar(255) DEFAULT NULL,
  `MemberID` int(11) NOT NULL DEFAULT '0',
  PRIMARY KEY (`ID`),
  KEY `ClassName` (`ClassName`),
  KEY `MemberID` (`MemberID`)
) ENGINE=InnoDB DEFAULT CHARSET=utf8;
/*!40101 SET character_set_client = @saved_cs_client */;

--
-- Dumping data for table `LoginAttempt`
--

LOCK TABLES `LoginAttempt` WRITE;
/*!40000 ALTER TABLE `LoginAttempt` DISABLE KEYS */;
/*!40000 ALTER TABLE `LoginAttempt` ENABLE KEYS */;
UNLOCK TABLES;

--
-- Table structure for table `Member`
--

DROP TABLE IF EXISTS `Member`;
/*!40101 SET @saved_cs_client     = @@character_set_client */;
/*!40101 SET character_set_client = utf8 */;
CREATE TABLE `Member` (
  `ID` int(11) NOT NULL AUTO_INCREMENT,
  `ClassName` enum('SilverStripe\\Security\\Member') DEFAULT 'SilverStripe\\Security\\Member',
  `LastEdited` datetime DEFAULT NULL,
  `Created` datetime DEFAULT NULL,
  `FirstName` varchar(255) DEFAULT NULL,
  `Surname` varchar(255) DEFAULT NULL,
  `Email` varchar(254) DEFAULT NULL,
  `TempIDHash` varchar(160) DEFAULT NULL,
  `TempIDExpired` datetime DEFAULT NULL,
  `Password` varchar(160) DEFAULT NULL,
  `AutoLoginHash` varchar(160) DEFAULT NULL,
  `AutoLoginExpired` datetime DEFAULT NULL,
  `PasswordEncryption` varchar(50) DEFAULT NULL,
  `Salt` varchar(50) DEFAULT NULL,
  `PasswordExpiry` date DEFAULT NULL,
  `LockedOutUntil` datetime DEFAULT NULL,
  `Locale` varchar(6) DEFAULT NULL,
  `FailedLoginCount` int(11) NOT NULL DEFAULT '0',
  PRIMARY KEY (`ID`),
  KEY `ClassName` (`ClassName`),
  KEY `Email` (`Email`)
) ENGINE=InnoDB AUTO_INCREMENT=2 DEFAULT CHARSET=utf8;
/*!40101 SET character_set_client = @saved_cs_client */;

--
-- Dumping data for table `Member`
--

LOCK TABLES `Member` WRITE;
/*!40000 ALTER TABLE `Member` DISABLE KEYS */;
INSERT INTO `Member` VALUES (1,'SilverStripe\\Security\\Member','2017-09-14 12:57:42','2017-09-12 11:04:00','Default Admin',NULL,'root','19c29b75a1c62d6b66c58cdf6df8710e029b34d8','2017-09-17 12:57:42',NULL,NULL,NULL,NULL,NULL,NULL,NULL,'en_US',0);
/*!40000 ALTER TABLE `Member` ENABLE KEYS */;
UNLOCK TABLES;

--
-- Table structure for table `MemberPassword`
--

DROP TABLE IF EXISTS `MemberPassword`;
/*!40101 SET @saved_cs_client     = @@character_set_client */;
/*!40101 SET character_set_client = utf8 */;
CREATE TABLE `MemberPassword` (
  `ID` int(11) NOT NULL AUTO_INCREMENT,
  `ClassName` enum('SilverStripe\\Security\\MemberPassword') DEFAULT 'SilverStripe\\Security\\MemberPassword',
  `LastEdited` datetime DEFAULT NULL,
  `Created` datetime DEFAULT NULL,
  `Password` varchar(160) DEFAULT NULL,
  `Salt` varchar(50) DEFAULT NULL,
  `PasswordEncryption` varchar(50) DEFAULT NULL,
  `MemberID` int(11) NOT NULL DEFAULT '0',
  PRIMARY KEY (`ID`),
  KEY `ClassName` (`ClassName`),
  KEY `MemberID` (`MemberID`)
) ENGINE=InnoDB DEFAULT CHARSET=utf8;
/*!40101 SET character_set_client = @saved_cs_client */;

--
-- Dumping data for table `MemberPassword`
--

LOCK TABLES `MemberPassword` WRITE;
/*!40000 ALTER TABLE `MemberPassword` DISABLE KEYS */;
/*!40000 ALTER TABLE `MemberPassword` ENABLE KEYS */;
UNLOCK TABLES;

--
-- Table structure for table `Permission`
--

DROP TABLE IF EXISTS `Permission`;
/*!40101 SET @saved_cs_client     = @@character_set_client */;
/*!40101 SET character_set_client = utf8 */;
CREATE TABLE `Permission` (
  `ID` int(11) NOT NULL AUTO_INCREMENT,
  `ClassName` enum('SilverStripe\\Security\\Permission') DEFAULT 'SilverStripe\\Security\\Permission',
  `LastEdited` datetime DEFAULT NULL,
  `Created` datetime DEFAULT NULL,
  `Code` varchar(255) DEFAULT NULL,
  `Arg` int(11) NOT NULL DEFAULT '0',
  `Type` int(11) NOT NULL DEFAULT '1',
  `GroupID` int(11) NOT NULL DEFAULT '0',
  PRIMARY KEY (`ID`),
  KEY `ClassName` (`ClassName`),
  KEY `GroupID` (`GroupID`),
  KEY `Code` (`Code`)
) ENGINE=InnoDB AUTO_INCREMENT=6 DEFAULT CHARSET=utf8;
/*!40101 SET character_set_client = @saved_cs_client */;

--
-- Dumping data for table `Permission`
--

LOCK TABLES `Permission` WRITE;
/*!40000 ALTER TABLE `Permission` DISABLE KEYS */;
INSERT INTO `Permission` VALUES (1,'SilverStripe\\Security\\Permission','2017-09-12 11:04:00','2017-09-12 11:04:00','CMS_ACCESS_CMSMain',0,1,1),(2,'SilverStripe\\Security\\Permission','2017-09-12 11:04:00','2017-09-12 11:04:00','CMS_ACCESS_AssetAdmin',0,1,1),(3,'SilverStripe\\Security\\Permission','2017-09-12 11:04:00','2017-09-12 11:04:00','CMS_ACCESS_ReportAdmin',0,1,1),(4,'SilverStripe\\Security\\Permission','2017-09-12 11:04:00','2017-09-12 11:04:00','SITETREE_REORGANISE',0,1,1),(5,'SilverStripe\\Security\\Permission','2017-09-12 11:04:00','2017-09-12 11:04:00','ADMIN',0,1,2);
/*!40000 ALTER TABLE `Permission` ENABLE KEYS */;
UNLOCK TABLES;

--
-- Table structure for table `PermissionRole`
--

DROP TABLE IF EXISTS `PermissionRole`;
/*!40101 SET @saved_cs_client     = @@character_set_client */;
/*!40101 SET character_set_client = utf8 */;
CREATE TABLE `PermissionRole` (
  `ID` int(11) NOT NULL AUTO_INCREMENT,
  `ClassName` enum('SilverStripe\\Security\\PermissionRole') DEFAULT 'SilverStripe\\Security\\PermissionRole',
  `LastEdited` datetime DEFAULT NULL,
  `Created` datetime DEFAULT NULL,
  `Title` varchar(255) DEFAULT NULL,
  `OnlyAdminCanApply` tinyint(1) unsigned NOT NULL DEFAULT '0',
  PRIMARY KEY (`ID`),
  KEY `ClassName` (`ClassName`)
) ENGINE=InnoDB DEFAULT CHARSET=utf8;
/*!40101 SET character_set_client = @saved_cs_client */;

--
-- Dumping data for table `PermissionRole`
--

LOCK TABLES `PermissionRole` WRITE;
/*!40000 ALTER TABLE `PermissionRole` DISABLE KEYS */;
/*!40000 ALTER TABLE `PermissionRole` ENABLE KEYS */;
UNLOCK TABLES;

--
-- Table structure for table `PermissionRoleCode`
--

DROP TABLE IF EXISTS `PermissionRoleCode`;
/*!40101 SET @saved_cs_client     = @@character_set_client */;
/*!40101 SET character_set_client = utf8 */;
CREATE TABLE `PermissionRoleCode` (
  `ID` int(11) NOT NULL AUTO_INCREMENT,
  `ClassName` enum('SilverStripe\\Security\\PermissionRoleCode') DEFAULT 'SilverStripe\\Security\\PermissionRoleCode',
  `LastEdited` datetime DEFAULT NULL,
  `Created` datetime DEFAULT NULL,
  `Code` varchar(255) DEFAULT NULL,
  `RoleID` int(11) NOT NULL DEFAULT '0',
  PRIMARY KEY (`ID`),
  KEY `ClassName` (`ClassName`),
  KEY `RoleID` (`RoleID`)
) ENGINE=InnoDB DEFAULT CHARSET=utf8;
/*!40101 SET character_set_client = @saved_cs_client */;

--
-- Dumping data for table `PermissionRoleCode`
--

LOCK TABLES `PermissionRoleCode` WRITE;
/*!40000 ALTER TABLE `PermissionRoleCode` DISABLE KEYS */;
/*!40000 ALTER TABLE `PermissionRoleCode` ENABLE KEYS */;
UNLOCK TABLES;

--
-- Table structure for table `RedirectorPage`
--

DROP TABLE IF EXISTS `RedirectorPage`;
/*!40101 SET @saved_cs_client     = @@character_set_client */;
/*!40101 SET character_set_client = utf8 */;
CREATE TABLE `RedirectorPage` (
  `ID` int(11) NOT NULL AUTO_INCREMENT,
  `RedirectionType` enum('Internal','External') DEFAULT 'Internal',
  `ExternalURL` varchar(2083) DEFAULT NULL,
  `LinkToID` int(11) NOT NULL DEFAULT '0',
  PRIMARY KEY (`ID`),
  KEY `LinkToID` (`LinkToID`)
) ENGINE=InnoDB DEFAULT CHARSET=utf8;
/*!40101 SET character_set_client = @saved_cs_client */;

--
-- Dumping data for table `RedirectorPage`
--

LOCK TABLES `RedirectorPage` WRITE;
/*!40000 ALTER TABLE `RedirectorPage` DISABLE KEYS */;
/*!40000 ALTER TABLE `RedirectorPage` ENABLE KEYS */;
UNLOCK TABLES;

--
-- Table structure for table `RedirectorPage_Live`
--

DROP TABLE IF EXISTS `RedirectorPage_Live`;
/*!40101 SET @saved_cs_client     = @@character_set_client */;
/*!40101 SET character_set_client = utf8 */;
CREATE TABLE `RedirectorPage_Live` (
  `ID` int(11) NOT NULL AUTO_INCREMENT,
  `RedirectionType` enum('Internal','External') DEFAULT 'Internal',
  `ExternalURL` varchar(2083) DEFAULT NULL,
  `LinkToID` int(11) NOT NULL DEFAULT '0',
  PRIMARY KEY (`ID`),
  KEY `LinkToID` (`LinkToID`)
) ENGINE=InnoDB DEFAULT CHARSET=utf8;
/*!40101 SET character_set_client = @saved_cs_client */;

--
-- Dumping data for table `RedirectorPage_Live`
--

LOCK TABLES `RedirectorPage_Live` WRITE;
/*!40000 ALTER TABLE `RedirectorPage_Live` DISABLE KEYS */;
/*!40000 ALTER TABLE `RedirectorPage_Live` ENABLE KEYS */;
UNLOCK TABLES;

--
-- Table structure for table `RedirectorPage_Versions`
--

DROP TABLE IF EXISTS `RedirectorPage_Versions`;
/*!40101 SET @saved_cs_client     = @@character_set_client */;
/*!40101 SET character_set_client = utf8 */;
CREATE TABLE `RedirectorPage_Versions` (
  `ID` int(11) NOT NULL AUTO_INCREMENT,
  `RecordID` int(11) NOT NULL DEFAULT '0',
  `Version` int(11) NOT NULL DEFAULT '0',
  `RedirectionType` enum('Internal','External') DEFAULT 'Internal',
  `ExternalURL` varchar(2083) DEFAULT NULL,
  `LinkToID` int(11) NOT NULL DEFAULT '0',
  PRIMARY KEY (`ID`),
  UNIQUE KEY `RecordID_Version` (`RecordID`,`Version`),
  KEY `RecordID` (`RecordID`),
  KEY `Version` (`Version`),
  KEY `LinkToID` (`LinkToID`)
) ENGINE=InnoDB DEFAULT CHARSET=utf8;
/*!40101 SET character_set_client = @saved_cs_client */;

--
-- Dumping data for table `RedirectorPage_Versions`
--

LOCK TABLES `RedirectorPage_Versions` WRITE;
/*!40000 ALTER TABLE `RedirectorPage_Versions` DISABLE KEYS */;
/*!40000 ALTER TABLE `RedirectorPage_Versions` ENABLE KEYS */;
UNLOCK TABLES;

--
-- Table structure for table `RememberLoginHash`
--

DROP TABLE IF EXISTS `RememberLoginHash`;
/*!40101 SET @saved_cs_client     = @@character_set_client */;
/*!40101 SET character_set_client = utf8 */;
CREATE TABLE `RememberLoginHash` (
  `ID` int(11) NOT NULL AUTO_INCREMENT,
  `ClassName` enum('SilverStripe\\Security\\RememberLoginHash') DEFAULT 'SilverStripe\\Security\\RememberLoginHash',
  `LastEdited` datetime DEFAULT NULL,
  `Created` datetime DEFAULT NULL,
  `DeviceID` varchar(40) DEFAULT NULL,
  `Hash` varchar(160) DEFAULT NULL,
  `ExpiryDate` datetime DEFAULT NULL,
  `MemberID` int(11) NOT NULL DEFAULT '0',
  PRIMARY KEY (`ID`),
  KEY `ClassName` (`ClassName`),
  KEY `MemberID` (`MemberID`),
  KEY `DeviceID` (`DeviceID`),
  KEY `Hash` (`Hash`)
) ENGINE=InnoDB DEFAULT CHARSET=utf8;
/*!40101 SET character_set_client = @saved_cs_client */;

--
-- Dumping data for table `RememberLoginHash`
--

LOCK TABLES `RememberLoginHash` WRITE;
/*!40000 ALTER TABLE `RememberLoginHash` DISABLE KEYS */;
/*!40000 ALTER TABLE `RememberLoginHash` ENABLE KEYS */;
UNLOCK TABLES;

--
-- Table structure for table `SilverStripe_Lessons_ArticleCategory`
--

DROP TABLE IF EXISTS `SilverStripe_Lessons_ArticleCategory`;
/*!40101 SET @saved_cs_client     = @@character_set_client */;
/*!40101 SET character_set_client = utf8 */;
CREATE TABLE `SilverStripe_Lessons_ArticleCategory` (
  `ID` int(11) NOT NULL AUTO_INCREMENT,
  `ClassName` enum('SilverStripe\\Lessons\\ArticleCategory') DEFAULT 'SilverStripe\\Lessons\\ArticleCategory',
  `LastEdited` datetime DEFAULT NULL,
  `Created` datetime DEFAULT NULL,
  `Title` varchar(255) DEFAULT NULL,
  `ArticleHolderID` int(11) NOT NULL DEFAULT '0',
  PRIMARY KEY (`ID`),
  KEY `ClassName` (`ClassName`),
  KEY `ArticleHolderID` (`ArticleHolderID`)
) ENGINE=InnoDB AUTO_INCREMENT=4 DEFAULT CHARSET=utf8;
/*!40101 SET character_set_client = @saved_cs_client */;

--
-- Dumping data for table `SilverStripe_Lessons_ArticleCategory`
--

LOCK TABLES `SilverStripe_Lessons_ArticleCategory` WRITE;
/*!40000 ALTER TABLE `SilverStripe_Lessons_ArticleCategory` DISABLE KEYS */;
INSERT INTO `SilverStripe_Lessons_ArticleCategory` VALUES (1,'SilverStripe\\Lessons\\ArticleCategory','2017-09-14 16:13:52','2017-09-14 16:13:52','Properties',9),(2,'SilverStripe\\Lessons\\ArticleCategory','2017-09-14 16:14:01','2017-09-14 16:14:01','Prices',9),(3,'SilverStripe\\Lessons\\ArticleCategory','2017-09-14 16:14:08','2017-09-14 16:14:08','Best deals',9);
/*!40000 ALTER TABLE `SilverStripe_Lessons_ArticleCategory` ENABLE KEYS */;
UNLOCK TABLES;

--
-- Table structure for table `SilverStripe_Lessons_ArticleComment`
--

DROP TABLE IF EXISTS `SilverStripe_Lessons_ArticleComment`;
/*!40101 SET @saved_cs_client     = @@character_set_client */;
/*!40101 SET character_set_client = utf8 */;
CREATE TABLE `SilverStripe_Lessons_ArticleComment` (
  `ID` int(11) NOT NULL AUTO_INCREMENT,
  `ClassName` enum('SilverStripe\\Lessons\\ArticleComment') DEFAULT 'SilverStripe\\Lessons\\ArticleComment',
  `LastEdited` datetime DEFAULT NULL,
  `Created` datetime DEFAULT NULL,
  `Name` varchar(255) DEFAULT NULL,
  `Email` varchar(255) DEFAULT NULL,
  `Comment` mediumtext,
  `ArticlePageID` int(11) NOT NULL DEFAULT '0',
  PRIMARY KEY (`ID`),
  KEY `ClassName` (`ClassName`),
  KEY `ArticlePageID` (`ArticlePageID`)
) ENGINE=InnoDB AUTO_INCREMENT=2 DEFAULT CHARSET=utf8;
/*!40101 SET character_set_client = @saved_cs_client */;

--
-- Dumping data for table `SilverStripe_Lessons_ArticleComment`
--

LOCK TABLES `SilverStripe_Lessons_ArticleComment` WRITE;
/*!40000 ALTER TABLE `SilverStripe_Lessons_ArticleComment` DISABLE KEYS */;
INSERT INTO `SilverStripe_Lessons_ArticleComment` VALUES (1,'SilverStripe\\Lessons\\ArticleComment','2017-09-14 16:52:11','2017-09-14 16:52:11','Test Commenter','tester@example.com','This is a test comment.',10);
/*!40000 ALTER TABLE `SilverStripe_Lessons_ArticleComment` ENABLE KEYS */;
UNLOCK TABLES;

--
-- Table structure for table `SilverStripe_Lessons_ArticlePage`
--

DROP TABLE IF EXISTS `SilverStripe_Lessons_ArticlePage`;
/*!40101 SET @saved_cs_client     = @@character_set_client */;
/*!40101 SET character_set_client = utf8 */;
CREATE TABLE `SilverStripe_Lessons_ArticlePage` (
  `ID` int(11) NOT NULL AUTO_INCREMENT,
  `Date` date DEFAULT NULL,
  `Teaser` mediumtext,
  `Author` varchar(255) DEFAULT NULL,
  `PhotoID` int(11) NOT NULL DEFAULT '0',
  `BrochureID` int(11) NOT NULL DEFAULT '0',
  PRIMARY KEY (`ID`),
  KEY `PhotoID` (`PhotoID`),
  KEY `BrochureID` (`BrochureID`)
) ENGINE=InnoDB AUTO_INCREMENT=12 DEFAULT CHARSET=utf8;
/*!40101 SET character_set_client = @saved_cs_client */;

--
-- Dumping data for table `SilverStripe_Lessons_ArticlePage`
--

LOCK TABLES `SilverStripe_Lessons_ArticlePage` WRITE;
/*!40000 ALTER TABLE `SilverStripe_Lessons_ArticlePage` DISABLE KEYS */;
INSERT INTO `SilverStripe_Lessons_ArticlePage` VALUES (10,'2017-06-14','Summary of the first article.','Uncle Cheese',3,4),(11,NULL,NULL,NULL,5,6);
/*!40000 ALTER TABLE `SilverStripe_Lessons_ArticlePage` ENABLE KEYS */;
UNLOCK TABLES;

--
-- Table structure for table `SilverStripe_Lessons_ArticlePage_Categories`
--

DROP TABLE IF EXISTS `SilverStripe_Lessons_ArticlePage_Categories`;
/*!40101 SET @saved_cs_client     = @@character_set_client */;
/*!40101 SET character_set_client = utf8 */;
CREATE TABLE `SilverStripe_Lessons_ArticlePage_Categories` (
  `ID` int(11) NOT NULL AUTO_INCREMENT,
  `SilverStripe_Lessons_ArticlePageID` int(11) NOT NULL DEFAULT '0',
  `SilverStripe_Lessons_ArticleCategoryID` int(11) NOT NULL DEFAULT '0',
  PRIMARY KEY (`ID`),
  KEY `SilverStripe_Lessons_ArticlePageID` (`SilverStripe_Lessons_ArticlePageID`),
  KEY `SilverStripe_Lessons_ArticleCategoryID` (`SilverStripe_Lessons_ArticleCategoryID`)
) ENGINE=InnoDB AUTO_INCREMENT=4 DEFAULT CHARSET=utf8;
/*!40101 SET character_set_client = @saved_cs_client */;

--
-- Dumping data for table `SilverStripe_Lessons_ArticlePage_Categories`
--

LOCK TABLES `SilverStripe_Lessons_ArticlePage_Categories` WRITE;
/*!40000 ALTER TABLE `SilverStripe_Lessons_ArticlePage_Categories` DISABLE KEYS */;
INSERT INTO `SilverStripe_Lessons_ArticlePage_Categories` VALUES (1,11,2),(2,11,3),(3,10,1);
/*!40000 ALTER TABLE `SilverStripe_Lessons_ArticlePage_Categories` ENABLE KEYS */;
UNLOCK TABLES;

--
-- Table structure for table `SilverStripe_Lessons_ArticlePage_Live`
--

DROP TABLE IF EXISTS `SilverStripe_Lessons_ArticlePage_Live`;
/*!40101 SET @saved_cs_client     = @@character_set_client */;
/*!40101 SET character_set_client = utf8 */;
CREATE TABLE `SilverStripe_Lessons_ArticlePage_Live` (
  `ID` int(11) NOT NULL AUTO_INCREMENT,
  `Date` date DEFAULT NULL,
  `Teaser` mediumtext,
  `Author` varchar(255) DEFAULT NULL,
  `PhotoID` int(11) NOT NULL DEFAULT '0',
  `BrochureID` int(11) NOT NULL DEFAULT '0',
  PRIMARY KEY (`ID`),
  KEY `PhotoID` (`PhotoID`),
  KEY `BrochureID` (`BrochureID`)
) ENGINE=InnoDB AUTO_INCREMENT=12 DEFAULT CHARSET=utf8;
/*!40101 SET character_set_client = @saved_cs_client */;

--
-- Dumping data for table `SilverStripe_Lessons_ArticlePage_Live`
--

LOCK TABLES `SilverStripe_Lessons_ArticlePage_Live` WRITE;
/*!40000 ALTER TABLE `SilverStripe_Lessons_ArticlePage_Live` DISABLE KEYS */;
INSERT INTO `SilverStripe_Lessons_ArticlePage_Live` VALUES (10,'2017-06-14','Summary of the first article.','Uncle Cheese',3,4),(11,NULL,NULL,NULL,5,6);
/*!40000 ALTER TABLE `SilverStripe_Lessons_ArticlePage_Live` ENABLE KEYS */;
UNLOCK TABLES;

--
-- Table structure for table `SilverStripe_Lessons_ArticlePage_Versions`
--

DROP TABLE IF EXISTS `SilverStripe_Lessons_ArticlePage_Versions`;
/*!40101 SET @saved_cs_client     = @@character_set_client */;
/*!40101 SET character_set_client = utf8 */;
CREATE TABLE `SilverStripe_Lessons_ArticlePage_Versions` (
  `ID` int(11) NOT NULL AUTO_INCREMENT,
  `RecordID` int(11) NOT NULL DEFAULT '0',
  `Version` int(11) NOT NULL DEFAULT '0',
  `Date` date DEFAULT NULL,
  `Teaser` mediumtext,
  `Author` varchar(255) DEFAULT NULL,
  `PhotoID` int(11) NOT NULL DEFAULT '0',
  `BrochureID` int(11) NOT NULL DEFAULT '0',
  PRIMARY KEY (`ID`),
  UNIQUE KEY `RecordID_Version` (`RecordID`,`Version`),
  KEY `RecordID` (`RecordID`),
  KEY `Version` (`Version`),
  KEY `PhotoID` (`PhotoID`),
  KEY `BrochureID` (`BrochureID`)
) ENGINE=InnoDB AUTO_INCREMENT=4 DEFAULT CHARSET=utf8;
/*!40101 SET character_set_client = @saved_cs_client */;

--
-- Dumping data for table `SilverStripe_Lessons_ArticlePage_Versions`
--

LOCK TABLES `SilverStripe_Lessons_ArticlePage_Versions` WRITE;
/*!40000 ALTER TABLE `SilverStripe_Lessons_ArticlePage_Versions` DISABLE KEYS */;
INSERT INTO `SilverStripe_Lessons_ArticlePage_Versions` VALUES (1,10,3,'2017-06-14','Summary of the first article.','Uncle Cheese',0,0),(2,10,4,'2017-06-14','Summary of the first article.','Uncle Cheese',3,4),(3,11,3,NULL,NULL,NULL,5,6);
/*!40000 ALTER TABLE `SilverStripe_Lessons_ArticlePage_Versions` ENABLE KEYS */;
UNLOCK TABLES;

--
-- Table structure for table `SilverStripe_Lessons_Region`
--

DROP TABLE IF EXISTS `SilverStripe_Lessons_Region`;
/*!40101 SET @saved_cs_client     = @@character_set_client */;
/*!40101 SET character_set_client = utf8 */;
CREATE TABLE `SilverStripe_Lessons_Region` (
  `ID` int(11) NOT NULL AUTO_INCREMENT,
  `ClassName` enum('SilverStripe\\Lessons\\Region') DEFAULT 'SilverStripe\\Lessons\\Region',
  `LastEdited` datetime DEFAULT NULL,
  `Created` datetime DEFAULT NULL,
  `Title` varchar(255) DEFAULT NULL,
  `Description` mediumtext,
  `Version` int(11) NOT NULL DEFAULT '0',
  `PhotoID` int(11) NOT NULL DEFAULT '0',
  `RegionsPageID` int(11) NOT NULL DEFAULT '0',
  PRIMARY KEY (`ID`),
  KEY `ClassName` (`ClassName`),
  KEY `PhotoID` (`PhotoID`),
  KEY `RegionsPageID` (`RegionsPageID`)
) ENGINE=InnoDB AUTO_INCREMENT=5 DEFAULT CHARSET=utf8;
/*!40101 SET character_set_client = @saved_cs_client */;

--
-- Dumping data for table `SilverStripe_Lessons_Region`
--

LOCK TABLES `SilverStripe_Lessons_Region` WRITE;
/*!40000 ALTER TABLE `SilverStripe_Lessons_Region` DISABLE KEYS */;
INSERT INTO `SilverStripe_Lessons_Region` VALUES (1,'SilverStripe\\Lessons\\Region','2017-09-14 15:26:25','2017-09-14 15:26:25','The Northeast','This is the description of the northeast.',1,11,8),(2,'SilverStripe\\Lessons\\Region','2017-09-14 15:26:49','2017-09-14 15:26:48','The Southeast','This is a description of the southeast.',1,10,8),(3,'SilverStripe\\Lessons\\Region','2017-09-14 15:27:19','2017-09-14 15:27:19','The Southwest','This is the description of the southwest.',1,8,8),(4,'SilverStripe\\Lessons\\Region','2017-09-14 15:27:38','2017-09-14 15:27:38','The Northwest','This is the description of the northwest.',1,9,8);
/*!40000 ALTER TABLE `SilverStripe_Lessons_Region` ENABLE KEYS */;
UNLOCK TABLES;

--
-- Table structure for table `SilverStripe_Lessons_Region_Live`
--

DROP TABLE IF EXISTS `SilverStripe_Lessons_Region_Live`;
/*!40101 SET @saved_cs_client     = @@character_set_client */;
/*!40101 SET character_set_client = utf8 */;
CREATE TABLE `SilverStripe_Lessons_Region_Live` (
  `ID` int(11) NOT NULL AUTO_INCREMENT,
  `ClassName` enum('SilverStripe\\Lessons\\Region') DEFAULT 'SilverStripe\\Lessons\\Region',
  `LastEdited` datetime DEFAULT NULL,
  `Created` datetime DEFAULT NULL,
  `Title` varchar(255) DEFAULT NULL,
  `Description` mediumtext,
  `Version` int(11) NOT NULL DEFAULT '0',
  `PhotoID` int(11) NOT NULL DEFAULT '0',
  `RegionsPageID` int(11) NOT NULL DEFAULT '0',
  PRIMARY KEY (`ID`),
  KEY `ClassName` (`ClassName`),
  KEY `PhotoID` (`PhotoID`),
  KEY `RegionsPageID` (`RegionsPageID`)
) ENGINE=InnoDB AUTO_INCREMENT=5 DEFAULT CHARSET=utf8;
/*!40101 SET character_set_client = @saved_cs_client */;

--
-- Dumping data for table `SilverStripe_Lessons_Region_Live`
--

LOCK TABLES `SilverStripe_Lessons_Region_Live` WRITE;
/*!40000 ALTER TABLE `SilverStripe_Lessons_Region_Live` DISABLE KEYS */;
INSERT INTO `SilverStripe_Lessons_Region_Live` VALUES (1,'SilverStripe\\Lessons\\Region','2017-09-14 15:26:25','2017-09-14 15:26:25','The Northeast','This is the description of the northeast.',1,11,8),(2,'SilverStripe\\Lessons\\Region','2017-09-14 15:26:49','2017-09-14 15:26:48','The Southeast','This is a description of the southeast.',1,10,8),(3,'SilverStripe\\Lessons\\Region','2017-09-14 15:27:19','2017-09-14 15:27:19','The Southwest','This is the description of the southwest.',1,8,8),(4,'SilverStripe\\Lessons\\Region','2017-09-14 15:27:38','2017-09-14 15:27:38','The Northwest','This is the description of the northwest.',1,9,8);
/*!40000 ALTER TABLE `SilverStripe_Lessons_Region_Live` ENABLE KEYS */;
UNLOCK TABLES;

--
-- Table structure for table `SilverStripe_Lessons_Region_Versions`
--

DROP TABLE IF EXISTS `SilverStripe_Lessons_Region_Versions`;
/*!40101 SET @saved_cs_client     = @@character_set_client */;
/*!40101 SET character_set_client = utf8 */;
CREATE TABLE `SilverStripe_Lessons_Region_Versions` (
  `ID` int(11) NOT NULL AUTO_INCREMENT,
  `RecordID` int(11) NOT NULL DEFAULT '0',
  `Version` int(11) NOT NULL DEFAULT '0',
  `WasPublished` tinyint(1) unsigned NOT NULL DEFAULT '0',
  `AuthorID` int(11) NOT NULL DEFAULT '0',
  `PublisherID` int(11) NOT NULL DEFAULT '0',
  `ClassName` enum('SilverStripe\\Lessons\\Region') DEFAULT 'SilverStripe\\Lessons\\Region',
  `LastEdited` datetime DEFAULT NULL,
  `Created` datetime DEFAULT NULL,
  `Title` varchar(255) DEFAULT NULL,
  `Description` mediumtext,
  `PhotoID` int(11) NOT NULL DEFAULT '0',
  `RegionsPageID` int(11) NOT NULL DEFAULT '0',
  PRIMARY KEY (`ID`),
  KEY `RecordID_Version` (`RecordID`,`Version`),
  KEY `RecordID` (`RecordID`),
  KEY `Version` (`Version`),
  KEY `AuthorID` (`AuthorID`),
  KEY `PublisherID` (`PublisherID`),
  KEY `ClassName` (`ClassName`),
  KEY `PhotoID` (`PhotoID`),
  KEY `RegionsPageID` (`RegionsPageID`)
) ENGINE=InnoDB AUTO_INCREMENT=5 DEFAULT CHARSET=utf8;
/*!40101 SET character_set_client = @saved_cs_client */;

--
-- Dumping data for table `SilverStripe_Lessons_Region_Versions`
--

LOCK TABLES `SilverStripe_Lessons_Region_Versions` WRITE;
/*!40000 ALTER TABLE `SilverStripe_Lessons_Region_Versions` DISABLE KEYS */;
INSERT INTO `SilverStripe_Lessons_Region_Versions` VALUES (1,1,1,1,1,1,'SilverStripe\\Lessons\\Region','2017-09-14 15:26:25','2017-09-14 15:26:25','The Northeast','This is the description of the northeast.',11,8),(2,2,1,1,1,1,'SilverStripe\\Lessons\\Region','2017-09-14 15:26:48','2017-09-14 15:26:48','The Southeast','This is a description of the southeast.',10,8),(3,3,1,1,1,1,'SilverStripe\\Lessons\\Region','2017-09-14 15:27:19','2017-09-14 15:27:19','The Southwest','This is the description of the southwest.',8,8),(4,4,1,1,1,1,'SilverStripe\\Lessons\\Region','2017-09-14 15:27:38','2017-09-14 15:27:38','The Northwest','This is the description of the northwest.',9,8);
/*!40000 ALTER TABLE `SilverStripe_Lessons_Region_Versions` ENABLE KEYS */;
UNLOCK TABLES;

--
-- Table structure for table `SiteConfig`
--

DROP TABLE IF EXISTS `SiteConfig`;
/*!40101 SET @saved_cs_client     = @@character_set_client */;
/*!40101 SET character_set_client = utf8 */;
CREATE TABLE `SiteConfig` (
  `ID` int(11) NOT NULL AUTO_INCREMENT,
  `ClassName` enum('SilverStripe\\SiteConfig\\SiteConfig') DEFAULT 'SilverStripe\\SiteConfig\\SiteConfig',
  `LastEdited` datetime DEFAULT NULL,
  `Created` datetime DEFAULT NULL,
  `Title` varchar(255) DEFAULT NULL,
  `Tagline` varchar(255) DEFAULT NULL,
  `CanViewType` enum('Anyone','LoggedInUsers','OnlyTheseUsers') DEFAULT 'Anyone',
  `CanEditType` enum('LoggedInUsers','OnlyTheseUsers') DEFAULT 'LoggedInUsers',
  `CanCreateTopLevelType` enum('LoggedInUsers','OnlyTheseUsers') DEFAULT 'LoggedInUsers',
  PRIMARY KEY (`ID`),
  KEY `ClassName` (`ClassName`)
) ENGINE=InnoDB AUTO_INCREMENT=2 DEFAULT CHARSET=utf8;
/*!40101 SET character_set_client = @saved_cs_client */;

--
-- Dumping data for table `SiteConfig`
--

LOCK TABLES `SiteConfig` WRITE;
/*!40000 ALTER TABLE `SiteConfig` DISABLE KEYS */;
INSERT INTO `SiteConfig` VALUES (1,'SilverStripe\\SiteConfig\\SiteConfig','2017-09-12 11:04:00','2017-09-12 11:04:00','Your Site Name','your tagline here','Anyone','LoggedInUsers','LoggedInUsers');
/*!40000 ALTER TABLE `SiteConfig` ENABLE KEYS */;
UNLOCK TABLES;

--
-- Table structure for table `SiteConfig_CreateTopLevelGroups`
--

DROP TABLE IF EXISTS `SiteConfig_CreateTopLevelGroups`;
/*!40101 SET @saved_cs_client     = @@character_set_client */;
/*!40101 SET character_set_client = utf8 */;
CREATE TABLE `SiteConfig_CreateTopLevelGroups` (
  `ID` int(11) NOT NULL AUTO_INCREMENT,
  `SiteConfigID` int(11) NOT NULL DEFAULT '0',
  `GroupID` int(11) NOT NULL DEFAULT '0',
  PRIMARY KEY (`ID`),
  KEY `SiteConfigID` (`SiteConfigID`),
  KEY `GroupID` (`GroupID`)
) ENGINE=InnoDB DEFAULT CHARSET=utf8;
/*!40101 SET character_set_client = @saved_cs_client */;

--
-- Dumping data for table `SiteConfig_CreateTopLevelGroups`
--

LOCK TABLES `SiteConfig_CreateTopLevelGroups` WRITE;
/*!40000 ALTER TABLE `SiteConfig_CreateTopLevelGroups` DISABLE KEYS */;
/*!40000 ALTER TABLE `SiteConfig_CreateTopLevelGroups` ENABLE KEYS */;
UNLOCK TABLES;

--
-- Table structure for table `SiteConfig_EditorGroups`
--

DROP TABLE IF EXISTS `SiteConfig_EditorGroups`;
/*!40101 SET @saved_cs_client     = @@character_set_client */;
/*!40101 SET character_set_client = utf8 */;
CREATE TABLE `SiteConfig_EditorGroups` (
  `ID` int(11) NOT NULL AUTO_INCREMENT,
  `SiteConfigID` int(11) NOT NULL DEFAULT '0',
  `GroupID` int(11) NOT NULL DEFAULT '0',
  PRIMARY KEY (`ID`),
  KEY `SiteConfigID` (`SiteConfigID`),
  KEY `GroupID` (`GroupID`)
) ENGINE=InnoDB DEFAULT CHARSET=utf8;
/*!40101 SET character_set_client = @saved_cs_client */;

--
-- Dumping data for table `SiteConfig_EditorGroups`
--

LOCK TABLES `SiteConfig_EditorGroups` WRITE;
/*!40000 ALTER TABLE `SiteConfig_EditorGroups` DISABLE KEYS */;
/*!40000 ALTER TABLE `SiteConfig_EditorGroups` ENABLE KEYS */;
UNLOCK TABLES;

--
-- Table structure for table `SiteConfig_ViewerGroups`
--

DROP TABLE IF EXISTS `SiteConfig_ViewerGroups`;
/*!40101 SET @saved_cs_client     = @@character_set_client */;
/*!40101 SET character_set_client = utf8 */;
CREATE TABLE `SiteConfig_ViewerGroups` (
  `ID` int(11) NOT NULL AUTO_INCREMENT,
  `SiteConfigID` int(11) NOT NULL DEFAULT '0',
  `GroupID` int(11) NOT NULL DEFAULT '0',
  PRIMARY KEY (`ID`),
  KEY `SiteConfigID` (`SiteConfigID`),
  KEY `GroupID` (`GroupID`)
) ENGINE=InnoDB DEFAULT CHARSET=utf8;
/*!40101 SET character_set_client = @saved_cs_client */;

--
-- Dumping data for table `SiteConfig_ViewerGroups`
--

LOCK TABLES `SiteConfig_ViewerGroups` WRITE;
/*!40000 ALTER TABLE `SiteConfig_ViewerGroups` DISABLE KEYS */;
/*!40000 ALTER TABLE `SiteConfig_ViewerGroups` ENABLE KEYS */;
UNLOCK TABLES;

--
-- Table structure for table `SiteTree`
--

DROP TABLE IF EXISTS `SiteTree`;
/*!40101 SET @saved_cs_client     = @@character_set_client */;
/*!40101 SET character_set_client = utf8 */;
CREATE TABLE `SiteTree` (
  `ID` int(11) NOT NULL AUTO_INCREMENT,
  `ClassName` enum('SilverStripe\\CMS\\Model\\SiteTree','Page','SilverStripe\\Lessons\\ArticleHolder','SilverStripe\\Lessons\\ArticlePage','SilverStripe\\Lessons\\HomePage','SilverStripe\\Lessons\\RegionsPage','SilverStripe\\ErrorPage\\ErrorPage','SilverStripe\\CMS\\Model\\RedirectorPage','SilverStripe\\CMS\\Model\\VirtualPage') DEFAULT 'Page',
  `LastEdited` datetime DEFAULT NULL,
  `Created` datetime DEFAULT NULL,
  `URLSegment` varchar(255) DEFAULT NULL,
  `Title` varchar(255) DEFAULT NULL,
  `MenuTitle` varchar(100) DEFAULT NULL,
  `Content` mediumtext,
  `MetaDescription` mediumtext,
  `ExtraMeta` mediumtext,
  `ShowInMenus` tinyint(1) unsigned NOT NULL DEFAULT '0',
  `ShowInSearch` tinyint(1) unsigned NOT NULL DEFAULT '0',
  `Sort` int(11) NOT NULL DEFAULT '0',
  `HasBrokenFile` tinyint(1) unsigned NOT NULL DEFAULT '0',
  `HasBrokenLink` tinyint(1) unsigned NOT NULL DEFAULT '0',
  `ReportClass` varchar(255) DEFAULT NULL,
  `Version` int(11) NOT NULL DEFAULT '0',
  `CanViewType` enum('Anyone','LoggedInUsers','OnlyTheseUsers','Inherit') DEFAULT 'Inherit',
  `CanEditType` enum('LoggedInUsers','OnlyTheseUsers','Inherit') DEFAULT 'Inherit',
  `ParentID` int(11) NOT NULL DEFAULT '0',
  PRIMARY KEY (`ID`),
  KEY `ClassName` (`ClassName`),
  KEY `ParentID` (`ParentID`),
  KEY `URLSegment` (`URLSegment`)
) ENGINE=InnoDB AUTO_INCREMENT=12 DEFAULT CHARSET=utf8;
/*!40101 SET character_set_client = @saved_cs_client */;

--
-- Dumping data for table `SiteTree`
--

LOCK TABLES `SiteTree` WRITE;
/*!40000 ALTER TABLE `SiteTree` DISABLE KEYS */;
INSERT INTO `SiteTree` VALUES (1,'SilverStripe\\Lessons\\HomePage','2017-09-12 15:51:23','2017-09-12 11:04:00','home','Home',NULL,'<p>Welcome to SilverStripe! This is the default homepage. You can edit this page by opening <a href=\"admin/\">the CMS</a>.</p><p>You can now access the <a href=\"http://docs.silverstripe.org\">developer documentation</a>, or begin the <a href=\"http://www.silverstripe.org/learn/lessons\">SilverStripe lessons</a>.</p>',NULL,NULL,1,1,1,0,0,NULL,2,'Inherit','Inherit',0),(2,'Page','2017-09-13 11:40:37','2017-09-12 11:04:00','about-us','About Us',NULL,'<p>You can fill this page out with your own content, or delete it and create your own pages.</p>',NULL,NULL,1,1,6,0,0,NULL,3,'Inherit','Inherit',0),(4,'SilverStripe\\ErrorPage\\ErrorPage','2017-09-12 11:04:00','2017-09-12 11:04:00','page-not-found','Page not found',NULL,'<p>Sorry, it seems you were trying to access a page that doesn\'t exist.</p><p>Please check the spelling of the URL you were trying to access and try again.</p>',NULL,NULL,0,0,8,0,0,NULL,1,'Inherit','Inherit',0),(5,'SilverStripe\\ErrorPage\\ErrorPage','2017-09-12 11:04:00','2017-09-12 11:04:00','server-error','Server error',NULL,'<p>Sorry, there was a problem with handling your request.</p>',NULL,NULL,0,0,9,0,0,NULL,1,'Inherit','Inherit',0),(6,'Page','2017-09-13 11:40:30','2017-09-13 11:36:49','find-a-rental','Find a Rental',NULL,NULL,NULL,NULL,1,1,2,0,0,NULL,3,'Inherit','Inherit',0),(7,'Page','2017-09-13 11:40:30','2017-09-13 11:38:12','list-your-rental','List Your Rental',NULL,NULL,NULL,NULL,1,1,3,0,0,NULL,4,'Inherit','Inherit',0),(8,'SilverStripe\\Lessons\\RegionsPage','2017-09-14 14:12:16','2017-09-13 11:38:38','regions','Regions',NULL,NULL,NULL,NULL,1,1,4,0,0,NULL,5,'Inherit','Inherit',0),(9,'SilverStripe\\Lessons\\ArticleHolder','2017-09-13 11:40:30','2017-09-13 11:38:51','travel-guides','Travel Guides',NULL,NULL,NULL,NULL,1,1,5,0,0,NULL,5,'Inherit','Inherit',0),(10,'SilverStripe\\Lessons\\ArticlePage','2017-09-14 16:18:45','2017-09-13 11:42:07','sample-article-1','Sample Article 1',NULL,'<p>This is sample article 1.</p>',NULL,NULL,1,1,1,0,0,NULL,4,'Inherit','Inherit',9),(11,'SilverStripe\\Lessons\\ArticlePage','2017-09-14 16:18:39','2017-09-13 11:42:29','sample-article-2','Sample Article 2',NULL,'<p>This is sample article 2.</p>',NULL,NULL,1,1,2,0,0,NULL,3,'Inherit','Inherit',9);
/*!40000 ALTER TABLE `SiteTree` ENABLE KEYS */;
UNLOCK TABLES;

--
-- Table structure for table `SiteTree_EditorGroups`
--

DROP TABLE IF EXISTS `SiteTree_EditorGroups`;
/*!40101 SET @saved_cs_client     = @@character_set_client */;
/*!40101 SET character_set_client = utf8 */;
CREATE TABLE `SiteTree_EditorGroups` (
  `ID` int(11) NOT NULL AUTO_INCREMENT,
  `SiteTreeID` int(11) NOT NULL DEFAULT '0',
  `GroupID` int(11) NOT NULL DEFAULT '0',
  PRIMARY KEY (`ID`),
  KEY `SiteTreeID` (`SiteTreeID`),
  KEY `GroupID` (`GroupID`)
) ENGINE=InnoDB DEFAULT CHARSET=utf8;
/*!40101 SET character_set_client = @saved_cs_client */;

--
-- Dumping data for table `SiteTree_EditorGroups`
--

LOCK TABLES `SiteTree_EditorGroups` WRITE;
/*!40000 ALTER TABLE `SiteTree_EditorGroups` DISABLE KEYS */;
/*!40000 ALTER TABLE `SiteTree_EditorGroups` ENABLE KEYS */;
UNLOCK TABLES;

--
-- Table structure for table `SiteTree_ImageTracking`
--

DROP TABLE IF EXISTS `SiteTree_ImageTracking`;
/*!40101 SET @saved_cs_client     = @@character_set_client */;
/*!40101 SET character_set_client = utf8 */;
CREATE TABLE `SiteTree_ImageTracking` (
  `ID` int(11) NOT NULL AUTO_INCREMENT,
  `SiteTreeID` int(11) NOT NULL DEFAULT '0',
  `FileID` int(11) NOT NULL DEFAULT '0',
  `FieldName` varchar(255) DEFAULT NULL,
  PRIMARY KEY (`ID`),
  KEY `SiteTreeID` (`SiteTreeID`),
  KEY `FileID` (`FileID`)
) ENGINE=InnoDB DEFAULT CHARSET=utf8;
/*!40101 SET character_set_client = @saved_cs_client */;

--
-- Dumping data for table `SiteTree_ImageTracking`
--

LOCK TABLES `SiteTree_ImageTracking` WRITE;
/*!40000 ALTER TABLE `SiteTree_ImageTracking` DISABLE KEYS */;
/*!40000 ALTER TABLE `SiteTree_ImageTracking` ENABLE KEYS */;
UNLOCK TABLES;

--
-- Table structure for table `SiteTree_LinkTracking`
--

DROP TABLE IF EXISTS `SiteTree_LinkTracking`;
/*!40101 SET @saved_cs_client     = @@character_set_client */;
/*!40101 SET character_set_client = utf8 */;
CREATE TABLE `SiteTree_LinkTracking` (
  `ID` int(11) NOT NULL AUTO_INCREMENT,
  `SiteTreeID` int(11) NOT NULL DEFAULT '0',
  `ChildID` int(11) NOT NULL DEFAULT '0',
  `FieldName` varchar(255) DEFAULT NULL,
  PRIMARY KEY (`ID`),
  KEY `SiteTreeID` (`SiteTreeID`),
  KEY `ChildID` (`ChildID`)
) ENGINE=InnoDB DEFAULT CHARSET=utf8;
/*!40101 SET character_set_client = @saved_cs_client */;

--
-- Dumping data for table `SiteTree_LinkTracking`
--

LOCK TABLES `SiteTree_LinkTracking` WRITE;
/*!40000 ALTER TABLE `SiteTree_LinkTracking` DISABLE KEYS */;
/*!40000 ALTER TABLE `SiteTree_LinkTracking` ENABLE KEYS */;
UNLOCK TABLES;

--
-- Table structure for table `SiteTree_Live`
--

DROP TABLE IF EXISTS `SiteTree_Live`;
/*!40101 SET @saved_cs_client     = @@character_set_client */;
/*!40101 SET character_set_client = utf8 */;
CREATE TABLE `SiteTree_Live` (
  `ID` int(11) NOT NULL AUTO_INCREMENT,
  `ClassName` enum('SilverStripe\\CMS\\Model\\SiteTree','Page','SilverStripe\\Lessons\\ArticleHolder','SilverStripe\\Lessons\\ArticlePage','SilverStripe\\Lessons\\HomePage','SilverStripe\\Lessons\\RegionsPage','SilverStripe\\ErrorPage\\ErrorPage','SilverStripe\\CMS\\Model\\RedirectorPage','SilverStripe\\CMS\\Model\\VirtualPage') DEFAULT 'Page',
  `LastEdited` datetime DEFAULT NULL,
  `Created` datetime DEFAULT NULL,
  `URLSegment` varchar(255) DEFAULT NULL,
  `Title` varchar(255) DEFAULT NULL,
  `MenuTitle` varchar(100) DEFAULT NULL,
  `Content` mediumtext,
  `MetaDescription` mediumtext,
  `ExtraMeta` mediumtext,
  `ShowInMenus` tinyint(1) unsigned NOT NULL DEFAULT '0',
  `ShowInSearch` tinyint(1) unsigned NOT NULL DEFAULT '0',
  `Sort` int(11) NOT NULL DEFAULT '0',
  `HasBrokenFile` tinyint(1) unsigned NOT NULL DEFAULT '0',
  `HasBrokenLink` tinyint(1) unsigned NOT NULL DEFAULT '0',
  `ReportClass` varchar(255) DEFAULT NULL,
  `Version` int(11) NOT NULL DEFAULT '0',
  `CanViewType` enum('Anyone','LoggedInUsers','OnlyTheseUsers','Inherit') DEFAULT 'Inherit',
  `CanEditType` enum('LoggedInUsers','OnlyTheseUsers','Inherit') DEFAULT 'Inherit',
  `ParentID` int(11) NOT NULL DEFAULT '0',
  PRIMARY KEY (`ID`),
  KEY `ClassName` (`ClassName`),
  KEY `ParentID` (`ParentID`),
  KEY `URLSegment` (`URLSegment`)
) ENGINE=InnoDB AUTO_INCREMENT=12 DEFAULT CHARSET=utf8;
/*!40101 SET character_set_client = @saved_cs_client */;

--
-- Dumping data for table `SiteTree_Live`
--

LOCK TABLES `SiteTree_Live` WRITE;
/*!40000 ALTER TABLE `SiteTree_Live` DISABLE KEYS */;
INSERT INTO `SiteTree_Live` VALUES (1,'SilverStripe\\Lessons\\HomePage','2017-09-12 15:51:23','2017-09-12 11:04:00','home','Home',NULL,'<p>Welcome to SilverStripe! This is the default homepage. You can edit this page by opening <a href=\"admin/\">the CMS</a>.</p><p>You can now access the <a href=\"http://docs.silverstripe.org\">developer documentation</a>, or begin the <a href=\"http://www.silverstripe.org/learn/lessons\">SilverStripe lessons</a>.</p>',NULL,NULL,1,1,1,0,0,NULL,2,'Inherit','Inherit',0),(2,'Page','2017-09-13 11:40:37','2017-09-12 11:04:00','about-us','About Us',NULL,'<p>You can fill this page out with your own content, or delete it and create your own pages.</p>',NULL,NULL,1,1,6,0,0,NULL,3,'Inherit','Inherit',0),(4,'SilverStripe\\ErrorPage\\ErrorPage','2017-09-12 11:04:00','2017-09-12 11:04:00','page-not-found','Page not found',NULL,'<p>Sorry, it seems you were trying to access a page that doesn\'t exist.</p><p>Please check the spelling of the URL you were trying to access and try again.</p>',NULL,NULL,0,0,8,0,0,NULL,1,'Inherit','Inherit',0),(5,'SilverStripe\\ErrorPage\\ErrorPage','2017-09-12 11:04:00','2017-09-12 11:04:00','server-error','Server error',NULL,'<p>Sorry, there was a problem with handling your request.</p>',NULL,NULL,0,0,9,0,0,NULL,1,'Inherit','Inherit',0),(6,'Page','2017-09-13 11:40:30','2017-09-13 11:36:49','find-a-rental','Find a Rental',NULL,NULL,NULL,NULL,1,1,2,0,0,NULL,3,'Inherit','Inherit',0),(7,'Page','2017-09-13 11:40:30','2017-09-13 11:38:12','list-your-rental','List Your Rental',NULL,NULL,NULL,NULL,1,1,3,0,0,NULL,4,'Inherit','Inherit',0),(8,'SilverStripe\\Lessons\\RegionsPage','2017-09-14 12:57:55','2017-09-13 11:38:38','regions','Regions',NULL,NULL,NULL,NULL,1,1,4,0,0,NULL,5,'Inherit','Inherit',0),(9,'SilverStripe\\Lessons\\ArticleHolder','2017-09-13 11:40:30','2017-09-13 11:38:51','travel-guides','Travel Guides',NULL,NULL,NULL,NULL,1,1,5,0,0,NULL,5,'Inherit','Inherit',0),(10,'SilverStripe\\Lessons\\ArticlePage','2017-09-13 13:48:49','2017-09-13 11:42:07','sample-article-1','Sample Article 1',NULL,'<p>This is sample article 1.</p>',NULL,NULL,1,1,1,0,0,NULL,4,'Inherit','Inherit',9),(11,'SilverStripe\\Lessons\\ArticlePage','2017-09-13 13:52:29','2017-09-13 11:42:29','sample-article-2','Sample Article 2',NULL,'<p>This is sample article 2.</p>',NULL,NULL,1,1,2,0,0,NULL,3,'Inherit','Inherit',9);
/*!40000 ALTER TABLE `SiteTree_Live` ENABLE KEYS */;
UNLOCK TABLES;

--
-- Table structure for table `SiteTree_Versions`
--

DROP TABLE IF EXISTS `SiteTree_Versions`;
/*!40101 SET @saved_cs_client     = @@character_set_client */;
/*!40101 SET character_set_client = utf8 */;
CREATE TABLE `SiteTree_Versions` (
  `ID` int(11) NOT NULL AUTO_INCREMENT,
  `RecordID` int(11) NOT NULL DEFAULT '0',
  `Version` int(11) NOT NULL DEFAULT '0',
  `WasPublished` tinyint(1) unsigned NOT NULL DEFAULT '0',
  `AuthorID` int(11) NOT NULL DEFAULT '0',
  `PublisherID` int(11) NOT NULL DEFAULT '0',
  `ClassName` enum('SilverStripe\\CMS\\Model\\SiteTree','Page','SilverStripe\\Lessons\\ArticleHolder','SilverStripe\\Lessons\\ArticlePage','SilverStripe\\Lessons\\HomePage','SilverStripe\\Lessons\\RegionsPage','SilverStripe\\ErrorPage\\ErrorPage','SilverStripe\\CMS\\Model\\RedirectorPage','SilverStripe\\CMS\\Model\\VirtualPage') DEFAULT 'Page',
  `LastEdited` datetime DEFAULT NULL,
  `Created` datetime DEFAULT NULL,
  `URLSegment` varchar(255) DEFAULT NULL,
  `Title` varchar(255) DEFAULT NULL,
  `MenuTitle` varchar(100) DEFAULT NULL,
  `Content` mediumtext,
  `MetaDescription` mediumtext,
  `ExtraMeta` mediumtext,
  `ShowInMenus` tinyint(1) unsigned NOT NULL DEFAULT '0',
  `ShowInSearch` tinyint(1) unsigned NOT NULL DEFAULT '0',
  `Sort` int(11) NOT NULL DEFAULT '0',
  `HasBrokenFile` tinyint(1) unsigned NOT NULL DEFAULT '0',
  `HasBrokenLink` tinyint(1) unsigned NOT NULL DEFAULT '0',
  `ReportClass` varchar(255) DEFAULT NULL,
  `CanViewType` enum('Anyone','LoggedInUsers','OnlyTheseUsers','Inherit') DEFAULT 'Inherit',
  `CanEditType` enum('LoggedInUsers','OnlyTheseUsers','Inherit') DEFAULT 'Inherit',
  `ParentID` int(11) NOT NULL DEFAULT '0',
  PRIMARY KEY (`ID`),
  KEY `RecordID_Version` (`RecordID`,`Version`),
  KEY `RecordID` (`RecordID`),
  KEY `Version` (`Version`),
  KEY `AuthorID` (`AuthorID`),
  KEY `PublisherID` (`PublisherID`),
  KEY `ClassName` (`ClassName`),
  KEY `ParentID` (`ParentID`),
  KEY `URLSegment` (`URLSegment`)
) ENGINE=InnoDB AUTO_INCREMENT=33 DEFAULT CHARSET=utf8;
/*!40101 SET character_set_client = @saved_cs_client */;

--
-- Dumping data for table `SiteTree_Versions`
--

LOCK TABLES `SiteTree_Versions` WRITE;
/*!40000 ALTER TABLE `SiteTree_Versions` DISABLE KEYS */;
INSERT INTO `SiteTree_Versions` VALUES (1,1,1,1,0,0,'Page','2017-09-12 11:04:00','2017-09-12 11:04:00','home','Home',NULL,'<p>Welcome to SilverStripe! This is the default homepage. You can edit this page by opening <a href=\"admin/\">the CMS</a>.</p><p>You can now access the <a href=\"http://docs.silverstripe.org\">developer documentation</a>, or begin the <a href=\"http://www.silverstripe.org/learn/lessons\">SilverStripe lessons</a>.</p>',NULL,NULL,1,1,1,0,0,NULL,'Inherit','Inherit',0),(2,2,1,1,0,0,'Page','2017-09-12 11:04:00','2017-09-12 11:04:00','about-us','About Us',NULL,'<p>You can fill this page out with your own content, or delete it and create your own pages.</p>',NULL,NULL,1,1,2,0,0,NULL,'Inherit','Inherit',0),(3,3,1,1,0,0,'Page','2017-09-12 11:04:00','2017-09-12 11:04:00','contact-us','Contact Us',NULL,'<p>You can fill this page out with your own content, or delete it and create your own pages.</p>',NULL,NULL,1,1,3,0,0,NULL,'Inherit','Inherit',0),(4,4,1,1,0,0,'SilverStripe\\ErrorPage\\ErrorPage','2017-09-12 11:04:00','2017-09-12 11:04:00','page-not-found','Page not found',NULL,'<p>Sorry, it seems you were trying to access a page that doesn\'t exist.</p><p>Please check the spelling of the URL you were trying to access and try again.</p>',NULL,NULL,0,0,4,0,0,NULL,'Inherit','Inherit',0),(5,5,1,1,0,0,'SilverStripe\\ErrorPage\\ErrorPage','2017-09-12 11:04:00','2017-09-12 11:04:00','server-error','Server error',NULL,'<p>Sorry, there was a problem with handling your request.</p>',NULL,NULL,0,0,5,0,0,NULL,'Inherit','Inherit',0),(6,1,2,1,1,1,'SilverStripe\\Lessons\\HomePage','2017-09-12 15:51:22','2017-09-12 11:04:00','home','Home',NULL,'<p>Welcome to SilverStripe! This is the default homepage. You can edit this page by opening <a href=\"admin/\">the CMS</a>.</p><p>You can now access the <a href=\"http://docs.silverstripe.org\">developer documentation</a>, or begin the <a href=\"http://www.silverstripe.org/learn/lessons\">SilverStripe lessons</a>.</p>',NULL,NULL,1,1,1,0,0,NULL,'Inherit','Inherit',0),(7,6,1,0,1,0,'Page','2017-09-13 11:36:49','2017-09-13 11:36:49','new-page','New Page',NULL,NULL,NULL,NULL,1,1,6,0,0,NULL,'Inherit','Inherit',0),(8,7,1,0,1,0,'Page','2017-09-13 11:38:12','2017-09-13 11:38:12','new-page-2','New Page',NULL,NULL,NULL,NULL,1,1,7,0,0,NULL,'Inherit','Inherit',0),(9,7,2,1,1,1,'Page','2017-09-13 11:38:20','2017-09-13 11:38:12','list-your-rental','List Your Rental',NULL,NULL,NULL,NULL,1,1,7,0,0,NULL,'Inherit','Inherit',0),(10,6,2,1,1,1,'Page','2017-09-13 11:38:28','2017-09-13 11:36:49','find-a-rental','Find a Rental',NULL,NULL,NULL,NULL,1,1,6,0,0,NULL,'Inherit','Inherit',0),(11,8,1,0,1,0,'Page','2017-09-13 11:38:38','2017-09-13 11:38:38','new-page','New Page',NULL,NULL,NULL,NULL,1,1,8,0,0,NULL,'Inherit','Inherit',0),(12,8,2,1,1,1,'Page','2017-09-13 11:38:43','2017-09-13 11:38:38','regions','Regions',NULL,NULL,NULL,NULL,1,1,8,0,0,NULL,'Inherit','Inherit',0),(13,9,1,0,1,0,'Page','2017-09-13 11:38:51','2017-09-13 11:38:51','new-page','New Page',NULL,NULL,NULL,NULL,1,1,9,0,0,NULL,'Inherit','Inherit',0),(14,9,2,1,1,1,'Page','2017-09-13 11:39:03','2017-09-13 11:38:51','travel-guides','Travel Guides',NULL,NULL,NULL,NULL,1,1,9,0,0,NULL,'Inherit','Inherit',0),(15,9,3,1,1,1,'SilverStripe\\Lessons\\ArticleHolder','2017-09-13 11:39:12','2017-09-13 11:38:51','travel-guides','Travel Guides',NULL,NULL,NULL,NULL,1,1,9,0,0,NULL,'Inherit','Inherit',0),(16,2,2,0,1,0,'Page','2017-09-13 11:39:19','2017-09-12 11:04:00','about-us','About Us',NULL,'<p>You can fill this page out with your own content, or delete it and create your own pages.</p>',NULL,NULL,1,1,8,0,0,NULL,'Inherit','Inherit',0),(17,6,3,1,1,1,'Page','2017-09-13 11:39:25','2017-09-13 11:36:49','find-a-rental','Find a Rental',NULL,NULL,NULL,NULL,1,1,2,0,0,NULL,'Inherit','Inherit',0),(18,7,3,0,1,0,'Page','2017-09-13 11:39:28','2017-09-13 11:38:12','list-your-rental','List Your Rental',NULL,NULL,NULL,NULL,1,1,3,0,0,NULL,'Inherit','Inherit',0),(19,8,3,0,1,0,'Page','2017-09-13 11:39:32','2017-09-13 11:38:38','regions','Regions',NULL,NULL,NULL,NULL,1,1,4,0,0,NULL,'Inherit','Inherit',0),(20,9,4,0,1,0,'SilverStripe\\Lessons\\ArticleHolder','2017-09-13 11:39:33','2017-09-13 11:38:51','travel-guides','Travel Guides',NULL,NULL,NULL,NULL,1,1,5,0,0,NULL,'Inherit','Inherit',0),(21,2,3,1,1,1,'Page','2017-09-13 11:39:36','2017-09-12 11:04:00','about-us','About Us',NULL,'<p>You can fill this page out with your own content, or delete it and create your own pages.</p>',NULL,NULL,1,1,6,0,0,NULL,'Inherit','Inherit',0),(22,7,4,1,1,1,'Page','2017-09-13 11:40:05','2017-09-13 11:38:12','list-your-rental','List Your Rental',NULL,NULL,NULL,NULL,1,1,3,0,0,NULL,'Inherit','Inherit',0),(23,8,4,1,1,1,'Page','2017-09-13 11:40:09','2017-09-13 11:38:38','regions','Regions',NULL,NULL,NULL,NULL,1,1,4,0,0,NULL,'Inherit','Inherit',0),(24,9,5,1,1,1,'SilverStripe\\Lessons\\ArticleHolder','2017-09-13 11:40:15','2017-09-13 11:38:51','travel-guides','Travel Guides',NULL,NULL,NULL,NULL,1,1,5,0,0,NULL,'Inherit','Inherit',0),(25,10,1,0,1,0,'SilverStripe\\Lessons\\ArticlePage','2017-09-13 11:42:07','2017-09-13 11:42:07','new-article-page','New Article Page',NULL,NULL,NULL,NULL,1,1,1,0,0,NULL,'Inherit','Inherit',9),(26,10,2,1,1,1,'SilverStripe\\Lessons\\ArticlePage','2017-09-13 11:42:26','2017-09-13 11:42:07','sample-article-1','Sample Article 1',NULL,'<p>This is sample article 1.</p>',NULL,NULL,1,1,1,0,0,NULL,'Inherit','Inherit',9),(27,11,1,0,1,0,'SilverStripe\\Lessons\\ArticlePage','2017-09-13 11:42:29','2017-09-13 11:42:29','new-article-page','New Article Page',NULL,NULL,NULL,NULL,1,1,2,0,0,NULL,'Inherit','Inherit',9),(28,11,2,1,1,1,'SilverStripe\\Lessons\\ArticlePage','2017-09-13 11:42:48','2017-09-13 11:42:29','sample-article-2','Sample Article 2',NULL,'<p>This is sample article 2.</p>',NULL,NULL,1,1,2,0,0,NULL,'Inherit','Inherit',9),(29,10,3,1,1,1,'SilverStripe\\Lessons\\ArticlePage','2017-09-13 12:54:14','2017-09-13 11:42:07','sample-article-1','Sample Article 1',NULL,'<p>This is sample article 1.</p>',NULL,NULL,1,1,1,0,0,NULL,'Inherit','Inherit',9),(30,10,4,1,1,1,'SilverStripe\\Lessons\\ArticlePage','2017-09-13 13:48:49','2017-09-13 11:42:07','sample-article-1','Sample Article 1',NULL,'<p>This is sample article 1.</p>',NULL,NULL,1,1,1,0,0,NULL,'Inherit','Inherit',9),(31,11,3,1,1,1,'SilverStripe\\Lessons\\ArticlePage','2017-09-13 13:49:05','2017-09-13 11:42:29','sample-article-2','Sample Article 2',NULL,'<p>This is sample article 2.</p>',NULL,NULL,1,1,2,0,0,NULL,'Inherit','Inherit',9),(32,8,5,1,1,1,'SilverStripe\\Lessons\\RegionsPage','2017-09-14 12:57:55','2017-09-13 11:38:38','regions','Regions',NULL,NULL,NULL,NULL,1,1,4,0,0,NULL,'Inherit','Inherit',0);
/*!40000 ALTER TABLE `SiteTree_Versions` ENABLE KEYS */;
UNLOCK TABLES;

--
-- Table structure for table `SiteTree_ViewerGroups`
--

DROP TABLE IF EXISTS `SiteTree_ViewerGroups`;
/*!40101 SET @saved_cs_client     = @@character_set_client */;
/*!40101 SET character_set_client = utf8 */;
CREATE TABLE `SiteTree_ViewerGroups` (
  `ID` int(11) NOT NULL AUTO_INCREMENT,
  `SiteTreeID` int(11) NOT NULL DEFAULT '0',
  `GroupID` int(11) NOT NULL DEFAULT '0',
  PRIMARY KEY (`ID`),
  KEY `SiteTreeID` (`SiteTreeID`),
  KEY `GroupID` (`GroupID`)
) ENGINE=InnoDB DEFAULT CHARSET=utf8;
/*!40101 SET character_set_client = @saved_cs_client */;

--
-- Dumping data for table `SiteTree_ViewerGroups`
--

LOCK TABLES `SiteTree_ViewerGroups` WRITE;
/*!40000 ALTER TABLE `SiteTree_ViewerGroups` DISABLE KEYS */;
/*!40000 ALTER TABLE `SiteTree_ViewerGroups` ENABLE KEYS */;
UNLOCK TABLES;

--
-- Table structure for table `VirtualPage`
--

DROP TABLE IF EXISTS `VirtualPage`;
/*!40101 SET @saved_cs_client     = @@character_set_client */;
/*!40101 SET character_set_client = utf8 */;
CREATE TABLE `VirtualPage` (
  `ID` int(11) NOT NULL AUTO_INCREMENT,
  `VersionID` int(11) NOT NULL DEFAULT '0',
  `CopyContentFromID` int(11) NOT NULL DEFAULT '0',
  PRIMARY KEY (`ID`),
  KEY `CopyContentFromID` (`CopyContentFromID`)
) ENGINE=InnoDB DEFAULT CHARSET=utf8;
/*!40101 SET character_set_client = @saved_cs_client */;

--
-- Dumping data for table `VirtualPage`
--

LOCK TABLES `VirtualPage` WRITE;
/*!40000 ALTER TABLE `VirtualPage` DISABLE KEYS */;
/*!40000 ALTER TABLE `VirtualPage` ENABLE KEYS */;
UNLOCK TABLES;

--
-- Table structure for table `VirtualPage_Live`
--

DROP TABLE IF EXISTS `VirtualPage_Live`;
/*!40101 SET @saved_cs_client     = @@character_set_client */;
/*!40101 SET character_set_client = utf8 */;
CREATE TABLE `VirtualPage_Live` (
  `ID` int(11) NOT NULL AUTO_INCREMENT,
  `VersionID` int(11) NOT NULL DEFAULT '0',
  `CopyContentFromID` int(11) NOT NULL DEFAULT '0',
  PRIMARY KEY (`ID`),
  KEY `CopyContentFromID` (`CopyContentFromID`)
) ENGINE=InnoDB DEFAULT CHARSET=utf8;
/*!40101 SET character_set_client = @saved_cs_client */;

--
-- Dumping data for table `VirtualPage_Live`
--

LOCK TABLES `VirtualPage_Live` WRITE;
/*!40000 ALTER TABLE `VirtualPage_Live` DISABLE KEYS */;
/*!40000 ALTER TABLE `VirtualPage_Live` ENABLE KEYS */;
UNLOCK TABLES;

--
-- Table structure for table `VirtualPage_Versions`
--

DROP TABLE IF EXISTS `VirtualPage_Versions`;
/*!40101 SET @saved_cs_client     = @@character_set_client */;
/*!40101 SET character_set_client = utf8 */;
CREATE TABLE `VirtualPage_Versions` (
  `ID` int(11) NOT NULL AUTO_INCREMENT,
  `RecordID` int(11) NOT NULL DEFAULT '0',
  `Version` int(11) NOT NULL DEFAULT '0',
  `VersionID` int(11) NOT NULL DEFAULT '0',
  `CopyContentFromID` int(11) NOT NULL DEFAULT '0',
  PRIMARY KEY (`ID`),
  UNIQUE KEY `RecordID_Version` (`RecordID`,`Version`),
  KEY `RecordID` (`RecordID`),
  KEY `Version` (`Version`),
  KEY `CopyContentFromID` (`CopyContentFromID`)
) ENGINE=InnoDB DEFAULT CHARSET=utf8;
/*!40101 SET character_set_client = @saved_cs_client */;

--
-- Dumping data for table `VirtualPage_Versions`
--

LOCK TABLES `VirtualPage_Versions` WRITE;
/*!40000 ALTER TABLE `VirtualPage_Versions` DISABLE KEYS */;
/*!40000 ALTER TABLE `VirtualPage_Versions` ENABLE KEYS */;
UNLOCK TABLES;
/*!40103 SET TIME_ZONE=@OLD_TIME_ZONE */;

/*!40101 SET SQL_MODE=@OLD_SQL_MODE */;
/*!40014 SET FOREIGN_KEY_CHECKS=@OLD_FOREIGN_KEY_CHECKS */;
/*!40014 SET UNIQUE_CHECKS=@OLD_UNIQUE_CHECKS */;
/*!40101 SET CHARACTER_SET_CLIENT=@OLD_CHARACTER_SET_CLIENT */;
/*!40101 SET CHARACTER_SET_RESULTS=@OLD_CHARACTER_SET_RESULTS */;
/*!40101 SET COLLATION_CONNECTION=@OLD_COLLATION_CONNECTION */;
/*!40111 SET SQL_NOTES=@OLD_SQL_NOTES */;

-- Dump completed on 2017-09-14 16:54:34
